title,year,genres,budget,box_office,vote_count,runtime,production_companies,release_month,poster_url,original_language,roi,success_label,imdb_rating,profit
Surajmukhi,1950,Drama,0,0,0,0,Madhuban's,12,https://image.tmdb.org/t/p/w500/lndoqGVTo57k1WS5kk0Yy8kV0Jd.jpg,hi,0.0,Flop,5.0,0
Nirala,1950,"Drama, Romance, Thriller",0,0,1,107,,6,https://image.tmdb.org/t/p/w500/2pgYDXDgMO9TmOeVILLV6P4Q8yb.jpg,hi,0.0,Flop,5.301029995663981,0
Hamara Ghar,1950,Unknown,0,0,0,134,Hindustan Chitra,10,https://image.tmdb.org/t/p/w500/cisnhBXPhP0onBztfrK4uMZFTii.jpg,hi,0.0,Flop,5.0,0
Anmol Ratan,1950,Unknown,0,0,0,115,,10,https://image.tmdb.org/t/p/w500/iLY6VL0j7WOEB1q06fMsj2ulJyT.jpg,hi,0.0,Flop,5.0,0
Biwi,1950,Unknown,0,0,0,112,,12,https://image.tmdb.org/t/p/w500/hRYxEVy7MmeBDxCc0LiebAtFlkU.jpg,hi,0.0,Flop,5.0,0
Sargam,1950,"Family, Drama",0,110000,0,135,"Filmistan Studios, Sasadhar Mukherjee Productions",12,https://image.tmdb.org/t/p/w500/ySgTqKxUE3LSQpJoYkxH4P7rc4h.jpg,hi,0.0,Flop,5.0,110000
Banwra,1950,Drama,0,0,0,148,Shree Durga Productions,12,https://image.tmdb.org/t/p/w500/ksMLcWkg4LZR9qNPxAukJaS9WGN.jpg,hi,0.0,Flop,5.0,0
Sangram,1950,Drama,0,0,1,139,,12,https://image.tmdb.org/t/p/w500/5s3pcVziuhwTvGiwQ65MfofaMu3.jpg,hi,0.0,Flop,5.301029995663981,0
Samadhi,1950,"Drama, History",0,0,0,156,Filmistan Studios,12,https://image.tmdb.org/t/p/w500/dLSJSSYva0IiMJIb8GObWDLuJIN.jpg,hi,0.0,Flop,5.0,0
Bijli,1950,Drama,0,0,0,0,Hindustan Chitra,9,https://image.tmdb.org/t/p/w500/9JFYM7TCyohbEMUVvJfF1PtkJ7h.jpg,hi,0.0,Flop,5.0,0
Babul,1950,Drama,0,0,0,142,"Famous Cine Laboratories & Studios, Sunny Art Productions",12,https://image.tmdb.org/t/p/w500/vAeOLlXuMPmvvv1csqcYclP7BKW.jpg,hi,0.0,Flop,5.0,0
Sheesh Mahal,1950,Drama,0,0,0,144,Minerva Movietone,12,https://image.tmdb.org/t/p/w500/ukCfvZbnHMOWrPbI0Z88R4PR3PW.jpg,hi,0.0,Flop,5.0,0
Hanste Ansu,1950,Drama,0,0,0,0,,12,https://image.tmdb.org/t/p/w500/460JSIHVKXwK2nVxoKMpaneADZI.jpg,hi,0.0,Flop,5.0,0
Arzoo,1950,"Drama, Romance",0,0,1,130,,6,https://image.tmdb.org/t/p/w500/vZkMqkNc7vBtq3dFqATl2CiFSgc.jpg,hi,0.0,Flop,5.301029995663981,0
Pardes,1950,Drama,0,0,0,128,All India Pictures,1,https://image.tmdb.org/t/p/w500/eVXNHjbaPveppoW8js9bx0n6l8D.jpg,hi,0.0,Flop,5.0,0
Pyar,1950,Drama,0,0,0,0,Sunrise Pictures,8,https://image.tmdb.org/t/p/w500/lKkKlreJ9MqfprcllkeWJEMNxhq.jpg,hi,0.0,Flop,5.0,0
Jogan,1950,"Romance, Drama",0,0,7,116,Shree Ranjit Movitone Co,2,https://image.tmdb.org/t/p/w500/8IVhJBteB6wptJrmnvWyCo6qGco.jpg,hi,0.0,Flop,5.903089986991944,0
Babla,1951,Unknown,0,0,0,114,Angel Digital Private Limited,12,https://image.tmdb.org/t/p/w500/gvC6cOoQujmfDHxyCiiP9GZ8XzQ.jpg,hi,0.0,Flop,5.0,0
Saagar,1951,Unknown,0,0,0,0,,3,https://image.tmdb.org/t/p/w500/5JwPpN0MPa64Hlnt6Kk6njdkTqB.jpg,hi,0.0,Flop,5.0,0
Nadaan,1951,Romance,0,0,0,119,,2,https://image.tmdb.org/t/p/w500/3qVMO6NRywJfLrOd5dFpcQbcPxG.jpg,hi,0.0,Flop,5.0,0
Badal,1951,Romance,0,0,1,137,Varma Films,9,https://image.tmdb.org/t/p/w500/fj4N0FE2Tb3VywZjQUww9yiI1W0.jpg,hi,0.0,Flop,5.301029995663981,0
Nazneen,1951,Unknown,0,0,0,126,All India Pictures,8,https://image.tmdb.org/t/p/w500/tH39woSWpLYgKgRaQpDq9Z4i9XA.jpg,hi,0.0,Flop,5.0,0
Naujawan,1951,Drama,0,0,0,131,,1,https://image.tmdb.org/t/p/w500/9vq8iLOnwIcXS2GI0fdKoDrqrQq.jpg,hi,0.0,Flop,5.0,0
Awaara,1951,"Drama, Music, Romance",0,0,63,168,"All India Film Corporation, R.K. Films",12,https://image.tmdb.org/t/p/w500/njaaQO1JZRtypogw5IPLtTlOSLI.jpg,hi,0.0,Flop,6.8061799739838875,0
Malhar,1951,"Drama, Family",0,0,0,120,Darling Films,10,https://image.tmdb.org/t/p/w500/7OIul8ZMfnNj24IaW6FN9mecqeT.jpg,hi,0.0,Flop,5.0,0
Do Sitare,1951,Unknown,0,0,0,132,Famous Pictures,6,https://image.tmdb.org/t/p/w500/ztKQivRS63Kwokaw31DH3IuFeQm.jpg,hi,0.0,Flop,5.0,0
Lav Kush,1951,Unknown,0,0,0,0,,1,https://image.tmdb.org/t/p/w500/xiOxMV7achKzn6J0zojbzIxkkGB.jpg,hi,0.0,Flop,5.0,0
Jadoo,1951,Unknown,0,0,0,137,"Kardar Productions, Musical Pictures",11,https://image.tmdb.org/t/p/w500/mb1FRUc8YBzvYHEapZNz3fg8PlP.jpg,hi,0.0,Flop,5.0,0
Nagina,1951,"Mystery, Romance, Thriller, Horror",0,0,1,136,Pancholi Productions,1,https://image.tmdb.org/t/p/w500/fYUuRh7m2deWoheAdHfR8Xr2Ldb.jpg,hi,0.0,Flop,5.301029995663981,0
Madhosh,1951,Unknown,0,0,1,128,Wadia Films Pvt. Ltd.,12,https://image.tmdb.org/t/p/w500/ju9q0WqHkVxV9Bwaac5tEgt5fd7.jpg,hi,0.0,Flop,5.301029995663981,0
Hamari Shaan,1951,"Family, Drama",0,0,0,123,,1,https://image.tmdb.org/t/p/w500/gXDjsTgcjghSDfWXHDU0jEJ2bCV.jpg,hi,0.0,Flop,5.0,0
Afsana,1951,Unknown,0,0,1,168,,1,https://image.tmdb.org/t/p/w500/4gAPjYGP22mwfLwhw5g0vb5KrrZ.jpg,hi,0.0,Flop,5.301029995663981,0
Hulchul,1951,Drama,0,0,0,132,,2,https://image.tmdb.org/t/p/w500/tWqDg0hSV6UlpXuONgfHFm8ycka.jpg,hi,0.0,Flop,5.0,0
Bahar,1951,Drama,0,0,0,170,,10,https://image.tmdb.org/t/p/w500/4sUEZUqoo4sz5Sht2tS4SRvAdmv.jpg,hi,0.0,Flop,5.0,0
Deedar,1951,Music,0,0,1,130,,1,https://image.tmdb.org/t/p/w500/urKmQOHkQ1LBkXv6oMOclsshjBE.jpg,hi,0.0,Flop,5.301029995663981,0
Saiyan,1951,Unknown,0,0,0,137,,9,https://image.tmdb.org/t/p/w500/5KoDLOry2Tm5a4y6Rz07nOiiXvs.jpg,hi,0.0,Flop,5.0,0
Khazana,1951,"Action, Adventure",0,0,0,118,Bakshi Brothers,4,https://image.tmdb.org/t/p/w500/s6ED7bk2HBMapJDo6lEqPeOVQ93.jpg,hi,0.0,Flop,5.0,0
Dholak,1951,Unknown,0,0,1,155,,7,https://image.tmdb.org/t/p/w500/xgbikmQ2VakKy8eH4XxkhGOrskj.jpg,hi,0.0,Flop,5.301029995663981,0
Sanam,1951,Unknown,0,0,0,120,United Technicians,7,,hi,0.0,Flop,5.0,0
Buzdil,1951,Unknown,0,0,0,0,Film Arts,11,https://image.tmdb.org/t/p/w500/bvSsnkzwdag9ooALDkprgV6daDg.jpg,hi,0.0,Flop,5.0,0
Sazaa,1951,Unknown,0,0,0,110,G. P. Productions,9,https://image.tmdb.org/t/p/w500/YwHOpr2bbkhUExOdA5a4nfxyq8.jpg,hi,0.0,Flop,5.0,0
Tarana,1951,Romance,0,0,1,0,,10,https://image.tmdb.org/t/p/w500/x4dXcfXqJokwzcAlCN6IAq3C231.jpg,hi,0.0,Flop,5.301029995663981,0
Sagai,1951,Drama,0,0,0,0,Varma Films,3,https://image.tmdb.org/t/p/w500/mz5XtWp1ZfEPNRRUFqvtKzzn8Bh.jpg,hi,0.0,Flop,5.0,0
Albela,1951,Unknown,0,0,2,158,,2,https://image.tmdb.org/t/p/w500/lpbgEJuXyJez5RDDbghiEHMFZJt.jpg,hi,0.0,Flop,5.477121254719663,0
Adaa,1951,Romance,0,0,0,0,Goel Cine Corporation,11,https://image.tmdb.org/t/p/w500/bl0I4Ay4L8MIknfkhVmgPkgkW0p.jpg,hi,0.0,Flop,5.0,0
Aaram,1951,"Drama, Romance",0,0,0,102,Kashyap Production,8,https://image.tmdb.org/t/p/w500/2Vtrw04XuO6FussRGUDAUMqR8Ba.jpg,hi,0.0,Flop,5.0,0
Jai Mahalakshmi,1951,Unknown,0,0,0,153,,11,https://image.tmdb.org/t/p/w500/exVmcyTXIwxabeQfu8rkQFZ2Ebw.jpg,hi,0.0,Flop,5.0,0
Pyar Ki Baten,1951,Unknown,0,0,0,0,,3,https://image.tmdb.org/t/p/w500/f2SkTsiESrIhwGR9KS0J8wyjJXQ.jpg,hi,0.0,Flop,5.0,0
Lakshmi Narayan,1951,Unknown,0,0,0,147,,11,https://image.tmdb.org/t/p/w500/yHEnbgWs9XLGsFd8vOO0waQTY2Q.jpg,hi,0.0,Flop,5.0,0
Hum Log,1951,Drama,0,0,2,0,India Film Exchange,9,https://image.tmdb.org/t/p/w500/3ExmQNdUHmvPamycvrh8xkwhu0Q.jpg,hi,0.0,Flop,5.477121254719663,0
Ek Nazar,1951,"Drama, Romance",0,0,0,112,NH Studioz,10,https://image.tmdb.org/t/p/w500/biwDgW8RH8qZgu9FoN5HcrhVQN4.jpg,hi,0.0,Flop,5.0,0
Saudagar,1951,Drama,0,0,0,0,West Hind Pictures,7,https://image.tmdb.org/t/p/w500/xaGqz662ARF5MueZpMQkekEgfd2.jpg,hi,0.0,Flop,5.0,0
Kali Ghata,1951,Unknown,0,0,0,145,,7,https://image.tmdb.org/t/p/w500/3rtfgHUPrRziAQMRpcWqPxAScM7.jpg,hi,0.0,Flop,5.0,0
Rajput,1951,Unknown,0,0,0,0,Jubilee Pictures,3,https://image.tmdb.org/t/p/w500/ekLgTZsEieUAamVd6nZglzE7fHv.jpg,hi,0.0,Flop,5.0,0
Shokhiyan,1951,"Drama, Music, Romance, History",0,0,0,137,,1,https://image.tmdb.org/t/p/w500/9oj0JmiFxY7ZnWVi9fISSY8OD0p.jpg,hi,0.0,Flop,5.0,0
Stage,1951,Unknown,0,0,0,0,,11,https://image.tmdb.org/t/p/w500/jMpNncdJnjjY3nti9ekqQepfbTL.jpg,hi,0.0,Flop,5.0,0
Hanumaan Pataal Vijay,1951,Unknown,0,0,0,145,Wadia Films Pvt. Ltd.,3,https://image.tmdb.org/t/p/w500/d0DMaFiIVzCbU3qN3sZcqCmY6c5.jpg,hi,0.0,Flop,5.0,0
Daman,1951,Unknown,0,0,0,0,,6,https://image.tmdb.org/t/p/w500/yzKzXniSJPIYic7XEDON4hLCLNd.jpg,hi,0.0,Flop,5.0,0
Adiperaku,1951,Drama,0,0,0,0,,12,,hi,0.0,Flop,5.0,0
Shri Ganesh Janma,1951,Unknown,0,0,0,0,,1,,hi,0.0,Flop,5.0,0
Sangdil,1952,"Drama, Horror",0,0,1,150,,11,https://image.tmdb.org/t/p/w500/4GZWh21t0NZ0BfV7wqOUshmT6xY.jpg,hi,0.0,Flop,5.301029995663981,0
Insaan,1952,Unknown,0,0,0,0,,6,https://image.tmdb.org/t/p/w500/vdR6oQQfzcj0oTg4tQ5JWjYbJ2r.jpg,hi,0.0,Flop,5.0,0
Diwana,1952,Romance,0,0,0,144,,5,https://image.tmdb.org/t/p/w500/4MYrVWF54BmvrmhCNRz3aR66kmO.jpg,hi,0.0,Flop,5.0,0
Aan,1952,"Action, Adventure, Drama",0,0,6,161,Mehboob Productions,7,https://image.tmdb.org/t/p/w500/poBqq1SfO5WCVVyGGInrw1iLYOF.jpg,hi,0.0,Flop,5.845098040014257,0
Baiju Bawra,1952,"Music, Drama, Romance",0,17000000,6,165,Prakash Pictures,10,https://image.tmdb.org/t/p/w500/3WfK4t6FjLBV7L95SvbgthCOfVi.jpg,hi,0.0,Flop,5.845098040014257,17000000
Do Raha,1952,Drama,0,0,0,135,Progressive Pictures,8,https://image.tmdb.org/t/p/w500/iesFlY9FcwVDkwNwqMP4UhQYwBz.jpg,hi,0.0,Flop,5.0,0
Shisham,1952,"Drama, Family",0,0,0,0,Anil Pictures,1,https://image.tmdb.org/t/p/w500/m7vU2TQHnzoYIaaCtDPMvSo7TUI.jpg,hi,0.0,Flop,5.0,0
Jaal,1952,"Crime, Drama, Music, Thriller",0,0,1,115,,3,https://image.tmdb.org/t/p/w500/5YzDU3J6fIUZ583L6a8kIxT72ZM.jpg,hi,0.0,Flop,5.301029995663981,0
Aandhiyan,1952,Drama,0,0,0,136,Nakvetan Films,1,https://image.tmdb.org/t/p/w500/exqU2lIOmTaFWVZKSaM6urUm1I1.jpg,hi,0.0,Flop,5.0,0
Anand Math,1952,"Drama, History",0,0,2,176,Filmistan Studios,1,https://image.tmdb.org/t/p/w500/lZuxEFUDnbV20kS7VRwtYOgOsOb.jpg,hi,0.0,Flop,5.477121254719663,0
Maa,1952,"Drama, Romance",0,0,0,120,"The Bombay Talkies Ltd., The Bombay Talkies Studios",5,https://image.tmdb.org/t/p/w500/5wwtpzEllDJ6oZfDbCICGb3CQcp.jpg,hi,0.0,Flop,5.0,0
Anhonee,1952,"Drama, Romance, Thriller",0,0,3,132,Naya Sansar,10,https://image.tmdb.org/t/p/w500/8wUQx8BV5yEL24A7Dszf0BbQnLn.jpg,hi,0.0,Flop,5.6020599913279625,0
Mr. Sampat,1952,Comedy,0,0,0,165,Gemini Studios,12,https://image.tmdb.org/t/p/w500/eYjLf86yrUUIeUP26cxKMFXa1w7.jpg,hi,0.0,Flop,5.0,0
Shrimati Ji,1952,Unknown,0,0,1,0,,1,https://image.tmdb.org/t/p/w500/m3iAfP9HjmFrD9hdeiQpMShsniQ.jpg,hi,0.0,Flop,5.301029995663981,0
Daag,1952,"Drama, Romance",0,0,1,149,,7,https://image.tmdb.org/t/p/w500/rz943lhyJtZSjXscv6g2Rz6A3Z8.jpg,hi,0.0,Flop,5.301029995663981,0
Moti Mahal,1952,"Mystery, Horror",0,0,0,0,Nigaristan Films,1,https://image.tmdb.org/t/p/w500/f0owiyaTcfUHklABbMIOif2zpAq.jpg,hi,0.0,Flop,5.0,0
Chham Chhama Chham,1952,Comedy,0,0,0,0,,10,https://image.tmdb.org/t/p/w500/rH1tzszdb4VRYzdlTLgaWShDbPY.jpg,hi,0.0,Flop,5.0,0
Shin Shinaki Boobla Boo,1952,Unknown,0,0,0,0,Santoshi Productions,5,https://image.tmdb.org/t/p/w500/f5cJXGaH5i56QiuVa8x8EEnRj3x.jpg,hi,0.0,Flop,5.0,0
Amber,1952,"Thriller, Action, Adventure, Drama, Romance",0,0,0,141,Jagat Pictures,1,https://image.tmdb.org/t/p/w500/nV0CKd8NG7267QfHxSGbEBXY91y.jpg,hi,0.0,Flop,5.0,0
Rangeeli,1952,Drama,0,0,0,150,M & T Films,1,https://image.tmdb.org/t/p/w500/e694avhfVgPZMA7QLvg4z9dP5Fk.jpg,hi,0.0,Flop,5.0,0
Shabash,1952,Unknown,0,0,0,0,,1,,hi,0.0,Flop,5.0,0
Bewafa,1952,"Drama, Romance",0,0,0,112,,1,https://image.tmdb.org/t/p/w500/v2k7FKRmWkkS9XMq1i6S1zqDrPp.jpg,hi,0.0,Flop,5.0,0
Aladdin and the Wonderful Lamp,1952,"Action, Adventure, Music, Romance",0,0,0,140,,6,https://image.tmdb.org/t/p/w500/xJESi2IJq6kfMs2iUiSc032k117.jpg,hi,0.0,Flop,5.0,0
Lal Kunwar,1952,Horror,0,0,0,0,N.V.M. Productions,1,https://image.tmdb.org/t/p/w500/l5bjbgaBIyrQIXH9d7sFekjNe7a.jpg,hi,0.0,Flop,5.0,0
Tamasha,1952,Drama,0,0,0,128,,1,https://image.tmdb.org/t/p/w500/8kyGKzw8u6JCVKYVfSN6sJQEbSd.jpg,hi,0.0,Flop,5.0,0
Parbat,1952,"Action, Drama",0,0,0,112,Varma Films,2,https://image.tmdb.org/t/p/w500/u7macMBNFxEDnkPGAUzckaUHoFk.jpg,hi,0.0,Flop,5.0,0
Shadow,1952,Drama,0,0,0,150,Rajkamal Kalamandir,1,https://image.tmdb.org/t/p/w500/FkcnVx2UYeU90sdpPhS1i0yB9L.jpg,hi,0.0,Flop,5.0,0
Saqi,1952,Unknown,0,0,0,0,,1,https://image.tmdb.org/t/p/w500/gXE7ql1cFen0QqHkxQhxdzi9McT.jpg,hi,0.0,Flop,5.0,0
Nirmohi,1952,Drama,0,0,0,0,Sheetal Movies,1,https://image.tmdb.org/t/p/w500/AiS2dMsawtCFlRAV2x1vhYbjgoW.jpg,hi,0.0,Flop,5.0,0
Hangama,1952,Drama,0,0,0,0,Gope Productions,1,https://image.tmdb.org/t/p/w500/dRxcCX2UgQg6s9qOUkKsVeXXBZH.jpg,hi,0.0,Flop,5.0,0
Raagrang,1952,Unknown,0,0,0,0,,1,,hi,0.0,Flop,5.0,0
Hyderabad Ki Nazneen,1952,Unknown,0,0,1,0,,1,https://image.tmdb.org/t/p/w500/9HaMbfujXkBxrvdXfkVSUcxZT1m.jpg,hi,0.0,Flop,5.301029995663981,0
Thokar,1953,"Drama, Family",0,0,0,140,NH Studioz,1,https://image.tmdb.org/t/p/w500/43at7T02Dz75Edu6awUycn0UPBu.jpg,hi,0.0,Flop,5.0,0
Gul Sanobar,1953,"Drama, Fantasy",0,0,0,0,"Basant Pictures, Super Pictures",1,https://image.tmdb.org/t/p/w500/ddgDJ8Gr8xsI2EuJomcFGLxUGXm.jpg,hi,0.0,Flop,5.0,0
Rahi,1953,Drama,0,0,0,139,"Dube Industries, Naya Sansar",8,https://image.tmdb.org/t/p/w500/ryFlsQ4dQpx4nwK2naBS1baoYYJ.jpg,hi,0.0,Flop,5.0,0
Gorilla,1953,"Adventure, Horror",0,0,0,0,Filmfair,1,https://image.tmdb.org/t/p/w500/mnIugPnGDb7SI80djLsrmSiqxQg.jpg,hi,0.0,Flop,5.0,0
Hazaar Raaten,1953,Drama,0,0,0,0,,1,https://image.tmdb.org/t/p/w500/xW4H5j2qXRgqwrJO9z0bkuqRWIv.jpg,hi,0.0,Flop,5.0,0
Aurat,1953,Unknown,0,0,1,153,,1,https://image.tmdb.org/t/p/w500/5dJPHqxWgJgofvmqBmSxi2ffNw3.jpg,hi,0.0,Flop,5.301029995663981,0
Naya Ghar,1953,Unknown,0,0,0,0,,1,https://image.tmdb.org/t/p/w500/s82S15PkRLao5A9oBDDjcPkJLbV.jpg,hi,0.0,Flop,5.0,0
Patita,1953,Unknown,0,0,1,143,,1,https://image.tmdb.org/t/p/w500/4YbmMYsf9aVcBzRVXVwlHcsr6Xo.jpg,hi,0.0,Flop,5.301029995663981,0
Jhansi Ki Rani,1953,"History, Drama",0,0,4,148,"Minerva Movietone, All India Film Corporation, Mehboob Productions",1,https://image.tmdb.org/t/p/w500/6a31Mi5aUNCNvHIWSoCy5p348ki.jpg,hi,0.0,Flop,5.698970004336019,0
Aah,1953,"Drama, Romance",0,0,0,146,R.K. Films,3,https://image.tmdb.org/t/p/w500/lte0e1hkcn9pGUFpydbvFOFCzxc.jpg,hi,0.0,Flop,5.0,0
Jeewan Jyoti,1953,Drama,0,0,2,128,Musical Pictures,6,https://image.tmdb.org/t/p/w500/ny5jmQys9xmv3BLPgLNh3laQzMP.jpg,hi,0.0,Flop,5.477121254719663,0
Anarkali,1953,"History, Romance, Music",0,0,0,175,,1,https://image.tmdb.org/t/p/w500/mSa2cDhgSLlKcE6yvmbCwPAoald.jpg,hi,0.0,Flop,5.0,0
Akash,1953,Unknown,0,0,0,0,,7,,hi,0.0,Flop,5.0,0
Teen Batti Char Raasta,1953,"Comedy, Drama",0,0,0,112,Rajkamal Kalamandir,2,https://image.tmdb.org/t/p/w500/l8inqRxIxSpRgklhYEEKfdyresN.jpg,hi,0.0,Flop,5.0,0
Two Acres of Land,1953,Drama,0,0,20,125,Bimal Roy Productions,1,https://image.tmdb.org/t/p/w500/t4blIwJ6HG9dqCSmifIhMsu4LvQ.jpg,hi,0.0,Flop,6.3222192947339195,0
Parineeta,1953,"Family, Drama",0,0,2,151,Ashok Kumar Productions,1,https://image.tmdb.org/t/p/w500/gAzin27BJYfZC1TCqeveJIIh09Q.jpg,hi,0.0,Flop,5.477121254719663,0
Footpath,1953,Drama,0,0,0,148,Shree Ranjit Movitone Co,10,https://image.tmdb.org/t/p/w500/pRCoypkmumIL0blsOGLz8jc828v.jpg,hi,0.0,Flop,5.0,0
Ladki,1953,Comedy,0,0,0,161,AVM Productions,1,https://image.tmdb.org/t/p/w500/sYUwnxb8q6s3ir9q8nMExULlrqv.jpg,hi,0.0,Flop,5.0,0
Laila Majnu,1953,"Romance, Drama",0,0,1,138,All India Pictures,12,https://image.tmdb.org/t/p/w500/u4tZhWzTTVv2oFk9MVMvFKYdPOn.jpg,hi,0.0,Flop,5.301029995663981,0
Shikast,1953,Drama,0,0,2,110,,9,https://image.tmdb.org/t/p/w500/rUrD4nCdUaLys2iLVkW64ssH6OH.jpg,hi,0.0,Flop,5.477121254719663,0
Ek Do Teen,1953,Unknown,0,0,1,140,,1,https://image.tmdb.org/t/p/w500/7vLYSAxqooUtX4omQTfAbybmclv.jpg,hi,0.0,Flop,5.301029995663981,0
Dhoon,1953,Unknown,0,0,1,0,,5,https://image.tmdb.org/t/p/w500/1wUH3b1dZEPKAoM2UlfbpYJMFzM.jpg,hi,0.0,Flop,5.301029995663981,0
Suhaag Sindoor,1953,Drama,0,0,0,0,"Rajkamal Kalamandir, Munshi Productions",1,https://image.tmdb.org/t/p/w500/pICqJDZM4mYo90mFlfhzpVBK6S5.jpg,hi,0.0,Flop,5.0,0
Shahenshah,1953,Unknown,0,0,0,0,G. P. Productions,12,https://image.tmdb.org/t/p/w500/yg5GEJGNmncYcE1r67c0ANj5R5p.jpg,hi,0.0,Flop,5.0,0
Paapi,1953,"Drama, Crime",0,0,1,111,Shree Ranjit Movitone Co,6,https://image.tmdb.org/t/p/w500/42dJDFPVKbFbtiIQDBuXe4FWARm.jpg,hi,0.0,Flop,5.301029995663981,0
Hamdard,1953,Drama,0,0,0,0,,1,,hi,0.0,Flop,5.0,0
Nagma,1953,Drama,0,0,0,139,Filmco,9,https://image.tmdb.org/t/p/w500/h1OoqNSH0wByliSBM7ERERAIxSC.jpg,hi,0.0,Flop,5.0,0
Aaghosh,1953,Drama,0,0,0,0,Nihal Film Corporation,1,https://image.tmdb.org/t/p/w500/p0Uf3U4CdBUT25ztj8iKmSyIwVY.jpg,hi,0.0,Flop,5.0,0
Rail Ka Dibba,1953,Drama,0,0,0,0,"Dube Industries, The Bombay Talkies Studios",6,https://image.tmdb.org/t/p/w500/KK4FYGGXCjCIwNZfVrgBZNw8u1.jpg,hi,0.0,Flop,5.0,0
The Falcon,1953,"Adventure, Drama, History",0,0,3,141,Guru Dutt Films Pvt. Ltd.,5,https://image.tmdb.org/t/p/w500/disokZeIT9DpRMxZtGTqGCIZVog.jpg,hi,0.0,Flop,5.6020599913279625,0
Six Years of Freedom,1953,"Documentary, History",0,0,0,12,Films Division of India,8,https://image.tmdb.org/t/p/w500/v0QT4n0tH6jaF5Cs5Q2b1rxnQzU.jpg,hi,0.0,Flop,5.0,0
Dil-E-Nadan,1953,Romance,0,0,0,142,,1,,hi,0.0,Flop,5.0,0
Jungle Ka Jawahar,1953,Adventure,0,0,0,140,"Ultra Media & Entertainment [IN], Basant Pictures",1,https://image.tmdb.org/t/p/w500/9NVdLT3CKNI0qKEs11ViBHh3khI.jpg,hi,0.0,Flop,5.0,0
Pichchi Pulliah,1953,Unknown,0,0,0,0,,1,,hi,0.0,Flop,5.0,0
Surang,1953,Drama,0,0,0,150,,9,https://image.tmdb.org/t/p/w500/wFSJbPZO8pfwqbJRyMjMOEybauX.jpg,hi,0.0,Flop,5.0,0
Meenar,1954,Mystery,0,0,0,2,,1,https://image.tmdb.org/t/p/w500/41luSBeyty6Z4bKk1JO1CxkNzRl.jpg,hi,0.0,Flop,5.0,0
Danka,1954,Unknown,0,0,0,0,,12,https://image.tmdb.org/t/p/w500/hya46R5uW0JLiMFdexuxrUYsVWp.jpg,hi,0.0,Flop,5.0,0
Baadbaan,1954,"Drama, Family",0,0,0,145,Bombay Talkies Workers Industrial Co-Operative Society [IN],6,https://image.tmdb.org/t/p/w500/cMTiun5FFzr52onR4eijDxugzZf.jpg,hi,0.0,Flop,5.0,0
Alibaba and 40 Thieves,1954,"Drama, Adventure, Fantasy",0,0,1,148,"Wadia Brothers Production, Basant Pictures",1,https://image.tmdb.org/t/p/w500/aPCqi50kwssWN4nut9fmEcPtM9Z.jpg,hi,0.0,Flop,5.301029995663981,0
Aar Paar,1954,"Drama, Romance, Crime",0,0,7,146,Guru Dutt Films Pvt. Ltd.,7,https://image.tmdb.org/t/p/w500/fp6kIni6k7X1ZJnH6oKNbwm8aZP.jpg,hi,0.0,Flop,5.903089986991944,0
Subah Ka Tara,1954,Romance,0,0,3,107,,1,,hi,0.0,Flop,5.6020599913279625,0
Taxi Driver,1954,"Romance, Music",0,0,6,133,,1,https://image.tmdb.org/t/p/w500/yUBnIW6mPcpZciNTjCXYSxRI83W.jpg,hi,0.0,Flop,5.845098040014257,0
Aulad,1954,Unknown,0,0,0,0,,1,https://image.tmdb.org/t/p/w500/aVRrBHeLO7Y8okE7Z0Uv8ljGXfF.jpg,hi,0.0,Flop,5.0,0
Biraj Bahu,1954,Drama,0,0,4,145,Hiten Chaudhury Productions,3,https://image.tmdb.org/t/p/w500/4NxXVFpSZZaZFC8HDo1DEMcpCVH.jpg,hi,0.0,Flop,5.698970004336019,0
Mayurpankh,1954,"Romance, Drama",0,0,0,106,,4,https://image.tmdb.org/t/p/w500/e2ORXPjxH4kM47sTDS0hV283hA9.jpg,hi,0.0,Flop,5.0,0
Nastik,1954,Unknown,0,0,0,143,Filmistan Studios,1,https://image.tmdb.org/t/p/w500/qwxAGTHKzSHt5uinIToJcKRP1XU.jpg,hi,0.0,Flop,5.0,0
Chandni Chowk,1954,Unknown,0,0,0,121,,6,https://image.tmdb.org/t/p/w500/4tSMYu0AzjN9pbw8cbu1y8OgmBE.jpg,hi,0.0,Flop,5.0,0
Chor Bazar,1954,"Drama, Comedy",0,0,0,127,,1,https://image.tmdb.org/t/p/w500/dJJnI3Qwtwko9GlGMmlmmaxbG4s.jpg,hi,0.0,Flop,5.0,0
Waris,1954,Drama,0,0,0,122,Minerva Movietone,1,https://image.tmdb.org/t/p/w500/duEWW3kUaFctjGQWhXlbGeFXRYZ.jpg,hi,0.0,Flop,5.0,0
Angarey,1954,Drama,0,0,0,0,,1,https://image.tmdb.org/t/p/w500/afF4LQr36l4OLFPFtRkr7axiTBL.jpg,hi,0.0,Flop,5.0,0
Shri Chaitanya Mahaprabhu,1954,Drama,0,0,0,155,Prakash Pictures,7,https://image.tmdb.org/t/p/w500/qVXjhQ5tXnhGbuFIbNjIGhOyoBE.jpg,hi,0.0,Flop,5.0,0
Mastana,1954,Unknown,0,0,0,0,,1,https://image.tmdb.org/t/p/w500/d1sQkdNLSfrtmZwGUaWK4vGEKAO.jpg,hi,0.0,Flop,5.0,0
Amar,1954,"Romance, Music",0,0,0,149,Mehboob Productions,10,https://image.tmdb.org/t/p/w500/sDfE3lx56lizewKXPvooL45bgln.jpg,hi,0.0,Flop,5.0,0
Nagin,1954,Unknown,0,0,0,139,Filmistan Studios,3,https://image.tmdb.org/t/p/w500/8gzpR3gaXUiLSMpWuYoAPfYpm9f.jpg,hi,0.0,Flop,5.0,0
Bahut Din Hue,1954,"Adventure, Drama, Fantasy",0,0,0,0,Gemini Studios,3,https://image.tmdb.org/t/p/w500/Afrb5iTU0m98BxwtyRfNocMewhG.jpg,hi,0.0,Flop,5.0,0
Kashti,1954,"Drama, Family",0,0,0,129,Film Trust of India,5,https://image.tmdb.org/t/p/w500/4RbuHZGeBOUSeTNXqE5wuEgmG75.jpg,hi,0.0,Flop,5.0,0
Naukari,1954,Drama,0,0,4,136,Bimal Roy Productions,10,https://image.tmdb.org/t/p/w500/2697zjJD3sbR2q4ilEBhOQWN4Yl.jpg,hi,0.0,Flop,5.698970004336019,0
Mehbooba,1954,"Adventure, Romance",0,0,1,0,K. Amarnath Productions,1,https://image.tmdb.org/t/p/w500/ttJiKgdKrMCKPcyeNi5NTdu7R40.jpg,hi,0.0,Flop,5.301029995663981,0
Lakeeren,1954,Unknown,0,0,0,0,,1,,hi,0.0,Flop,5.0,0
Noor Mahal,1954,"Horror, Drama",0,0,0,0,Shah Pictures,1,,hi,0.0,Flop,5.0,0
Parichay,1954,Drama,0,0,0,0,J. J. Films,12,https://image.tmdb.org/t/p/w500/vAkGZsq58RUqfrwgqDB55XAQvFM.jpg,hi,0.0,Flop,5.0,0
Samrat,1954,Drama,0,0,0,0,Filmistan Studios,1,https://image.tmdb.org/t/p/w500/A2GNuEsvjRFbTN8jSotPllk78mm.jpg,hi,0.0,Flop,5.0,0
Ramayan,1954,Drama,0,0,0,132,,1,,hi,0.0,Flop,5.0,0
Pamposh,1954,Drama,0,0,1,70,,4,https://image.tmdb.org/t/p/w500/c0b1QwwmfbvbdkvsgIpsokrZF2O.jpg,hi,0.0,Flop,5.301029995663981,0
Ehsan,1954,Drama,0,0,0,0,Mohla Films,1,https://image.tmdb.org/t/p/w500/c6BE9vTa6Iyamj0quX8Q24cILJm.jpg,hi,0.0,Flop,5.0,0
Realm of Sound,1954,Unknown,0,0,0,18,,1,https://image.tmdb.org/t/p/w500/pfWoub7JY332I4RMAA4ijClGJp4.jpg,hi,0.0,Flop,5.0,0
Yasmin,1955,Romance,0,0,0,124,,1,https://image.tmdb.org/t/p/w500/hR9W4SbM1RAXKrySs7RoDloysIH.jpg,hi,0.0,Flop,5.0,0
Vachan,1955,Unknown,0,0,0,118,,10,https://image.tmdb.org/t/p/w500/4tbtzbatXjNJHLzBwfJ66CAuvTP.jpg,hi,0.0,Flop,5.0,0
Shree 420,1955,"Romance, Drama, Comedy",0,0,17,168,R.K. Films,9,https://image.tmdb.org/t/p/w500/3AX4gqdAhrmGsSy0taHLAAQA7NI.jpg,hi,0.0,Flop,6.2552725051033065,0
Jashan,1955,Unknown,0,0,0,0,,1,,hi,0.0,Flop,5.0,0
Mr. & Mrs. '55,1955,"Comedy, Romance, Drama",0,0,11,157,Guru Dutt Films Pvt. Ltd.,2,https://image.tmdb.org/t/p/w500/mMtqBKVa259av6t8vKE4J57hI7M.jpg,hi,0.0,Flop,6.079181246047625,0
Devdas,1955,"Music, Drama, Romance",0,0,24,159,"Mohan Films, Bimal Roy Productions",12,https://image.tmdb.org/t/p/w500/zqzS4zlFbZKPoCZb8GZErRc8S7.jpg,hi,0.0,Flop,6.3979400086720375,0
Char Paise,1955,"Action, Crime, Drama, Thriller",0,0,0,123,,1,https://image.tmdb.org/t/p/w500/AdtDmidRP9omHVtDy1PoYocOyyD.jpg,hi,0.0,Flop,5.0,0
Garam Coat,1955,Drama,0,0,0,129,,2,https://image.tmdb.org/t/p/w500/o3u2WDYf4JSIT8lWGFRCEyBzMF6.jpg,hi,0.0,Flop,5.0,0
Marine Drive,1955,Unknown,0,0,0,0,Sippy Films,1,https://image.tmdb.org/t/p/w500/3OK80FYQxlzqmFKUMdCnRySBp2V.jpg,hi,0.0,Flop,5.0,0
Insaniyat,1955,"Action, Drama, Romance",0,0,0,185,Gemini Studios,9,https://image.tmdb.org/t/p/w500/b2O5b7ea6qOOHYIp00aNOp6wxfT.jpg,hi,0.0,Flop,5.0,0
Baap Re Baap,1955,Unknown,0,0,0,130,Kardar Productions,1,https://image.tmdb.org/t/p/w500/ccLWRE51SPNkt64jZEbHPErNNBT.jpg,hi,0.0,Flop,5.0,0
Kundan,1955,Drama,0,0,1,121,Minerva Movietone,1,https://image.tmdb.org/t/p/w500/lM67FrtEIKn2b0BYDUI9EWjpeUF.jpg,hi,0.0,Flop,5.301029995663981,0
Abe Hayat,1955,"Action, Adventure, Fantasy",0,0,0,140,Filmistan Studios,1,https://image.tmdb.org/t/p/w500/oJUgBFcgT9RySztnD23vUW0TmY9.jpg,hi,0.0,Flop,5.0,0
Munimji,1955,"Comedy, Romance, Music",0,0,3,163,Filmistan Studios,1,https://image.tmdb.org/t/p/w500/cSkebXELjhbemkGZb7lU5T1ivLn.jpg,hi,0.0,Flop,5.6020599913279625,0
Adl-e-Jehangir,1955,Unknown,0,0,0,150,,1,https://image.tmdb.org/t/p/w500/lIEcAjJSP3Cawm9Nbm2rWyKMbSk.jpg,hi,0.0,Flop,5.0,0
Lagan,1955,Romance,0,0,0,0,O.P. Films,1,,hi,0.0,Flop,5.0,0
House No. 44,1955,"Drama, Crime",0,0,0,113,,1,https://image.tmdb.org/t/p/w500/3vxAmhOudn6jw80pdF1SkoQ2Ghe.jpg,hi,0.0,Flop,5.0,0
Naqab,1955,"Romance, Fantasy",0,0,0,130,NH Studioz,6,https://image.tmdb.org/t/p/w500/cI14p4xZS1u0pJ2P29KjEcpWBsA.jpg,hi,0.0,Flop,5.0,0
Seema,1955,Drama,0,0,2,141,Mars & Movies Productions,1,https://image.tmdb.org/t/p/w500/aQsmRYhTUflayyznmNpDcDT7XRb.jpg,hi,0.0,Flop,5.477121254719663,0
Miss Coca Cola,1955,"Romance, Crime",0,0,0,0,,1,https://image.tmdb.org/t/p/w500/zLSvKjvWrYnsOQJKnCdxT25x9wN.jpg,hi,0.0,Flop,5.0,0
Railway Platform,1955,"Comedy, Drama",0,0,0,162,,1,https://image.tmdb.org/t/p/w500/2Rm0wl5RspeoNs1L9nMyV6X80Y.jpg,hi,0.0,Flop,5.0,0
Milap,1955,"Crime, Drama",0,0,1,0,,1,https://image.tmdb.org/t/p/w500/9sqoxEvrEEfHavKSzb3uJK9uxBO.jpg,hi,0.0,Flop,5.301029995663981,0
Jhanak Jhanak Payal Baaje,1955,"Romance, Drama, Music",0,0,2,143,Rajkamal Kala Mandir,5,https://image.tmdb.org/t/p/w500/cKsFF6Zg1etQ0B4IWz5bQSKDBtH.jpg,hi,0.0,Flop,5.477121254719663,0
Amanat,1955,Unknown,0,0,0,0,,10,https://image.tmdb.org/t/p/w500/mmB02uqrPGW0n40vs2Sx6EjaOAD.jpg,hi,0.0,Flop,5.0,0
Jaagrti,1955,"Family, Comedy, Drama",0,0,0,137,"Filmistan Studios, Sasadhar Mukherjee Productions",2,https://image.tmdb.org/t/p/w500/j85m2WMNV41mGuBCD5B8w1CGXZK.jpg,hi,0.0,Flop,5.0,0
Azaad,1955,"Action, Adventure, Comedy",0,0,0,163,,3,https://image.tmdb.org/t/p/w500/3kaiRkQ4fiHZ6AXDsNWJUoyexgd.jpg,hi,0.0,Flop,5.0,0
Daku,1955,Action,0,0,0,120,Basant Pictures,1,https://image.tmdb.org/t/p/w500/1KRvo4LNLHbPb0AiZtAuoGdE0SO.jpg,hi,0.0,Flop,5.0,0
Places of Historic Interest in Bihar,1955,Documentary,0,0,0,14,,6,,hi,0.0,Flop,5.0,0
Naata,1955,Unknown,0,0,0,0,,1,https://image.tmdb.org/t/p/w500/qWD5IV4eD2jzLyPdN1WK7LwuIzP.jpg,hi,0.0,Flop,5.0,0
Ratna Manjari,1955,Drama,0,0,0,0,,10,https://image.tmdb.org/t/p/w500/uWkjspXh8LeCnEqdZPDy7ixmWBS.jpg,hi,0.0,Flop,5.0,0
Uran Khatola,1955,Unknown,0,0,1,0,,1,https://image.tmdb.org/t/p/w500/8gSal6pACmyxVjkz4RLExDIRHgr.jpg,hi,0.0,Flop,5.301029995663981,0
Pehli Jhalak,1955,"Action, Comedy, Crime, Drama",0,0,0,156,Jagat Pictures,1,https://image.tmdb.org/t/p/w500/7W216D81xwButUOfLjxY2IMNJSh.jpg,hi,0.0,Flop,5.0,0
Tonga-Wali,1955,"Drama, Family",0,0,0,120,NH Studioz,1,https://image.tmdb.org/t/p/w500/kToYuL4VgbrAvW2DFg09BrvGVJy.jpg,hi,0.0,Flop,5.0,0
Faraar,1955,"History, Thriller, Romance, Drama",0,0,0,0,,1,https://image.tmdb.org/t/p/w500/1HNXsF8PBI6NLFnQu8VPxRmk1oJ.jpg,hi,0.0,Flop,5.0,0
Musafir Khana,1955,Unknown,0,0,1,0,,1,https://image.tmdb.org/t/p/w500/mO7r9nzwROB1AEVEj0fBi3h1sJx.jpg,hi,0.0,Flop,5.301029995663981,0
The Life of the Adivasis,1955,Documentary,0,0,0,15,,1,https://image.tmdb.org/t/p/w500/rVzexD72ixABXuIwHua069eWXuq.jpg,hi,0.0,Flop,5.0,0
Durgesh Nandini,1956,"Fantasy, Music, Drama",0,0,0,143,Filmistan Studios,1,https://image.tmdb.org/t/p/w500/if32YtviMMhTzaA3MRI1Okme1yg.jpg,hi,0.0,Flop,5.0,0
Anjaan,1956,"Comedy, Drama, Romance",0,0,0,128,,7,https://image.tmdb.org/t/p/w500/l2UKkgqhiag5pcGP6pkv2i6WmgO.jpg,hi,0.0,Flop,5.0,0
Parivar,1956,"Comedy, Drama",0,0,0,0,Bimal Roy Productions,1,https://image.tmdb.org/t/p/w500/nvqfUEM9gTtlgP5bgFxcPCrmAYf.jpg,hi,0.0,Flop,5.0,0
Sailaab,1956,"Family, Drama, Romance",0,0,0,135,,7,https://image.tmdb.org/t/p/w500/s3SqFvcFkGvPo1oM31ggxK46EMg.jpg,hi,0.0,Flop,5.0,0
Bhagam Bhag,1956,Unknown,0,0,0,134,,1,https://image.tmdb.org/t/p/w500/8C6heiUMZ5Nu2nej9HnqzmH0u77.jpg,hi,0.0,Flop,5.0,0
Naya Andaz,1956,Romance,0,0,0,142,,1,https://image.tmdb.org/t/p/w500/gCpEY13K2QoK0x9s32B0zK9ZDSm.jpg,hi,0.0,Flop,5.0,0
Pocket Maar,1956,"Action, Crime, Drama",0,0,0,0,Black & White Movies,1,https://image.tmdb.org/t/p/w500/e7qVyu4QFm3e843s7MgRIIhBLqz.jpg,hi,0.0,Flop,5.0,0
Chori Chori,1956,"Romance, Drama, Comedy",0,0,3,158,AVM Productions,7,https://image.tmdb.org/t/p/w500/qLZyQFJhlpVdlEYTk3RMiWDXFg9.jpg,hi,0.0,Flop,5.6020599913279625,0
Chhoo Mantar,1956,"Comedy, Drama",0,0,0,134,,5,https://image.tmdb.org/t/p/w500/nvrA5JqrMpWye3RlVW3UdWGXdK7.jpg,hi,0.0,Flop,5.0,0
New Delhi,1956,"Romance, Drama",0,0,3,176,De Luxe Films,1,https://image.tmdb.org/t/p/w500/bVWsF52L4TJhdaDZ0w1CHW6VHKd.jpg,hi,0.0,Flop,5.6020599913279625,0
Hum Sab Chor Hain,1956,Comedy,0,0,0,117,Filmistan Studios,1,https://image.tmdb.org/t/p/w500/2Lv4hyz47APGeaYlw59bjQiinGb.jpg,hi,0.0,Flop,5.0,0
Basant Bahar,1956,"Music, Romance",0,0,0,150,,1,https://image.tmdb.org/t/p/w500/2KMX5dsE0WEl0qTs1JqYtT518WG.jpg,hi,0.0,Flop,5.0,0
Rangeen Raaten,1956,Unknown,0,0,1,141,,1,,hi,0.0,Flop,5.301029995663981,0
Ek-Hi-Rasta,1956,Drama,0,0,1,151,,1,https://image.tmdb.org/t/p/w500/cI3y2WYdemAdyOL85YJpg0v5JGF.jpg,hi,0.0,Flop,5.301029995663981,0
Bhai-Bhai,1956,Drama,0,0,0,120,AVM Productions,4,https://image.tmdb.org/t/p/w500/eB75jcn5wVh2l7pRp5hFElYGoYs.jpg,hi,0.0,Flop,5.0,0
Mr. Lambu,1956,"Drama, Action",0,0,0,0,,1,,hi,0.0,Flop,5.0,0
Bond,1956,Drama,0,0,0,130,,1,,hi,0.0,Flop,5.0,0
Inspector,1956,"Thriller, Mystery, Crime",0,0,0,124,,1,https://image.tmdb.org/t/p/w500/sDs0avIe1oCqq5RV3dwBMpXYhzq.jpg,hi,0.0,Flop,5.0,0
Devta,1956,Unknown,0,0,0,178,,1,https://image.tmdb.org/t/p/w500/bnHfj1oAFbQCCeK9qxBGSiuZBWW.jpg,hi,0.0,Flop,5.0,0
Hatim Tai,1956,"Adventure, Fantasy",0,0,0,142,Basant Pictures,1,,hi,0.0,Flop,5.0,0
Funtoosh,1956,"Comedy, Drama",0,0,0,118,Navketan Films,1,https://image.tmdb.org/t/p/w500/gj77sHJPpArt7tw76Gl7WgRpLwR.jpg,hi,0.0,Flop,5.0,0
Aawaz,1956,Unknown,0,0,0,146,,1,https://image.tmdb.org/t/p/w500/rtrJ9GuEyOEfcBmYi1hC5lrkzn2.jpg,hi,0.0,Flop,5.0,0
Mem Sahib,1956,Drama,0,0,1,133,NH Studioz,1,https://image.tmdb.org/t/p/w500/vaNxPfuFnqdMvxy7PSC1Rkx84Gq.jpg,hi,0.0,Flop,5.301029995663981,0
Shirin Farhad,1956,"Romance, Drama",0,0,0,124,,2,https://image.tmdb.org/t/p/w500/pUwVAW9VZyWNVpKTmgzZ8bqJxuq.jpg,hi,0.0,Flop,5.0,0
Dhola Maru,1956,Romance,0,0,0,0,,4,https://image.tmdb.org/t/p/w500/syjQmEPwLlwGwgxHYJCMMJFEia1.jpg,hi,0.0,Flop,5.0,0
Sipahsalar,1956,Action,0,0,0,0,Eagle Films,1,https://image.tmdb.org/t/p/w500/2XDzCSmQz1W0kfniedJJgU5a4p8.jpg,hi,0.0,Flop,5.0,0
Kismet ka Khel,1956,Unknown,0,0,0,137,,1,https://image.tmdb.org/t/p/w500/xGnj4Mhx1E4IbUIfT5h7wa7xbzt.jpg,hi,0.0,Flop,5.0,0
Delhi Durbar,1956,Unknown,0,0,0,0,Gandhi & Chokshi,6,https://image.tmdb.org/t/p/w500/iMyk2fWXuqL60KzlUchz7BCqPnZ.jpg,hi,0.0,Flop,5.0,0
Bharata Natyam,1956,Documentary,0,0,0,12,Films Division of India,6,,hi,0.0,Flop,5.0,0
Toofan Aur Diya,1956,Drama,0,0,1,121,Rajkamal Kalamandir,1,https://image.tmdb.org/t/p/w500/9VzCwWHPHfTj12cc5OK7LMOVpTy.jpg,hi,0.0,Flop,5.301029995663981,0
Patrani,1956,"History, Drama",0,0,0,0,,1,https://image.tmdb.org/t/p/w500/1Exsph3Ez56rvNDBnqFL9LM6yOs.jpg,hi,0.0,Flop,5.0,0
Raj Hath,1956,Unknown,0,0,1,150,Minerva Movietone,1,https://image.tmdb.org/t/p/w500/fE1p45sGTDDcchKBNONEzmUmcya.jpg,hi,0.0,Flop,5.301029995663981,0
Naya Aadmi,1956,Unknown,0,0,0,0,,1,,hi,0.0,Flop,5.0,0
Children of God,1956,Unknown,0,0,0,18,Films Division of India,1,,hi,0.0,Flop,5.0,0
Madurai of the Naiks,1956,Unknown,0,0,0,17,Films Division of India,3,,hi,0.0,Flop,5.0,0
Bada Bhai,1957,Unknown,0,0,0,0,,1,https://image.tmdb.org/t/p/w500/fLZkBhZPpFOcI22wafAm5PZYSvo.jpg,hi,0.0,Flop,5.0,0
Pyaasa,1957,"Drama, Romance",0,0,70,146,Guru Dutt Films Pvt. Ltd.,2,https://image.tmdb.org/t/p/w500/lQu1gBTKIF4BGC0f3GZPEbQYzWq.jpg,hi,0.0,Flop,6.8512583487190755,0
Mother India,1957,Drama,0,0,101,172,Mehboob Productions,2,https://image.tmdb.org/t/p/w500/AlfM9yLcK1rhv73iNbDiOU9vnnu.jpg,hi,0.0,Flop,7.008600171761918,0
Dushman,1957,Drama,0,0,0,134,,8,https://image.tmdb.org/t/p/w500/2xe5j1hMtRYQ9SwHfKdvrLEr6cn.jpg,hi,0.0,Flop,5.0,0
Ab Dilli Dur Nahin,1957,"Family, Drama",0,0,4,133,R.K. Films,1,https://image.tmdb.org/t/p/w500/9QVIiWekeQghuBNwqD4LKCyQEUJ.jpg,hi,0.0,Flop,5.698970004336019,0
Naya Daur,1957,Drama,0,0,2,173,B.R. Films (India),2,https://image.tmdb.org/t/p/w500/rurk32iOjcexNzUtHzOuSQoQYYd.jpg,hi,0.0,Flop,5.477121254719663,0
Do Ankhen Barah Haath,1957,"Thriller, Crime, Drama, Comedy",0,0,8,143,Rajkamal Kala Mandir,1,https://image.tmdb.org/t/p/w500/sNCB2fCGirspVTPPe0EEpK89ZrH.jpg,hi,0.0,Flop,5.954242509439325,0
Tumsa Nahin Dekha,1957,"Drama, Music, Romance",0,0,2,156,Filmistan Studios,10,https://image.tmdb.org/t/p/w500/mF2iw91OJUYdN9dSk4QUIu6wIXx.jpg,hi,0.0,Flop,5.477121254719663,0
Journey Beyond Three Seas,1957,"Adventure, History",0,0,7,144,"Naya Sansar, Mosfilm",12,https://image.tmdb.org/t/p/w500/7VgKdZ9J9H0Kl6JDOiwf0dS83jB.jpg,hi,0.0,Flop,5.903089986991944,0
Mr. X,1957,"Science Fiction, Mystery, Thriller, Horror",0,0,0,120,Sippy Films,7,https://image.tmdb.org/t/p/w500/ubAXxlmX6LZjIKXrcJObrDUR8lG.jpg,hi,0.0,Flop,5.0,0
Bansari Bala,1957,Romance,0,0,0,119,,1,https://image.tmdb.org/t/p/w500/cS2Y45Pbpvvz5sPoZjyhiylLysY.jpg,hi,0.0,Flop,5.0,0
Musafir,1957,Drama,0,0,0,149,Film Group,4,https://image.tmdb.org/t/p/w500/184F04xPEZnbmsbY1qQS0mlzno8.jpg,hi,0.0,Flop,5.0,0
Paying Guest,1957,"Comedy, Drama, Crime",0,0,1,145,,4,https://image.tmdb.org/t/p/w500/fliHh8Hwke16pB539RqeVKTyM5C.jpg,hi,0.0,Flop,5.301029995663981,0
Nau Do Gyarah,1957,Unknown,0,0,1,170,Navketan International Films,1,https://image.tmdb.org/t/p/w500/hPYWyXSM18IiCF6SHwWmRx5AoDl.jpg,hi,0.0,Flop,5.301029995663981,0
Mehfil,1957,Unknown,0,0,0,0,R.F. Pictures,1,https://image.tmdb.org/t/p/w500/uX9gLOSSckAU5fjfLfMJOzbxoyO.jpg,hi,0.0,Flop,5.0,0
Kath Putli,1957,"Drama, Family",0,0,1,0,,1,https://image.tmdb.org/t/p/w500/wXLoeFIJZT40IdJfRvDCSNWnsBH.jpg,hi,0.0,Flop,5.301029995663981,0
Sharada,1957,"Romance, Drama",0,0,4,0,,2,https://image.tmdb.org/t/p/w500/abPREFRYeNmKVPAoCzZMnLUQMtp.jpg,hi,0.0,Flop,5.698970004336019,0
Bhabhi,1957,Drama,0,0,0,168,,1,https://image.tmdb.org/t/p/w500/u6HOWbCTBD2aLlWg1RWodQEKGYB.jpg,hi,0.0,Flop,5.0,0
Yahoodi Ki Ladki,1957,Drama,0,0,0,0,New Oriental Pictures,1,https://image.tmdb.org/t/p/w500/eYttRoLE9uK6MylCvZFEaSFWXK7.jpg,hi,0.0,Flop,5.0,0
Ek Gaon Ki Kahani,1957,Drama,0,0,0,137,,1,https://image.tmdb.org/t/p/w500/2VltU83ueL5qkAtQk0dn9SNcLma.jpg,hi,0.0,Flop,5.0,0
Mai Baap,1957,"Comedy, Drama",0,0,1,144,Sadiq Productions,6,https://image.tmdb.org/t/p/w500/inspJkllZNWpb5R9BB4svG0ekyH.jpg,hi,0.0,Flop,5.301029995663981,0
Aasha,1957,"Romance, Comedy",0,0,0,170,,1,https://image.tmdb.org/t/p/w500/GE91lnfEUFaMTdJwKvZSFpSxxv.jpg,hi,0.0,Flop,5.0,0
Bade Sarkar,1957,Drama,0,0,0,0,Filmistan Studios,1,https://image.tmdb.org/t/p/w500/orqNbjmHNG3LMb7i0UcEksUfNrr.jpg,hi,0.0,Flop,5.0,0
Apradhi Kaun?,1957,"Thriller, Mystery, Drama",0,0,1,131,Bimal Roy Productions,8,https://image.tmdb.org/t/p/w500/m2KQo5oaGaXTM7CzMJuUnazxyC7.jpg,hi,0.0,Flop,5.301029995663981,0
Coffee House,1957,Drama,0,0,0,0,Nitie Art Production,1,https://image.tmdb.org/t/p/w500/A33u6VQl1DGxnIeUVMx7QYGrfJw.jpg,hi,0.0,Flop,5.0,0
Patal Pari,1957,Drama,1000000,1500000,0,180,,1,https://image.tmdb.org/t/p/w500/cbJw0qWeKZOmVMiJgeQKcxtGam7.jpg,hi,0.5,Average,5.0,500000
Mirza Sahiban,1957,Romance,0,0,0,122,J.K. Films,1,https://image.tmdb.org/t/p/w500/7neLHayYxeBOMyDOcq5JNE8aZlx.jpg,hi,0.0,Flop,5.0,0
Johnny Walker,1957,"Comedy, Romance",0,0,0,151,Natraj Productions,1,https://image.tmdb.org/t/p/w500/ox3bo4eLsXFVNRsUnZH7GBxzg8I.jpg,hi,0.0,Flop,5.0,0
Dekh Kabira Roya,1957,"Romance, Comedy",0,0,2,141,,1,https://image.tmdb.org/t/p/w500/dxw54v8L6kBEP62ClNL38MwUh4q.jpg,hi,0.0,Flop,5.477121254719663,0
Baarish,1957,"Drama, Crime, Romance",0,0,1,133,,3,https://image.tmdb.org/t/p/w500/9mPweBwnouJfXVLY1oOHtqeUiQO.jpg,hi,0.0,Flop,5.301029995663981,0
Champakali,1957,Drama,0,0,0,135,Filmistan Studios,1,https://image.tmdb.org/t/p/w500/kscn3VxZ3VwTHa4RUsXqESyFaGv.jpg,hi,0.0,Flop,5.0,0
Paisa,1957,Drama,0,0,0,0,,8,https://image.tmdb.org/t/p/w500/mu1SL5M9oOoURbntTV1y4ZFKYwP.jpg,hi,0.0,Flop,5.0,0
Nausherwan-E-Adil,1957,Unknown,0,0,1,137,,1,https://image.tmdb.org/t/p/w500/fNZCTr1ZIe9Mc6fzxr3eYa6zoy2.jpg,hi,0.0,Flop,5.301029995663981,0
Gateway of India,1957,"Crime, Mystery, Thriller",0,0,0,123,,7,https://image.tmdb.org/t/p/w500/gN2liNVfDRY3ijx3SidojJ8IeHT.jpg,hi,0.0,Flop,5.0,0
Kitna Badal Gaya Insaan,1957,Romance,0,0,0,115,,1,https://image.tmdb.org/t/p/w500/wQFyXbX0zfIaYJVWMlH47KBbh77.jpg,hi,0.0,Flop,5.0,0
Maharani,1957,"Drama, Romance",0,0,0,0,Atul Chitra,1,https://image.tmdb.org/t/p/w500/zmKAeTjnsAHRD4O9GeMFANDQJsY.jpg,hi,0.0,Flop,5.0,0
Miss Mary,1957,Comedy,0,0,0,0,AVM Productions,2,,hi,0.0,Flop,5.0,0
Payal,1957,Romance,0,0,1,0,,1,https://image.tmdb.org/t/p/w500/oZIxbrjuNyRW99nF1V6SfFSb1IY.jpg,hi,0.0,Flop,5.301029995663981,0
Gotama the Buddha,1957,Documentary,0,0,1,63,Films Division of India,1,https://image.tmdb.org/t/p/w500/2PeGBKsYTPTalWlzo59clgc5Mbu.jpg,hi,0.0,Flop,5.301029995663981,0
Do Mastane,1958,Unknown,0,0,0,0,,1,https://image.tmdb.org/t/p/w500/fF9NpeNDvGTpjLvBGiW3RZeyvrJ.jpg,hi,0.0,Flop,5.0,0
Detective,1958,Mystery,0,0,0,144,Amiya Chitra,1,https://image.tmdb.org/t/p/w500/wz3HwzdSVqtHbZ2Ef7wC9irNFY2.jpg,hi,0.0,Flop,5.0,0
Women's Authority,1958,Unknown,0,0,0,0,,8,,hi,0.0,Flop,5.0,0
Mehndi,1958,Drama,0,0,0,0,,1,https://image.tmdb.org/t/p/w500/zAC7k4TS4sH9tJP63EiidZbrk6N.jpg,hi,0.0,Flop,5.0,0
Dilli Ka Thug,1958,"Crime, Action, Comedy",0,0,0,132,New Oriental Pictures,1,https://image.tmdb.org/t/p/w500/vwM4oYJwclwokQyhWNPEr0LFbli.jpg,hi,0.0,Flop,5.0,0
Khazanchi,1958,"Drama, Romance",0,0,0,115,,1,https://image.tmdb.org/t/p/w500/ppCNn86gksSg2yllPWSXr7KagmW.jpg,hi,0.0,Flop,5.0,0
Chandan,1958,"Comedy, Drama, Family",0,0,0,158,,1,https://image.tmdb.org/t/p/w500/mecXdKhhuVk5Scy1AwY6IK4kbES.jpg,hi,0.0,Flop,5.0,0
Talaaq,1958,Unknown,0,0,0,0,,3,https://image.tmdb.org/t/p/w500/5gFxLwY7hC6IeXldZCGq0Qwxx4d.jpg,hi,0.0,Flop,5.0,0
Madhumati,1958,"Romance, Music, Mystery",0,0,11,171,Bimal Roy Productions,9,https://image.tmdb.org/t/p/w500/vrrQ69whukrcuuFi7Oo7PjBaJ2K.jpg,hi,0.0,Flop,6.079181246047625,0
Yahudi,1958,"Romance, Drama, Action",0,0,3,150,Bombay Berlin Film Productions,9,https://image.tmdb.org/t/p/w500/8VreA4E65yCVftQNDTzJ1lgK2Q1.jpg,hi,0.0,Flop,5.6020599913279625,0
Chalti Ka Naam Gaadi,1958,Comedy,0,0,13,173,K.S. Films India,2,https://image.tmdb.org/t/p/w500/eQ0OSwVY46YoPaY3dBYijufZTmB.jpg,hi,0.0,Flop,6.146128035678238,0
Aakhri Dao,1958,"Drama, Comedy",0,0,0,151,A Movie Stars Production,1,https://image.tmdb.org/t/p/w500/1HDNZkgSHi7sNO84LMoGeFCVjd7.jpg,hi,0.0,Flop,5.0,0
Howrah Bridge,1958,"Crime, Mystery",0,0,4,153,Shakti Films,6,https://image.tmdb.org/t/p/w500/jcZQRmXILaz02jLlyHfjGopkBDu.jpg,hi,0.0,Flop,5.698970004336019,0
Solva Saal,1958,"Comedy, Romance, Music, Drama",0,0,3,135,,1,https://image.tmdb.org/t/p/w500/1UlOSiz1kwBLt9iJyY0Yc1zW9MK.jpg,hi,0.0,Flop,5.6020599913279625,0
Adalat,1958,Drama,0,0,2,139,,1,https://image.tmdb.org/t/p/w500/fcGmYTisQGXNXqC2PTLTTyiXvD9.jpg,hi,0.0,Flop,5.477121254719663,0
Raj Tilak,1958,"Adventure, Drama, Music",0,0,0,171,"Gemini Studios, Gemini Pictures",1,https://image.tmdb.org/t/p/w500/dxw0Ryr0K0z8JiBWiPdskX6wg5L.jpg,hi,0.0,Flop,5.0,0
Raagini,1958,"Drama, Music",0,0,0,128,,1,https://image.tmdb.org/t/p/w500/kQEJJQpIOtKYZN1wLpfp1rtqUEV.jpg,hi,0.0,Flop,5.0,0
Lajwanti,1958,Unknown,0,0,3,158,,6,https://image.tmdb.org/t/p/w500/iGZtuVzuWsbbuvOaeFUVdGzLuv4.jpg,hi,0.0,Flop,5.6020599913279625,0
Parvarish,1958,"Drama, Family",0,0,0,137,Roopkala Pictures,1,https://image.tmdb.org/t/p/w500/205s0MgYV7x31jl5Acbyw1TlIDi.jpg,hi,0.0,Flop,5.0,0
Phagun,1958,Unknown,0,0,0,0,,1,https://image.tmdb.org/t/p/w500/p5YjEwxvpMUUAMGgFisXydAp9fV.jpg,hi,0.0,Flop,5.0,0
Night Club,1958,"Crime, Mystery, Thriller",0,0,0,137,Varma Pictures,7,https://image.tmdb.org/t/p/w500/4UcxJThXOr5GcpdCY54cdXYjn1u.jpg,hi,0.0,Flop,5.0,0
Talaq,1958,Unknown,0,0,0,156,,1,https://image.tmdb.org/t/p/w500/AjFEMAEK2qJLWWgBomQIcMftTqZ.jpg,hi,0.0,Flop,5.0,0
Zimbo,1958,"Action, Adventure",0,0,0,144,Basant Pictures,8,https://image.tmdb.org/t/p/w500/YPkxSMqLlGG9G4IByhnL603O0t.jpg,hi,0.0,Flop,5.0,0
Sohni Mahiwal,1958,"Romance, Music",0,0,0,0,,10,https://image.tmdb.org/t/p/w500/8n36zt0dHoMimeHWgWGPLmQCeko.jpg,hi,0.0,Flop,5.0,0
Dawn,1958,"Drama, Crime",0,0,0,131,,6,https://image.tmdb.org/t/p/w500/yQdLSuEOdeMuClg1gzUfJIfIuYS.jpg,hi,0.0,Flop,5.0,0
Sitaron Se Aage,1958,"Drama, Music",0,0,0,149,Narasu Studio,1,https://image.tmdb.org/t/p/w500/fG807dkTDK9Vt0mQAlGfrRMoW0c.jpg,hi,0.0,Flop,5.0,0
Khota Paisa,1958,Drama,0,0,0,145,,12,https://image.tmdb.org/t/p/w500/9MazqmFIUXMH9CPXkiFAEUkM3Tx.jpg,hi,0.0,Flop,5.0,0
The Eternal Lamp,1958,Unknown,0,0,0,148,,1,https://image.tmdb.org/t/p/w500/vHWsZplwW51aJ5zz76nUDYedXki.jpg,hi,0.0,Flop,5.0,0
12 O'Clock,1958,"Crime, Drama, Mystery, Thriller",0,0,2,132,,1,https://image.tmdb.org/t/p/w500/tWcmpAfDVC0YpMGOHKcP3ot2DL0.jpg,hi,0.0,Flop,5.477121254719663,0
Sadhna,1958,Drama,0,0,2,137,B.R. Films,3,https://image.tmdb.org/t/p/w500/jE0zpWN89pRf4tOhCD5UVzOdPRf.jpg,hi,0.0,Flop,5.477121254719663,0
Kala Pani,1958,Drama,0,0,7,164,,2,https://image.tmdb.org/t/p/w500/rWZBY7sYwgOmbuA81sD0OyCnPQk.jpg,hi,0.0,Flop,5.903089986991944,0
Rebel Soldier,1958,History,0,0,0,0,,1,,hi,0.0,Flop,5.0,0
Samrat Chandragupt,1958,"Adventure, Drama, History",0,0,0,105,,1,https://image.tmdb.org/t/p/w500/7p75JD8XHwoyGgPHeqcKImPJfYd.jpg,hi,0.0,Flop,5.0,0
Phir Subha Hogi,1958,"Drama, Crime",0,0,1,168,Parijat Pictures,11,https://image.tmdb.org/t/p/w500/9YkvoxAH3gyV9JRycIqRu0JanVv.jpg,hi,0.0,Flop,5.301029995663981,0
Mujrim,1958,"Drama, Thriller",0,0,1,142,,1,https://image.tmdb.org/t/p/w500/phrLoXlSVcw9xuYoMQzAcXCUx7B.jpg,hi,0.0,Flop,5.301029995663981,0
Kabhi Andhera Kabhi Ujala,1958,"Drama, Family",0,0,0,0,Mehtab Films Pvt. Ltd.,1,https://image.tmdb.org/t/p/w500/ukG9DPPlNNLppLSJjjkdTCiR1Dt.jpg,hi,0.0,Flop,5.0,0
Karigar,1958,Unknown,0,0,0,136,,1,https://image.tmdb.org/t/p/w500/bAYcs5zdxLTmuBTceuvAzvW67a9.jpg,hi,0.0,Flop,5.0,0
Do Phool,1958,Drama,0,0,0,0,,8,,hi,0.0,Flop,5.0,0
Light House,1958,Thriller,0,0,0,132,Sippy Films,1,https://image.tmdb.org/t/p/w500/jaeGRXLfgl7W8dttosAMu2MWwyU.jpg,hi,0.0,Flop,5.0,0
Aji Bas Shukriya,1958,Unknown,0,0,0,139,,1,https://image.tmdb.org/t/p/w500/p35zIHu6OyLo00EwqZyhHZrdTgN.jpg,hi,0.0,Flop,5.0,0
Post Box 999,1958,Unknown,0,0,0,115,,2,,hi,0.0,Flop,5.0,0
Nagarjunakonda,1958,Documentary,0,0,0,16,Films Division of India,6,https://image.tmdb.org/t/p/w500/1VoqbUkPHBzYXc6HD2w6IcTFYnE.jpg,hi,0.0,Flop,5.0,0
24 Ghante,1958,"Action, Drama",0,0,0,0,,1,https://image.tmdb.org/t/p/w500/9jyl2LLH0cFXKZCOqx7FtbfcMQa.jpg,hi,0.0,Flop,5.0,0
Sim Sim Marjina,1958,"Fantasy, Drama",0,0,0,0,,1,https://image.tmdb.org/t/p/w500/8em4t0nd2V88WG4Bg4jGCZtHeER.jpg,hi,0.0,Flop,5.0,0
Navrang,1959,"Drama, Romance, Music",0,0,7,158,Rajkamal Kala Mandir,1,https://image.tmdb.org/t/p/w500/7SbLT3RcRsGLDTNzyh2GELpnUTF.jpg,hi,0.0,Flop,5.903089986991944,0
Shararat,1959,"Drama, Comedy",0,0,0,0,,1,https://image.tmdb.org/t/p/w500/uUKEpDyv2zfHMwj55udmWakj3fd.jpg,hi,0.0,Flop,5.0,0
Kavi Kalidas,1959,Drama,0,0,0,139,,1,https://image.tmdb.org/t/p/w500/kS3C6ySWoN1d4miSFYkZRXtnH19.jpg,hi,0.0,Flop,5.0,0
Kaagaz Ke Phool,1959,"Drama, Romance",0,0,35,142,"Guru Dutt Films Pvt. Ltd., Ajanta Pictures",2,https://image.tmdb.org/t/p/w500/aBdEEAKEuzcvk8IKsHfbz3KSitZ.jpg,hi,0.0,Flop,6.556302500767288,0
Sujata,1959,"Drama, Romance",0,0,12,161,Bimal Roy Productions,4,https://image.tmdb.org/t/p/w500/otEsyJDvnu8MDKZfGTOwnHyNEq8.jpg,hi,0.0,Flop,6.113943352306837,0
Kali Topi Lal Rumal,1959,"Music, Romance",0,0,0,129,Janta Chitra,3,https://image.tmdb.org/t/p/w500/zySdLIWLDlur31zsMROGnbfmX8h.jpg,hi,0.0,Flop,5.0,0
Chhoti Bahen,1959,Drama,0,0,2,0,Prasad Productions Pvt. Ltd.,2,https://image.tmdb.org/t/p/w500/6vOOgzh1hE5AXj3iF4BsiZx6YOW.jpg,hi,0.0,Flop,5.477121254719663,0
Didi,1959,Drama,0,0,0,123,,1,https://image.tmdb.org/t/p/w500/snyltioF6VlWYpfrkZYQFF9krOR.jpg,hi,0.0,Flop,5.0,0
Chirag Kahan Roshni Kahan,1959,"Drama, Family",0,0,0,0,Goel Cine Corporation,11,https://image.tmdb.org/t/p/w500/8JhA7RgQZT1F1UikpFAQLIRQO8K.jpg,hi,0.0,Flop,5.0,0
Ardhangini,1959,Unknown,0,0,0,0,,1,https://image.tmdb.org/t/p/w500/xy41NPHNkf9XhPjZlVUwhFU7Mjd.jpg,hi,0.0,Flop,5.0,0
Dil Deke Dekho,1959,Romance,0,0,2,187,,9,https://image.tmdb.org/t/p/w500/s9LQwZtZGMw8l3JnEuYNDl5yWf0.jpg,hi,0.0,Flop,5.477121254719663,0
Bank Manager,1959,Unknown,0,0,0,126,,1,https://image.tmdb.org/t/p/w500/c7Aw0Ze4U6DHrom83YgEAhIAksA.jpg,hi,0.0,Flop,5.0,0
Paigham,1959,Drama,0,0,0,183,Gemini Studios,1,https://image.tmdb.org/t/p/w500/knkGYqsNYVqgtnjVvNye630Ww8c.jpg,hi,0.0,Flop,5.0,0
Kal Hamara Hai,1959,Drama,0,0,0,127,,4,https://image.tmdb.org/t/p/w500/sMmBFQ15qc3PJIlu5SpPyq9W09x.jpg,hi,0.0,Flop,5.0,0
Char Dil Char Rahen,1959,Drama,0,0,1,0,Naya Sansar,9,https://image.tmdb.org/t/p/w500/1fTlzCFaxWvQBsdEaZNPoWBwIiq.jpg,hi,0.0,Flop,5.301029995663981,0
Barkha,1959,Drama,0,0,0,0,,1,https://image.tmdb.org/t/p/w500/emr05Aj1hJ9SQzoeREToiIKSCNO.jpg,hi,0.0,Flop,5.0,0
Heera Moti,1959,Drama,0,0,0,135,,1,,hi,0.0,Flop,5.0,0
Ujala,1959,Unknown,0,0,5,142,,1,https://image.tmdb.org/t/p/w500/2hnhcC8vdVpnHkzVG44hNZShomd.jpg,hi,0.0,Flop,5.778151250383644,0
Kanhaiya,1959,"Romance, Drama, Family",0,0,0,98,,1,,hi,0.0,Flop,5.0,0
Main Nashe Mein Hoon,1959,"Drama, Family, Comedy",0,0,1,0,,1,https://image.tmdb.org/t/p/w500/pvopb2T0MpKUXqygX6ErkX5t55g.jpg,hi,0.0,Flop,5.301029995663981,0
Insaan Jaag Utha,1959,"Drama, Family, Music",0,0,0,0,Shakti Films,1,https://image.tmdb.org/t/p/w500/y6PV7YjVijYItmv2RezKsQJWNA1.jpg,hi,0.0,Flop,5.0,0
Do Behnen,1959,"Drama, Romance",0,0,1,0,,1,,hi,0.0,Flop,5.301029995663981,0
Mohar,1959,Unknown,0,0,0,0,,1,https://image.tmdb.org/t/p/w500/lQFpt0HdWmiX4ufiayEFDq8VtNP.jpg,hi,0.0,Flop,5.0,0
Jungle King,1959,Adventure,0,0,0,0,,1,,hi,0.0,Flop,5.0,0
Jaalsaaz,1959,Unknown,0,0,0,0,,1,,hi,0.0,Flop,5.0,0
Do Ustad,1959,"Action, Crime",0,0,1,139,,1,https://image.tmdb.org/t/p/w500/nqPORO6uABsjZM5BCP5eJro9FB7.jpg,hi,0.0,Flop,5.301029995663981,0
O Tera Kya Kahna,1959,Unknown,0,0,0,0,,1,,hi,0.0,Flop,5.0,0
Sahil,1959,"Drama, Romance",0,0,0,0,Filmnagar,1,https://image.tmdb.org/t/p/w500/aKdkusTNhKhGIa95oJsqUZzacLA.jpg,hi,0.0,Flop,5.0,0
Bedard Zamana Kya Jane,1959,Unknown,0,0,0,0,,1,,hi,0.0,Flop,5.0,0
Raat Ke Rahi,1959,"Action, Crime, Drama, Mystery, Thriller",0,0,0,92,Puspanjali Productions,1,https://image.tmdb.org/t/p/w500/drIb4QOu9ufVa7c2ceOMYur8Ya0.jpg,hi,0.0,Flop,5.0,0
Circus Queen,1959,Unknown,0,0,0,0,,1,https://image.tmdb.org/t/p/w500/74FJwdbgiACbtvgGrVXkgSRDSkW.jpg,hi,0.0,Flop,5.0,0
Sabash Ramudu,1959,Unknown,0,0,0,0,,1,,hi,0.0,Flop,5.0,0
Maa Ke Ansoo,1959,Unknown,0,0,0,0,,1,,hi,0.0,Flop,5.0,0
Basant,1960,Unknown,0,0,0,165,,1,https://image.tmdb.org/t/p/w500/at5kRY5nprPT9VI5RYhp9isHtWF.jpg,hi,0.0,Flop,5.0,0
Chhabili,1960,Documentary,0,0,0,75,,1,,hi,0.0,Flop,5.0,0
Dr. Shaitan,1960,"Science Fiction, Horror",0,0,0,96,Bohra Brothers,12,https://image.tmdb.org/t/p/w500/67zla7CPvXvdshkfGzpN9LaDHHr.jpg,hi,0.0,Flop,5.0,0
College Girl,1960,"Romance, Comedy",0,0,0,145,Rawal Films,1,https://image.tmdb.org/t/p/w500/m4aQGgpLYut4bGOdV0V8JGUX8gj.jpg,hi,0.0,Flop,5.0,0
Mughal-e-Azam,1960,"Drama, Romance",181239,1329088,55,197,Sterling Investment Corp.,8,https://image.tmdb.org/t/p/w500/lKfNZUh9CRp1EHjxgNGtrbvm55.jpg,hi,6.333344368485812,Hit,6.748188027006201,1147849
Superman,1960,Unknown,0,0,2,10,,1,https://image.tmdb.org/t/p/w500/qIg5Yvu70U7Jrtmd0zEsOWEYHLV.jpg,hi,0.0,Flop,5.477121254719663,0
Kanoon,1960,Drama,0,0,5,150,,1,https://image.tmdb.org/t/p/w500/c13KDgQ2LgGZUYK90gRsau1wplo.jpg,hi,0.0,Flop,5.778151250383644,0
Chaudhvin Ka Chand,1960,"Music, Romance",0,0,9,169,"Guru Dutt Films Pvt. Ltd., Ultra Media & Entertainment [IN]",1,https://image.tmdb.org/t/p/w500/ggVNlZeg7CBRlPoWL0pKkTtF11y.jpg,hi,0.0,Flop,6.0,0
Chhalia,1960,Romance,0,0,1,135,Shemaroo Entertainment,1,https://image.tmdb.org/t/p/w500/d5hgNhGOQBisAn7dM65iZWR2il1.jpg,hi,0.0,Flop,5.301029995663981,0
Barsaat Ki Raat,1960,Unknown,0,0,3,142,,1,https://image.tmdb.org/t/p/w500/hO7WWhpcUZfQ7Uvlyv5aNJtOqJr.jpg,hi,0.0,Flop,5.6020599913279625,0
Jis Desh Mein Ganga Behti Hai,1960,"Comedy, Music",0,0,6,181,R.K. Films,8,https://image.tmdb.org/t/p/w500/fmTBmiOcpCbxhlRUSh5BaDbjM2G.jpg,hi,0.0,Flop,5.845098040014257,0
Kohinoor,1960,Unknown,0,0,2,151,,11,https://image.tmdb.org/t/p/w500/iwaUF7mgDDjkfujWMtUH5a4nSFc.jpg,hi,0.0,Flop,5.477121254719663,0
Patang,1960,"Comedy, Crime, Drama",0,0,1,140,"Asiatic Productions, S.P. Traders",1,https://image.tmdb.org/t/p/w500/xq0iK0x8DNm9i9RBc2X7tSgJqjn.jpg,hi,0.0,Flop,5.301029995663981,0
Shriman Satyawadi,1960,"Action, Crime, Drama",0,0,0,146,Roopkala Pictures,1,https://image.tmdb.org/t/p/w500/2pkjm7SS4E2EhguoImJMLtvD6Ms.jpg,hi,0.0,Flop,5.0,0
Usne Kaha Tha,1960,"Romance, War",0,0,0,134,,10,https://image.tmdb.org/t/p/w500/27Wr0ukayBqCsnRylHaZdtuK9lg.jpg,hi,0.0,Flop,5.0,0
The Test,1960,"Family, Drama",0,0,4,136,Bimal Roy Productions,8,https://image.tmdb.org/t/p/w500/d7XUpaMs5HW59AY5IWuzN7bgW3.jpg,hi,0.0,Flop,5.698970004336019,0
Kala Bazar,1960,"Romance, Action, Crime, Drama, Music",0,0,7,163,Navketan,9,https://image.tmdb.org/t/p/w500/rBiJxEUqGxPDm6j873Hg6SkT6nX.jpg,hi,0.0,Flop,5.903089986991944,0
Bombai Ka Babu,1960,"Drama, Crime, Romance",0,0,2,137,Naya Films S.A.,12,https://image.tmdb.org/t/p/w500/dE1bLsXLNaS16JF2Qafkr7bQeXb.jpg,hi,0.0,Flop,5.477121254719663,0
Ghunghat,1960,Unknown,0,0,0,152,Gemini Studios,1,https://image.tmdb.org/t/p/w500/mvtUr5EDIkDj4KptE4ZvzPGeIIF.jpg,hi,0.0,Flop,5.0,0
Anuradha,1960,"Family, Drama, Romance",0,0,8,141,Shemaroo Entertainment,7,https://image.tmdb.org/t/p/w500/mb9eR69FcQCOZ8ECYetZeXafuaY.jpg,hi,0.0,Flop,5.954242509439325,0
Manzil,1960,Unknown,0,0,3,0,,1,https://image.tmdb.org/t/p/w500/hm1UqjQKMr037TqqasXj8tA4R70.jpg,hi,0.0,Flop,5.6020599913279625,0
Mehlon Ke Khwaab,1960,"Drama, Comedy",0,0,0,122,Madhubala Private Ltd,3,https://image.tmdb.org/t/p/w500/6algg33yfTeZH03gLfLnjnoIIpS.jpg,hi,0.0,Flop,5.0,0
Babar,1960,Drama,0,0,3,128,Filmistan Studios,1,https://image.tmdb.org/t/p/w500/j3Y9Oi6WHEXVgjGUzzxWy784MW2.jpg,hi,0.0,Flop,5.6020599913279625,0
Bindya,1960,Drama,0,0,0,165,AVM Productions,12,https://image.tmdb.org/t/p/w500/vbtYUUG1QGkmAcKjikzkU12Rfyt.jpg,hi,0.0,Flop,5.0,0
Ek Phool Char Kaante,1960,Unknown,0,0,2,136,,1,https://image.tmdb.org/t/p/w500/glOGfPUx2Z72qYvL4eLJV5nzfko.jpg,hi,0.0,Flop,5.477121254719663,0
Dil Apna Aur Preet Parai,1960,"Drama, Romance",0,0,2,0,Mohan Pictures,1,https://image.tmdb.org/t/p/w500/9BOvIWE8KWdBSK4gUamXkwij9QP.jpg,hi,0.0,Flop,5.477121254719663,0
Angulimala,1960,History,0,0,0,127,,1,https://image.tmdb.org/t/p/w500/t2u198iz3ThXhriD13W7KL7w5yV.jpg,hi,0.0,Flop,5.0,0
Lal Quila,1960,Thriller,0,0,1,134,NH Studioz,10,https://image.tmdb.org/t/p/w500/9abBWIOYcq0PxfHKuySDcYL5Rwf.jpg,hi,0.0,Flop,5.301029995663981,0
Zameen Ke Tare,1960,"Drama, Family",0,0,0,112,,1,https://image.tmdb.org/t/p/w500/voatl6Xtob5F2jkmjGMDgtSgYeB.jpg,hi,0.0,Flop,5.0,0
Apna Haath Jagannath,1960,Unknown,0,0,0,173,,1,https://image.tmdb.org/t/p/w500/i9pHkkmZFi4Hlq5fdTkwAy81xRi.jpg,hi,0.0,Flop,5.0,0
Jaali Note,1960,Unknown,0,0,1,124,,1,https://image.tmdb.org/t/p/w500/c3q1EXu79nLgnHRqv9oj52y7fU5.jpg,hi,0.0,Flop,5.301029995663981,0
Zimbo Comes To Town,1960,Unknown,0,0,0,137,,1,https://image.tmdb.org/t/p/w500/sd4QQhl297CvdsKP4ZwU7ez3xme.jpg,hi,0.0,Flop,5.0,0
Masoom,1960,Drama,0,0,0,120,Bani Rupa Films,11,https://image.tmdb.org/t/p/w500/ckvmQx1NixGiMtUZvGS13TKDSUi.jpg,hi,0.0,Flop,5.0,0
Love in Simla,1960,"Comedy, Drama, Family",0,0,1,0,Filmalaya Pvt. Ltd.,1,https://image.tmdb.org/t/p/w500/voJKgzvnmGFfc1PutNsyaGc7l2D.jpg,hi,0.0,Flop,5.301029995663981,0
Return of Mr. Superman,1960,"Action, Adventure",0,0,1,0,Manmohan Films,1,https://image.tmdb.org/t/p/w500/6WYXx7JFE0VXNEDJgn34TF63uMM.jpg,hi,0.0,Flop,5.301029995663981,0
Tu Nahin Aur Sahi,1960,"Drama, Romance",0,0,0,147,,1,https://image.tmdb.org/t/p/w500/7UfsEVmlLb7MUqJqikOd6ByifXO.jpg,hi,0.0,Flop,5.0,0
Wild Cat,1960,"Horror, Thriller",0,0,0,0,Super Pictures,1,https://image.tmdb.org/t/p/w500/1RyPqsDIuRzZB9Q8QZ3yeKbxyJw.jpg,hi,0.0,Flop,5.0,0
The Cruel Sorcerer,1960,"Fantasy, Horror",0,0,0,0,Firdous Films,1,https://image.tmdb.org/t/p/w500/rlTWtD9uP8JYBA5DUk0b67zDy7e.jpg,hi,0.0,Flop,5.0,0
Air Mail,1960,Unknown,0,0,0,0,,1,https://image.tmdb.org/t/p/w500/uE6tv8SHBRrDf9VdJFfrEbPxZfb.jpg,hi,0.0,Flop,5.0,0
Kiklee,1960,Drama,0,0,0,0,,1,https://image.tmdb.org/t/p/w500/qbGk85AwUbSw5oFdH6ChebwFVvA.jpg,hi,0.0,Flop,5.0,0
Kalpana,1960,Romance,0,0,1,131,,5,https://image.tmdb.org/t/p/w500/iDrQrV2XvHSuoYv4onBJMhNaVUN.jpg,hi,0.0,Flop,5.301029995663981,0
Delhi Junction,1960,Unknown,0,0,0,0,,1,https://image.tmdb.org/t/p/w500/5KR3DlE2paD3oD5eC96ymzMXdUP.jpg,hi,0.0,Flop,5.0,0
Images of Kumbha Mela,1960,Documentary,0,0,0,11,,3,https://image.tmdb.org/t/p/w500/xEWh1Z6OTIPDdFFc1D4CFb6Tyrc.jpg,hi,0.0,Flop,5.0,0
Banjarin,1960,Unknown,0,0,0,129,,7,https://image.tmdb.org/t/p/w500/u4utVgXoCZgyv6pP1neBd0wuUHq.jpg,hi,0.0,Flop,5.0,0
Bewaqoof,1960,Drama,0,0,1,0,,1,,hi,0.0,Flop,5.301029995663981,0
Mukti,1960,Unknown,0,0,0,0,,1,,hi,0.0,Flop,5.0,0
Miss Chalbaaz,1961,"Science Fiction, Thriller",0,0,0,0,Hind Pictures,7,https://image.tmdb.org/t/p/w500/adbsvm43KTDBa8lxVuGiUTEN1Vh.jpg,hi,0.0,Flop,5.0,0
Razia Sultana,1961,Unknown,0,0,2,138,,1,,hi,0.0,Flop,5.477121254719663,0
Char Diwari,1961,"Romance, Drama",0,0,0,136,Mohan Studios,1,https://image.tmdb.org/t/p/w500/kSvW9OId0pXvvugFZM3vDN4p8IA.jpg,hi,0.0,Flop,5.0,0
Saranga,1961,Unknown,0,0,0,130,,1,,hi,0.0,Flop,5.0,0
Gunga Jumna,1961,Drama,0,0,5,178,Citizens Films,11,https://image.tmdb.org/t/p/w500/7DRWnqQ5P8PfvfYh8sbTAsnA4Ez.jpg,hi,0.0,Flop,5.778151250383644,0
Pyar Ki Pyas,1961,Drama,0,0,0,144,Anupam Chitra,5,https://image.tmdb.org/t/p/w500/b1mbRj7y7x1O2MBfI5EE5EqVt2f.jpg,hi,0.0,Flop,5.0,0
Maya,1961,"Drama, Romance",0,0,1,148,"Light of Asia Films, Rajkumari Kashyap Productions",11,https://image.tmdb.org/t/p/w500/y9nufhmVV2u2guPbaQgZxEkCZMj.jpg,hi,0.0,Flop,5.301029995663981,0
Dharmputra,1961,"Drama, History",0,0,1,150,B.R. Films (India),12,https://image.tmdb.org/t/p/w500/tnNhOUICroux9Lt7vdDRCPNI0vr.jpg,hi,0.0,Flop,5.301029995663981,0
Lucky Number,1961,Unknown,0,0,0,0,,1,https://image.tmdb.org/t/p/w500/zLh90fKJBhVOBD9rB61MdLmnpRM.jpg,hi,0.0,Flop,5.0,0
Junglee,1961,Unknown,0,0,6,150,,10,https://image.tmdb.org/t/p/w500/nLmKXhwsyzd1vqG8yrBPRWI8Auw.jpg,hi,0.0,Flop,5.845098040014257,0
Jhumroo,1961,"Comedy, Drama, Music",0,0,0,171,K.S. Films India,1,https://image.tmdb.org/t/p/w500/k9RzhuLjtTlhnELg4BgY8YCWwtM.jpg,hi,0.0,Flop,5.0,0
Chhaya,1961,"Romance, Drama",0,0,1,155,AVM Productions,1,https://image.tmdb.org/t/p/w500/dx0oFU4NwkxqjOrYnxB11aoIqkR.jpg,hi,0.0,Flop,5.301029995663981,0
Jab Pyar Kisise Hota Hai,1961,"Comedy, Drama",0,0,2,140,Nasir Hussain Films,1,https://image.tmdb.org/t/p/w500/i2mgQDDnAnZuANSuv5WKZrGYWTi.jpg,hi,0.0,Flop,5.477121254719663,0
Pyaar Ka Saagar,1961,"Drama, Music",0,0,1,152,"Filmrays Production, Goel Cine Corporation",1,https://image.tmdb.org/t/p/w500/ehd4pJFIqW8Qrgwz7c4lNITrhi6.jpg,hi,0.0,Flop,5.301029995663981,0
Hum Dono,1961,"Romance, Drama",0,0,4,164,Navketan,2,https://image.tmdb.org/t/p/w500/x8Rs1RzsfkE3126YFD58CtbdePu.jpg,hi,0.0,Flop,5.698970004336019,0
Nazrana,1961,Unknown,0,0,0,130,Venus Pictures,1,https://image.tmdb.org/t/p/w500/9JgahxbEUgaXYTAYljQpTCdEQWk.jpg,hi,0.0,Flop,5.0,0
Mem-didi,1961,"Drama, Comedy",0,0,2,136,,1,https://image.tmdb.org/t/p/w500/eNlRhS64PPuFLAmRmbRBbVqTaxC.jpg,hi,0.0,Flop,5.477121254719663,0
Hamari Yaad Aayegi,1961,Drama,0,0,0,130,The Show People,1,https://image.tmdb.org/t/p/w500/21vc4OROYHnBD1xfKY8UKsu5f3k.jpg,hi,0.0,Flop,5.0,0
Aas Ka Panchhi,1961,Drama,0,0,1,159,,1,https://image.tmdb.org/t/p/w500/hIkUvvIaHHQwqFn7R8K8YyEK6FU.jpg,hi,0.0,Flop,5.301029995663981,0
Pyase Panchhi,1961,"Comedy, Drama, Music",0,0,0,142,,1,https://image.tmdb.org/t/p/w500/uJyGiprqbnKrxl53Khva8VrTt2u.jpg,hi,0.0,Flop,5.0,0
Mr. India,1961,Comedy,0,0,0,179,Sippy Films,1,https://image.tmdb.org/t/p/w500/9rwbThHMtrFX665MRtfnfAaUboE.jpg,hi,0.0,Flop,5.0,0
Kabuliwala,1961,Drama,0,0,2,134,Bimal Roy Productions,12,,hi,0.0,Flop,5.477121254719663,0
Gharana,1961,"Family, Comedy, Drama",0,0,2,0,Gemini Studios,2,https://image.tmdb.org/t/p/w500/qvyjJq4DBt1QCNMCjrh91vwm8mj.jpg,hi,0.0,Flop,5.477121254719663,0
Do Bhai,1961,"Family, Drama",0,0,1,0,,7,https://image.tmdb.org/t/p/w500/803JdNW2EcPPqmTfZiG4o3t1kPh.jpg,hi,0.0,Flop,5.301029995663981,0
Chhote Nawab,1961,"Romance, Comedy, Drama",0,0,0,147,Mumtaz Films,1,https://image.tmdb.org/t/p/w500/wKAP5p526cA9nVwGE2z96IEDW2O.jpg,hi,0.0,Flop,5.0,0
Stree,1961,Unknown,0,0,1,139,,1,https://image.tmdb.org/t/p/w500/mQ19rXBHzeg3s5TbDNmx48NGVuH.jpg,hi,0.0,Flop,5.301029995663981,0
Sapne Suhane,1961,Romance,0,0,0,135,,1,https://image.tmdb.org/t/p/w500/vq13UZel3vFnBF54WTs8mkDdxQ7.jpg,hi,0.0,Flop,5.0,0
Krorepati,1961,Unknown,0,0,0,134,,1,,hi,0.0,Flop,5.0,0
Amar Rahe Yeh Pyar,1961,Drama,0,0,0,121,,1,,hi,0.0,Flop,5.0,0
Roop Ki Rani Choron Ka Raja,1961,Unknown,0,0,0,0,,1,https://image.tmdb.org/t/p/w500/6um5wQV9x10M6WMjwbHymEam55s.jpg,hi,0.0,Flop,5.0,0
Zabak,1961,Unknown,0,0,0,156,,1,,hi,0.0,Flop,5.0,0
Sampoorna Ramayanam,1961,Unknown,0,0,2,183,,1,https://image.tmdb.org/t/p/w500/vpRz84X6UXDDGBx87KZXAfcS7MN.jpg,hi,0.0,Flop,5.477121254719663,0
Opera House,1961,"Drama, Action, Crime, Thriller",0,0,0,0,,3,https://image.tmdb.org/t/p/w500/2Savzw9FCiPyTG7oWgJiKsCdBPj.jpg,hi,0.0,Flop,5.0,0
Anarbala,1961,"Fantasy, Horror",0,0,0,141,Shrikant Studios,4,https://image.tmdb.org/t/p/w500/gfv5DfeL1Sw8vSD6PAw2Xd6RtEu.jpg,hi,0.0,Flop,5.0,0
Professor,1962,"Drama, Romance, Comedy",67000,0,7,167,RK Studios,1,https://image.tmdb.org/t/p/w500/qEM4qrfLVO93WYKgMiCLHQOaLib.jpg,hi,-1.0,Flop,5.903089986991944,-67000
Naughty Boy,1962,Drama,0,0,0,120,,1,https://image.tmdb.org/t/p/w500/yaM2rBMMRrO583I9e7VjRWBv0Zq.jpg,hi,0.0,Flop,5.0,0
Maa Beta,1962,"Comedy, Crime, Drama",0,0,0,138,NH Studioz,1,https://image.tmdb.org/t/p/w500/gXPt7mXz4i5b7hMBZCfcMWwCTtF.jpg,hi,0.0,Flop,5.0,0
Sahib Bibi Aur Ghulam,1962,"Drama, Music",0,101000,11,152,Guru Dutt Films Pvt. Ltd.,7,https://image.tmdb.org/t/p/w500/tUVjkGSe7ZRhFoWirqZOh00kNlz.jpg,hi,0.0,Flop,6.079181246047625,101000
Man-Mauji,1962,Comedy,0,0,0,141,A.V.M. Productions,5,,hi,0.0,Flop,5.0,0
Anpadh,1962,Drama,0,0,1,150,,2,https://image.tmdb.org/t/p/w500/pfGy9uf2bY4bdDZoBIs2DtUCgmO.jpg,hi,0.0,Flop,5.301029995663981,0
Dil Tera Diwana,1962,"Comedy, Drama, Romance",0,0,2,149,,1,https://image.tmdb.org/t/p/w500/5Wv2nvb6tGucIPTLhpMx9pskZTh.jpg,hi,0.0,Flop,5.477121254719663,0
Ek Musafir Ek Hasina,1962,"Mystery, Action, Comedy",0,0,2,149,Filmalaya Pvt. Ltd.,2,https://image.tmdb.org/t/p/w500/4eZpQU56znlmXbZcOwxSNIfrtZE.jpg,hi,0.0,Flop,5.477121254719663,0
Shaadi,1962,"Drama, Action, Comedy",0,0,5,133,,1,https://image.tmdb.org/t/p/w500/aUyrHi09MDlEhSqK1YMsWa6J8SK.jpg,hi,0.0,Flop,5.778151250383644,0
King Kong,1962,Fantasy,0,0,0,142,,4,https://image.tmdb.org/t/p/w500/5CeFzRk9FWR3I3FY7Z1PMdAzPsX.jpg,hi,0.0,Flop,5.0,0
Hariyali Aur Rasta,1962,Romance,0,0,2,160,,1,https://image.tmdb.org/t/p/w500/rWWWFX5wjH58zf5bhunTpso5EEd.jpg,hi,0.0,Flop,5.477121254719663,0
Aashiq,1962,Romance,0,0,0,150,Reuben Dubey Productions,1,https://image.tmdb.org/t/p/w500/zUcHTLfQULumPuVZpsRazpBDh6Z.jpg,hi,0.0,Flop,5.0,0
Hawa Mahal,1962,Unknown,0,0,0,102,,5,https://image.tmdb.org/t/p/w500/3TSzFbg9NPGPXo3KJ3GgACwY7WS.jpg,hi,0.0,Flop,5.0,0
Asli Naqli,1962,"Drama, Romance",0,0,2,160,,6,https://image.tmdb.org/t/p/w500/qeVAfISPeEPyrKDQx9a3vfFS8IU.jpg,hi,0.0,Flop,5.477121254719663,0
Prem Patra,1962,"Drama, Romance",0,0,2,157,Bimal Roy Productions,1,https://image.tmdb.org/t/p/w500/qAtXbsoiAXPQvAy3sLBC32Y9CPD.jpg,hi,0.0,Flop,5.477121254719663,0
Hong Kong,1962,Thriller,0,0,0,0,,1,,hi,0.0,Flop,5.0,0
Aarti,1962,"Romance, Drama, Family",0,0,0,156,Rajshri Productions,8,https://image.tmdb.org/t/p/w500/nixIh7UcMZ6wyggdhpBYFHf1R6u.jpg,hi,0.0,Flop,5.0,0
Half Ticket,1962,Comedy,0,0,3,168,Cine Technician Productions,10,https://image.tmdb.org/t/p/w500/8e9scFdrXceSK0SdoGnQzCr9y9U.jpg,hi,0.0,Flop,5.6020599913279625,0
Son of India,1962,Drama,0,0,1,155,Mehboob Productions,1,https://image.tmdb.org/t/p/w500/jmxiVOWANXFXSCBcPzTwOrV5nAG.jpg,hi,0.0,Flop,5.301029995663981,0
Dr. Vidya,1962,Drama,0,0,0,0,Mohan Studios,11,https://image.tmdb.org/t/p/w500/jh5VXIi6dggbQj3RQro1QieCDRK.jpg,hi,0.0,Flop,5.0,0
O Mother Ganga I Will Offer You a Yellow Cloth,1962,Unknown,0,0,0,120,,1,https://image.tmdb.org/t/p/w500/slSZcf6m15qa5o7pSpP5YoCPGmI.jpg,hi,0.0,Flop,5.0,0
Baat Ek Raat Ki,1962,Unknown,0,0,2,145,Alankar Chitra,8,https://image.tmdb.org/t/p/w500/d0hadMSzEOkEEUlNJNYyJp8UlRj.jpg,hi,0.0,Flop,5.477121254719663,0
Rakhi,1962,Unknown,0,0,0,0,,1,https://image.tmdb.org/t/p/w500/tEGsj7sEMFXcpMWGPX4BwsTrIJZ.jpg,hi,0.0,Flop,5.0,0
Shree Ganesh,1962,"History, Adventure, Drama, Fantasy",0,0,0,140,"Wadia Brothers Production, Basant Studios, Combine Film Traders",1,https://image.tmdb.org/t/p/w500/hr6S93yhKS2FT9RgCrqNWsxJSJw.jpg,hi,0.0,Flop,5.0,0
Bees Saal Baad,1962,"Music, Thriller, Mystery, Horror",0,0,4,158,,12,https://image.tmdb.org/t/p/w500/z6dm6FUuxTiIXTjB7z1YRK6Rpbf.jpg,hi,0.0,Flop,5.698970004336019,0
Jhoola,1962,Unknown,0,0,0,147,Vijaya Vauhini Studios,1,https://image.tmdb.org/t/p/w500/wzlbIYXFJOCs8MLHWrQqG5g0N4j.jpg,hi,0.0,Flop,5.0,0
Nakli Nawab,1962,"Romance, Drama",0,0,1,0,,1,https://image.tmdb.org/t/p/w500/uFoWE7KLmmOhYoLKrNhJhl3pUhp.jpg,hi,0.0,Flop,5.301029995663981,0
Vallah Kya Baat Hai,1962,Unknown,0,0,0,135,,1,https://image.tmdb.org/t/p/w500/p4duRdMlj4oUJXhHvNv7pLlfxaN.jpg,hi,0.0,Flop,5.0,0
Mehndi Lagi Mere Haath,1962,"Comedy, Drama, Romance",0,0,0,128,Limelight,1,https://image.tmdb.org/t/p/w500/4xR8bHCiEJsW2XTKU54QlzKolCE.jpg,hi,0.0,Flop,5.0,0
Eleven Thousand Girls,1962,Drama,0,0,0,2,,1,https://image.tmdb.org/t/p/w500/qv0R4b5I2DQS0nvD5RerPx4n4cL.jpg,hi,0.0,Flop,5.0,0
Bombay Ka Chor,1962,"Crime, Mystery",0,0,1,0,,1,https://image.tmdb.org/t/p/w500/uvJKKZzGU6I2fwg1hmkCRMckp24.jpg,hi,0.0,Flop,5.301029995663981,0
Pilot Project,1962,Documentary,0,0,0,0,Films Division of India,1,https://image.tmdb.org/t/p/w500/lyDXq02iyfPI8emtQ7gxKa8qAQW.jpg,hi,0.0,Flop,5.0,0
Sangeet Samrat Tansen,1962,Unknown,0,0,0,0,,1,https://image.tmdb.org/t/p/w500/pCOIsnRadb3XSmXlllHHx9UljeV.jpg,hi,0.0,Flop,5.0,0
Godaan,1963,Drama,0,0,1,110,,1,https://image.tmdb.org/t/p/w500/tDdBaqXF6JRFMweZp9MQzNeM0sP.jpg,hi,0.0,Flop,5.301029995663981,0
Cobra Girl,1963,"Action, Drama, Fantasy",0,0,0,133,Rekha Chitra,1,https://image.tmdb.org/t/p/w500/wWJ773sJHvTdto20vT8rIzyd4ZU.jpg,hi,0.0,Flop,5.0,0
Begaana,1963,"Drama, Romance",0,0,0,0,,1,https://image.tmdb.org/t/p/w500/7qVR2TOja3lV8R2os2RSg1WEX4L.jpg,hi,0.0,Flop,5.0,0
Yeh Rastey Hain Pyar Ke,1963,"Crime, Drama, Romance",0,0,0,150,,1,https://image.tmdb.org/t/p/w500/1VFGBzmoDhN5NMwEm3nB6AVI4Yn.jpg,hi,0.0,Flop,5.0,0
Aaj Aur Kal,1963,Unknown,0,0,0,144,,1,https://image.tmdb.org/t/p/w500/3a4DdtHEnNGcQx3Csgq6lvbvEmU.jpg,hi,0.0,Flop,5.0,0
Gehra Daag,1963,"Drama, Crime, Romance",0,0,0,122,,1,https://image.tmdb.org/t/p/w500/jcAnruIWtA14flz8ZFOvjLzKowO.jpg,hi,0.0,Flop,5.0,0
Grahasti,1963,Drama,0,0,0,154,Gemini Studios,1,https://image.tmdb.org/t/p/w500/5o8PDlwOIxe29KNGssXERgEi9sP.jpg,hi,0.0,Flop,5.0,0
Taj Mahal,1963,"Romance, Drama, History, Music",0,0,4,145,,1,https://image.tmdb.org/t/p/w500/1DLeKt3or9b5wKwpDdDzZ2yKdUN.jpg,hi,0.0,Flop,5.698970004336019,0
Bandini,1963,"Romance, Drama",0,0,12,157,Bimal Roy Productions,1,https://image.tmdb.org/t/p/w500/oRb3wtRUzPtGTEtjLNusu7z4kt2.jpg,hi,0.0,Flop,6.113943352306837,0
Mere Mehboob,1963,Drama,0,0,2,170,Rahul Theatres,1,https://image.tmdb.org/t/p/w500/nLF7OheRV1qJjMz5tc0V7RWKWrL.jpg,hi,0.0,Flop,5.477121254719663,0
Kinare Kinare,1963,Unknown,0,0,1,0,,7,https://image.tmdb.org/t/p/w500/8nH7ikwLECGpJO5l5hK7H5cnejW.jpg,hi,0.0,Flop,5.301029995663981,0
Tere Ghar Ke Samne,1963,"Comedy, Music, Romance",0,0,10,149,Navketan International Films,4,https://image.tmdb.org/t/p/w500/b9f3owGrinCLsUHGlCdtDO7Merm.jpg,hi,0.0,Flop,6.041392685158225,0
Hamrahi,1963,Unknown,0,0,2,149,Prasad Productions Private Ltd.,8,,hi,0.0,Flop,5.477121254719663,0
Dil Ek Mandir,1963,"Music, Drama, Romance",0,0,0,148,,1,https://image.tmdb.org/t/p/w500/v4CmLCwvxojTOZzep25hWm2QGzh.jpg,hi,0.0,Flop,5.0,0
Meri Surat Teri Ankhen,1963,Romance,0,0,0,143,,1,https://image.tmdb.org/t/p/w500/3jZxWjNibcKS9I9FPG7pX5eyLz5.jpg,hi,0.0,Flop,5.0,0
Ek Raaz,1963,Unknown,0,0,0,0,,1,https://image.tmdb.org/t/p/w500/7Hg3bTbRT4rRWTxq8qtApChEgXM.jpg,hi,0.0,Flop,5.0,0
Gumrah,1963,"Drama, Romance, Family",0,0,3,155,,1,https://image.tmdb.org/t/p/w500/zzAZlbqAqpJ3lzh6OkX3kYyLLp0.jpg,hi,0.0,Flop,5.6020599913279625,0
Shikari,1963,"Horror, Action, Fantasy",0,0,1,139,,1,https://image.tmdb.org/t/p/w500/qK5DDxPNuerDK4ZSheVhuIjaFDo.jpg,hi,0.0,Flop,5.301029995663981,0
Bluff Master,1963,"Romance, Comedy, Drama",0,0,3,135,,1,https://image.tmdb.org/t/p/w500/uIJqX9HAnxEJC2DoINaBljDCav6.jpg,hi,0.0,Flop,5.6020599913279625,0
Dil Hi To Hai,1963,"Comedy, Romance, Drama",0,0,0,0,,1,https://image.tmdb.org/t/p/w500/z90n62PnsHeLNtDFCKEyCgeUmKZ.jpg,hi,0.0,Flop,5.0,0
Jab Se Tumhe Dekha Hai,1963,Romance,0,0,0,136,,1,https://image.tmdb.org/t/p/w500/giUPRCdQLDXNM862inX02hd6S1x.jpg,hi,0.0,Flop,5.0,0
Pyaar Kiya To Darna Kya,1963,Unknown,0,0,0,141,Vikram Productions,1,https://image.tmdb.org/t/p/w500/vidlTuSuvXKJqE06mjrYkE7WxoV.jpg,hi,0.0,Flop,5.0,0
Sunehri Nagin,1963,Unknown,0,0,0,125,,1,https://image.tmdb.org/t/p/w500/pIDKGXr2ZRgHGGHIoB8d49EIMSV.jpg,hi,0.0,Flop,5.0,0
Mujhe Jeene Do,1963,Unknown,0,0,4,95,,6,https://image.tmdb.org/t/p/w500/i5IyqKxGn0lMSDrr1N8MSst4nE1.jpg,hi,0.0,Flop,5.698970004336019,0
Bidesiya,1963,Drama,0,0,0,100,,1,https://image.tmdb.org/t/p/w500/oZdl3r5hHqFcfJqZhKA3D71dqQ9.jpg,hi,0.0,Flop,5.0,0
Akeli Mat Jaiyo,1963,"Romance, Drama",0,0,1,145,,1,https://image.tmdb.org/t/p/w500/4WRehGo9MQT6HKCrmoXpvjSgS8e.jpg,hi,0.0,Flop,5.301029995663981,0
Ek Dil Sau Afsane,1963,Romance,0,0,0,0,,1,https://image.tmdb.org/t/p/w500/hkbzug0lHdE24CJsC6b6KMMbWNT.jpg,hi,0.0,Flop,5.0,0
Phool Bane Angaare,1963,Unknown,0,0,0,0,,1,,hi,0.0,Flop,5.0,0
Ghar Basake Dekho,1963,Unknown,0,0,0,139,,1,https://image.tmdb.org/t/p/w500/5be98faA0mcONqeUoRULvzOJoGo.jpg,hi,0.0,Flop,5.0,0
Ustad Alauddin Khan,1963,"Documentary, Music",0,0,0,24,Sangeet Natak Akademi,2,https://image.tmdb.org/t/p/w500/wpIFECyx2i3t6pJjBLem1hGVVbj.jpg,hi,0.0,Flop,5.0,0
Bin Badal Barsaat,1963,"Mystery, Horror",0,0,0,154,Uttam Chitra,11,https://image.tmdb.org/t/p/w500/cdpEUiB9F2vrzGeyfdeqJenKq7E.jpg,hi,0.0,Flop,5.0,0
Bharosa,1963,"Comedy, Drama, Romance",0,0,0,140,,9,https://image.tmdb.org/t/p/w500/9Jr4DWeG2LXeK5Mig6HNUVpaaHM.jpg,hi,0.0,Flop,5.0,0
Faulad,1963,Unknown,0,0,0,0,,11,https://image.tmdb.org/t/p/w500/u359CajALvA54IbDI1rwcAlBBgf.jpg,hi,0.0,Flop,5.0,0
Shaheed Bhagat Singh,1963,Unknown,0,0,0,120,KN pro,1,,hi,0.0,Flop,5.0,0
Parasmani,1963,Unknown,0,0,1,137,,1,https://image.tmdb.org/t/p/w500/8oTROpOu7OkoTG4FMwXLwpztU9Y.jpg,hi,0.0,Flop,5.301029995663981,0
Ustadon Ke Ustad,1963,Unknown,0,0,0,144,,1,https://image.tmdb.org/t/p/w500/f64m4y7Lv3frWDoF7teylUjDO10.jpg,hi,0.0,Flop,5.0,0
Gul-e-Bakavali,1963,Fantasy,0,0,0,127,Jugal Productions,1,https://image.tmdb.org/t/p/w500/jjysdR56YZ5sY4hFFq5tod6Gjxk.jpg,hi,0.0,Flop,5.0,0
Phir Wohi Dil Laya Hoon,1963,"Music, Romance",0,0,1,0,,1,https://image.tmdb.org/t/p/w500/1r3AYabTpYUdPMvprWzyeouuBkw.jpg,hi,0.0,Flop,5.301029995663981,0
Holiday in Bombay,1963,"Comedy, Romance",0,0,0,102,,1,https://image.tmdb.org/t/p/w500/p2YHapVJ60xXQ4J8twQxTbvGCqf.jpg,hi,0.0,Flop,5.0,0
Ye Dil Kisko Doon,1963,"Drama, Romance",0,0,1,116,,1,https://image.tmdb.org/t/p/w500/xUZZLziJ26jdLCZqOtXcfU0pnu2.jpg,hi,0.0,Flop,5.301029995663981,0
Tarzan and the Magician,1963,Adventure,0,0,0,0,N. R. Brothers,8,https://image.tmdb.org/t/p/w500/bR6pfcpryUyEiz4VoPWcOFyxTTq.jpg,hi,0.0,Flop,5.0,0
Laagi Nahi Chhute Ram,1963,Drama,0,0,0,142,,1,,hi,0.0,Flop,5.0,0
Black Magic,1963,"Fantasy, Horror",0,0,0,0,Screen Art Productions,1,https://image.tmdb.org/t/p/w500/r6vey2lNyuoddvqiU8SweFWNxVD.jpg,hi,0.0,Flop,5.0,0
Kabli Khan,1963,Unknown,0,0,0,123,,1,https://image.tmdb.org/t/p/w500/kn3bCJbAWB7L6s6GMAjzUwg7Y1k.jpg,hi,0.0,Flop,5.0,0
Zarak Khan,1963,Unknown,0,0,0,0,,1,,hi,0.0,Flop,5.0,0
Beti Bete,1964,Unknown,0,0,0,150,,1,,hi,0.0,Flop,5.0,0
Bahurani,1964,Unknown,0,0,0,0,,4,https://image.tmdb.org/t/p/w500/zbLkrT3QQ5ksFFUjiA5aRFJiB9k.jpg,hi,0.0,Flop,5.0,0
Dosti,1964,"Drama, Family",0,0,6,163,Rajshri Productions,3,https://image.tmdb.org/t/p/w500/dvpr8i6gA6elX2kWztWMZ3hZwiP.jpg,hi,0.0,Flop,5.845098040014257,0
Sangam,1964,"Romance, Drama, Music",0,0,18,238,R.K. Films,6,https://image.tmdb.org/t/p/w500/kSTQfpeRgubMad65TYbZjmHjrrk.jpg,hi,0.0,Flop,6.278753600952829,0
Sharabi,1964,"Drama, Romance",0,0,0,135,Black & White Movies,1,https://image.tmdb.org/t/p/w500/pv1fFb97IsAULa1bFXJtmriy65A.jpg,hi,0.0,Flop,5.0,0
Ishaara,1964,Drama,0,0,0,129,,1,https://image.tmdb.org/t/p/w500/nvczy14YEPrE4oUcW1h4Rc9wxDf.jpg,hi,0.0,Flop,5.0,0
Haqeeqat,1964,"War, Action, Drama, Music",0,0,3,169,,2,https://image.tmdb.org/t/p/w500/dey0RnLOjEg83825PJ4kdGHUjsD.jpg,hi,0.0,Flop,5.6020599913279625,0
Woh Kaun Thi,1964,"Mystery, Thriller, Drama, Romance",0,0,9,140,Prithvi Pictures,2,https://image.tmdb.org/t/p/w500/gpG2oMU1B7X9evuvEWFLFXbVwtB.jpg,hi,0.0,Flop,6.0,0
Kashmir Ki Kali,1964,Drama,0,0,6,168,Shakti Films,11,https://image.tmdb.org/t/p/w500/bz6VxjkePzctsg3ornzmdCrQmcl.jpg,hi,0.0,Flop,5.845098040014257,0
Kohraa,1964,"Thriller, Drama, Music, Mystery, Horror",0,0,2,136,Geetanjali Pictures,1,https://image.tmdb.org/t/p/w500/7prOmyKS5JdU1OmR7ZZsNcZnpSq.jpg,hi,0.0,Flop,5.477121254719663,0
Mr. X in Bombay,1964,"Science Fiction, Romance, Thriller, Horror",0,0,1,126,Thakkar Films,1,https://image.tmdb.org/t/p/w500/uNbwjNnFCuudtTHZBfvCu2DxiGk.jpg,hi,0.0,Flop,5.301029995663981,0
Chitralekha,1964,History,0,0,0,135,Pushpa Pictures,1,https://image.tmdb.org/t/p/w500/e9Y5c9MpbqsXCiv82Ad1yAtd0E5.jpg,hi,0.0,Flop,5.0,0
Apne Huye Paraye,1964,"Drama, Family",0,0,0,136,,1,https://image.tmdb.org/t/p/w500/zuRcQnVT56Ty2qKqD3UPZ4s2nHC.jpg,hi,0.0,Flop,5.0,0
Aap Ki Parchhaiyan,1964,"Drama, Music",0,0,0,0,,1,https://image.tmdb.org/t/p/w500/ykOHPehDvvu4HZ32iQE9YxU2lah.jpg,hi,0.0,Flop,5.0,0
Sanjh Aur Savera,1964,"Drama, Family, Romance",0,0,0,134,,1,https://image.tmdb.org/t/p/w500/BxCDjyc2aMCiuQJ2sYwCyEDaJG.jpg,hi,0.0,Flop,5.0,0
Ayee Milan Ki Bela,1964,Romance,0,0,2,0,,1,https://image.tmdb.org/t/p/w500/mdKgH5QhNNN6A2ZWMF3c4TCwrX8.jpg,hi,0.0,Flop,5.477121254719663,0
Samson,1964,"Action, Adventure",0,0,1,137,,1,https://image.tmdb.org/t/p/w500/yR5mcW3pOXgeokWKq0ahgUyZfWf.jpg,hi,0.0,Flop,5.301029995663981,0
Yaadein,1964,"Drama, Mystery",0,0,3,113,,1,https://image.tmdb.org/t/p/w500/l05K0VLPAyX6518NnDtLUfK9Hcz.jpg,hi,0.0,Flop,5.6020599913279625,0
Aaya Toofan,1964,Unknown,0,0,1,140,,1,https://image.tmdb.org/t/p/w500/gY53v2PDn5mGXuGIpllrH4afd9G.jpg,hi,0.0,Flop,5.301029995663981,0
Darasingh,1964,"Action, Adventure, Drama",0,0,1,144,N.C. Films,1,https://image.tmdb.org/t/p/w500/1CJRDANi2wm1ew4ybp4ordprAO4.jpg,hi,0.0,Flop,5.301029995663981,0
Leader,1964,Unknown,0,0,1,176,,3,https://image.tmdb.org/t/p/w500/kxknE0ELx3DUhvMQmfS98X19IMd.jpg,hi,0.0,Flop,5.301029995663981,0
Shagoon,1964,Unknown,0,0,0,125,,1,https://image.tmdb.org/t/p/w500/z0ga5N36HUQ6WXL9Y5sFUmCsUWf.jpg,hi,0.0,Flop,5.0,0
Ziddi,1964,Unknown,0,0,0,0,,1,https://image.tmdb.org/t/p/w500/u1hhBfJHDqgSQojYUhxOZVzL2qj.jpg,hi,0.0,Flop,5.0,0
Zindagi,1964,Drama,0,0,0,158,,1,https://image.tmdb.org/t/p/w500/2EfRcRib7VgQf3hR2K9CdQn1Vfs.jpg,hi,0.0,Flop,5.0,0
Shabnam,1964,Adventure,0,0,0,129,,1,https://image.tmdb.org/t/p/w500/3ehJcj4qGPycyC5rHKVfkN9clus.jpg,hi,0.0,Flop,5.0,0
Rajkumar,1964,Unknown,0,0,2,178,,10,https://image.tmdb.org/t/p/w500/ccBRDXw3QOobR9suAEMTRqJDJkY.jpg,hi,0.0,Flop,5.477121254719663,0
Mera Qasoor Kya Hai,1964,Drama,0,0,0,0,,4,https://image.tmdb.org/t/p/w500/kKYAm8JyaFV1uNJ1W0WUL7LlOSq.jpg,hi,0.0,Flop,5.0,0
Hercules,1964,Adventure,0,0,0,0,,1,https://image.tmdb.org/t/p/w500/aaTNV78MSgXefGwFbH27C7SPZtO.jpg,hi,0.0,Flop,5.0,0
Cha Cha Cha,1964,"Music, Romance",0,0,1,129,,11,https://image.tmdb.org/t/p/w500/x39dEfX46IUgVflktBQNYZh39fr.jpg,hi,0.0,Flop,5.301029995663981,0
Char Dervesh,1964,"Adventure, Fantasy",0,0,0,155,Basant Studios,2,https://image.tmdb.org/t/p/w500/jGnOtfrcydnxgfJhpM2I78hFTtl.jpg,hi,0.0,Flop,5.0,0
Benazir,1964,"Drama, Romance",0,0,0,158,Bimal Roy Productions,6,https://image.tmdb.org/t/p/w500/pB4XiTPNxCU2O0X3beK5wq7T2rE.jpg,hi,0.0,Flop,5.0,0
Jahan Ara,1964,Unknown,0,0,1,0,Light & Shade  Pvt. Ltd.,11,https://image.tmdb.org/t/p/w500/yNiE7BeLWNCn1eqvJWphqEHhBld.jpg,hi,0.0,Flop,5.301029995663981,0
Chandi Ki Deewar,1964,Romance,0,0,0,0,B.R. Pictures,1,https://image.tmdb.org/t/p/w500/rwMEtHeWAxKjA3TPDwF29aIwDnJ.jpg,hi,0.0,Flop,5.0,0
Main Bhi Ladki Hoon,1964,Unknown,0,0,0,0,,10,https://image.tmdb.org/t/p/w500/xPwIUymsqdg1H1fGlviAYrqD10n.jpg,hi,0.0,Flop,5.0,0
Aao Pyaar Karein,1964,"Drama, Romance",0,0,1,122,,6,https://image.tmdb.org/t/p/w500/qjoonbNsc2MBKqrPrIxr9NKBqYF.jpg,hi,0.0,Flop,5.301029995663981,0
Pooja Ke Phool,1964,Unknown,0,0,0,161,AVM Productions,4,https://image.tmdb.org/t/p/w500/kcX8vSdb8YEPWQdIHwUhvSMuAAj.jpg,hi,0.0,Flop,5.0,0
Sons of Hercules,1964,Action,0,0,0,80,,1,https://image.tmdb.org/t/p/w500/sqfjqDS3FUVkP1NYyIv7A4FMgWH.jpg,hi,0.0,Flop,5.0,0
Door Ki Awaz,1964,Unknown,0,0,0,0,,1,https://image.tmdb.org/t/p/w500/z9osqbDJ4EGh243ukH0bh0yECeK.jpg,hi,0.0,Flop,5.0,0
Phoolon Ki Sej,1964,Unknown,0,0,0,148,,1,https://image.tmdb.org/t/p/w500/bMMKFb1NjZdhCR7Xrv1jqv7JWhH.jpg,hi,0.0,Flop,5.0,0
Our National Anthem,1964,"Animation, Documentary",0,0,0,10,Films Division of India,1,https://image.tmdb.org/t/p/w500/8JCEFiPNoFdAuuxE4qIs5EMJYsF.jpg,hi,0.0,Flop,5.0,0
Sarfarosh,1964,History,0,0,0,0,,1,,hi,0.0,Flop,5.0,0
Mujrim Kaun Khooni Kaun,1964,Unknown,0,0,0,0,,1,,hi,0.0,Flop,5.0,0
Teen Devian,1965,"Romance, Music",0,0,1,123,,1,https://image.tmdb.org/t/p/w500/yq233skjYPLKd7ol9cc3lDI3q1j.jpg,hi,0.0,Flop,5.301029995663981,0
Bekhabar,1965,Unknown,0,0,0,0,,1,https://image.tmdb.org/t/p/w500/quZCQtnOyi9rfMv2WhusxsctHhD.jpg,hi,0.0,Flop,5.0,0
Gumnaam,1965,"Mystery, Thriller, Horror",0,0,19,151,Prithvi Pictures,2,https://image.tmdb.org/t/p/w500/b8cRjiBC9BMX2zSfa32QtkmBouB.jpg,hi,0.0,Flop,6.301029995663981,0
Khandan,1965,"Drama, Music",204099,408198,1,158,,9,https://image.tmdb.org/t/p/w500/9nTiaXz3mwJ7LuqFCBzdkcLzegW.jpg,hi,1.0,Hit,5.301029995663981,204099
Waqt,1965,"Crime, Drama, Romance",0,0,10,178,B.R. Films,7,https://image.tmdb.org/t/p/w500/bOvDhkmqvbWWfxE82fAvU4wZVXO.jpg,hi,0.0,Flop,6.041392685158225,0
Guide,1965,"Romance, Drama",0,0,34,183,Navketan International Films,2,https://image.tmdb.org/t/p/w500/a31qY8UA4hsJdwFrollZ1iRzukC.jpg,hi,0.0,Flop,6.544068044350276,0
Jab Jab Phool Khile,1965,"Drama, Romance",0,0,3,147,Lime Light Cinemas,1,https://image.tmdb.org/t/p/w500/wuGkQWCal8UUHxSz9iT5v0hBBcC.jpg,hi,0.0,Flop,5.6020599913279625,0
Shaheed,1965,"Drama, History",0,0,1,150,K.P.K. Movies,1,https://image.tmdb.org/t/p/w500/c0APwxoV0KKp50cHclwz5ZGsvVi.jpg,hi,0.0,Flop,5.301029995663981,0
Lootera,1965,"Action, Drama, Music, Romance",0,0,0,0,,11,,hi,0.0,Flop,5.0,0
Aadhi Raat Ke Baad,1965,"Horror, Science Fiction",0,0,1,137,,1,https://image.tmdb.org/t/p/w500/iaFQrBBJlbLJARk8193lLUl2oB2.jpg,hi,0.0,Flop,5.301029995663981,0
Mere Sanam,1965,"Romance, Music, Drama",0,0,1,167,NH Studioz,11,https://image.tmdb.org/t/p/w500/6u9S6SkbcUwJ0hKlV8DO4UqoI3x.jpg,hi,0.0,Flop,5.301029995663981,0
Sindbad Alibaba and Aladdin,1965,"Adventure, Fantasy",0,0,0,0,,1,https://image.tmdb.org/t/p/w500/yPb2HGuYrBaePgCqx06xQTOKtLc.jpg,hi,0.0,Flop,5.0,0
Oonche Log,1965,"Comedy, Drama, Family",0,0,5,144,Chitrakala Studio,8,https://image.tmdb.org/t/p/w500/zcI0RYhYVOIxN8wouKLgwMoCFUD.jpg,hi,0.0,Flop,5.778151250383644,0
Bhoot Bungla,1965,"Drama, Mystery, Horror, Comedy",0,0,4,140,Mumtaz Films,1,https://image.tmdb.org/t/p/w500/gfBXnv5R0jUiOx9OMQbtKTbXbpP.jpg,hi,0.0,Flop,5.698970004336019,0
Bahu Beti,1965,Unknown,0,0,0,132,Shatrujit Films,9,,hi,0.0,Flop,5.0,0
Boxer,1965,Unknown,0,0,0,138,,9,,hi,0.0,Flop,5.0,0
A Great Day,1965,Comedy,0,0,0,13,Film and Television Institute of India,5,https://image.tmdb.org/t/p/w500/j6dEhk40Civaqo6kF76fwWRgU5f.jpg,hi,0.0,Flop,5.0,0
Kaajal,1965,"Music, Romance",0,0,2,170,Famous Cine Laboratories & Studios,12,https://image.tmdb.org/t/p/w500/cPhbZEqOsnwQ6XQqyFRtHHxJf3q.jpg,hi,0.0,Flop,5.477121254719663,0
Himalay Ki Godmein,1965,"Family, Adventure",0,0,2,120,,1,https://image.tmdb.org/t/p/w500/2QWqkTJFxcIZvigfG2VWpcRO3y1.jpg,hi,0.0,Flop,5.477121254719663,0
Arzoo,1965,"Romance, Drama",0,0,2,177,,1,https://image.tmdb.org/t/p/w500/8wFTRA2vdZcknjDPtQrazB3Uexz.jpg,hi,0.0,Flop,5.477121254719663,0
Main Hoon Jadugar,1965,"Fantasy, Adventure",0,0,0,131,Ashoka Films,4,https://image.tmdb.org/t/p/w500/r1nDTjGjFjLrhmfYYA52vhx32NO.jpg,hi,0.0,Flop,5.0,0
Mahabharat,1965,"Drama, Adventure, Action, Fantasy",0,0,2,163,,1,https://image.tmdb.org/t/p/w500/q9elu8g0Qikrg8uh6XiWkKe8exw.jpg,hi,0.0,Flop,5.477121254719663,0
Where There Is Truth There Is God,1965,"Adventure, Drama, History",0,0,0,138,K.S. Pictures,1,https://image.tmdb.org/t/p/w500/pphI9wKCJPOQMrVGnqJSWymBXsg.jpg,hi,0.0,Flop,5.0,0
Noor Mahal,1965,"Drama, Horror",0,0,0,120,Ratan Productions,1,https://image.tmdb.org/t/p/w500/yklCZscvNA44xdUjIeCG0ht4o4S.jpg,hi,0.0,Flop,5.0,0
Teesra Kaun,1965,"Drama, Action, Crime",0,0,0,0,Bindu Kala Mandir,1,https://image.tmdb.org/t/p/w500/5y8oEEHo2OrCDFcJn4U5jZEbXDi.jpg,hi,0.0,Flop,5.0,0
Johar-Mehmood in Goa,1965,"Comedy, Action, Adventure",0,0,2,0,Johar Films,4,https://image.tmdb.org/t/p/w500/aPbUsdNguSfkbrtB7UOMJ1WnXhL.jpg,hi,0.0,Flop,5.477121254719663,0
Geet Gaaya Pattharonne,1965,Romance,0,0,4,0,V. Shantaram Productions,1,https://image.tmdb.org/t/p/w500/sm3qB7O6RUxxWVhzNKN1oXihx5L.jpg,hi,0.0,Flop,5.698970004336019,0
Bheegi Raat,1965,"Comedy, Drama, Romance",0,0,1,157,,12,https://image.tmdb.org/t/p/w500/zWZ1Y47L7IMK50USDYXhbihbFgM.jpg,hi,0.0,Flop,5.301029995663981,0
Purnima,1965,Unknown,0,0,0,120,Roopkala Pictures,5,https://image.tmdb.org/t/p/w500/raTVqzFujHl9n6lR1zATa6BivG4.jpg,hi,0.0,Flop,5.0,0
Aakash Deep,1965,Drama,0,0,0,146,,1,https://image.tmdb.org/t/p/w500/1dQOyf2Gg9ANM0a49fVseVg1u69.jpg,hi,0.0,Flop,5.0,0
Do Dil,1965,Romance,0,0,0,0,,1,https://image.tmdb.org/t/p/w500/tIke9L1nydvgzh79cC8Q31DRvpB.jpg,hi,0.0,Flop,5.0,0
Neela Akash,1965,Unknown,0,0,0,0,,1,https://image.tmdb.org/t/p/w500/aDXloYkCijj9tVZ6ZwUY7aXkW3D.jpg,hi,0.0,Flop,5.0,0
Rishte Naate,1965,Drama,0,0,0,158,,1,https://image.tmdb.org/t/p/w500/3X4R7rCDtDC5IxRVftSm8tcI84u.jpg,hi,0.0,Flop,5.0,0
Flying Circus,1965,Unknown,0,0,0,0,,1,https://image.tmdb.org/t/p/w500/A8qXzHIz5tiflgLLZfawdSEcVy6.jpg,hi,0.0,Flop,5.0,0
Night of the Full Moon,1965,"Mystery, Horror",0,0,0,136,Kishore Sahu Productions,1,https://image.tmdb.org/t/p/w500/jd5t3kU72ouzSzCPX3fpN2QCzho.jpg,hi,0.0,Flop,5.0,0
Dak Ghar,1965,Drama,0,0,0,60,Children's Film Society of India,1,https://image.tmdb.org/t/p/w500/tDS9GWVrInUnH9uyH3uJZMgydK6.jpg,hi,0.0,Flop,5.0,0
Hum Sab Ustad Hain,1965,"Action, Comedy",0,0,1,136,,1,https://image.tmdb.org/t/p/w500/j5gDfyt7r5PK7U7GBoBvrZL1IUd.jpg,hi,0.0,Flop,5.301029995663981,0
Sky palace,1965,Unknown,0,0,0,0,,1,https://image.tmdb.org/t/p/w500/r0JcL0n5DuNPFb19khQK5VHAL2o.jpg,hi,0.0,Flop,5.0,0
Tarzan Comes to Delhi,1965,Adventure,0,0,0,121,,1,https://image.tmdb.org/t/p/w500/xEfQ8l9DBA7icEhvANiiMKyF7Qp.jpg,hi,0.0,Flop,5.0,0
Kanyadan,1965,Drama,0,0,0,102,,1,https://image.tmdb.org/t/p/w500/mREeLmT2THELUJF8kfVgfTxfIS2.jpg,hi,0.0,Flop,5.0,0
Light,1965,Drama,0,0,0,12,Film and Television Institute of India,5,https://image.tmdb.org/t/p/w500/zfroCpQTXR6vbqF0EJnQ6azzXEm.jpg,hi,0.0,Flop,5.0,0
Convey The Message,1965,Unknown,0,0,0,0,,4,https://image.tmdb.org/t/p/w500/apV7YwiikYVZAJpoQIRZKyZjOS9.jpg,hi,0.0,Flop,5.0,0
Flying Man,1965,Unknown,0,0,0,0,,1,https://image.tmdb.org/t/p/w500/pSzyfuwdwTgUNGfDFtCGxcMcWk4.jpg,hi,0.0,Flop,5.0,0
Faraar,1965,"Mystery, Thriller",0,0,0,137,Geetanjali Pictures,1,https://image.tmdb.org/t/p/w500/rpOTmD2Ky1mDYiChs1SspgqvmU.jpg,hi,0.0,Flop,5.0,0
Tarzan and King Kong,1965,Unknown,0,0,1,0,,11,https://image.tmdb.org/t/p/w500/xE8beoJOKu1ffKC7685lXkQq4hL.jpg,hi,0.0,Flop,5.301029995663981,0
The Betrayal,1965,Drama,0,0,0,11,Film and Television Institute of India,1,https://image.tmdb.org/t/p/w500/1QUHdRZnUb2IldXk3pB3FL4FasF.jpg,hi,0.0,Flop,5.0,0
Pati Patni,1966,Unknown,0,0,0,159,,6,,hi,0.0,Flop,5.0,0
Rustam Kaun ?,1966,"Adventure, Horror",0,0,0,131,Amrit Kala Mandir,1,https://image.tmdb.org/t/p/w500/2VjU6JpNyWwOrRMeKt1H1xlqwrP.jpg,hi,0.0,Flop,5.0,0
Chhota Bhai,1966,Unknown,0,0,0,136,,1,https://image.tmdb.org/t/p/w500/e3Fkn5HaixHQujPk98qtDEcGdq8.jpg,hi,0.0,Flop,5.0,0
Anupama,1966,"Family, Drama",0,0,6,148,,1,https://image.tmdb.org/t/p/w500/ojTUDpCurFHFEURK5OUKbGOyXks.jpg,hi,0.0,Flop,5.845098040014257,0
Dus Lakh,1966,Unknown,0,0,0,0,,1,https://image.tmdb.org/t/p/w500/8r2vWj51kayUMkc6uj6CNKSABrv.jpg,hi,0.0,Flop,5.0,0
Suraj,1966,"Romance, Music, Action",0,0,2,155,Venus Pictures,3,https://image.tmdb.org/t/p/w500/izVQLp4s3UKs2JEu0GqUPh4Lj3d.jpg,hi,0.0,Flop,5.477121254719663,0
Dillagi,1966,Unknown,0,0,0,148,,8,https://image.tmdb.org/t/p/w500/9iRizG2zVn8Hda4UwxKWMtIc3Fh.jpg,hi,0.0,Flop,5.0,0
Amrapali,1966,"War, Fantasy, History, Drama, Music, Romance",0,0,8,121,Eagle Films,9,https://image.tmdb.org/t/p/w500/d39lmb3KtzN7rF4YvVoW39vcrIt.jpg,hi,0.0,Flop,5.954242509439325,0
Yatrik,1966,Unknown,0,0,0,20,Film and Television Institute of India,10,https://image.tmdb.org/t/p/w500/8hOkGA40TRJkVUBf125S0V83G12.jpg,hi,0.0,Flop,5.0,0
Pyar Kiye Jaa,1966,"Comedy, Romance, Drama",0,0,3,154,Chitralaya,2,https://image.tmdb.org/t/p/w500/ksKLcSHc0RPmg7aFXTtPhbCDPMb.jpg,hi,0.0,Flop,5.6020599913279625,0
Akalmand,1966,Comedy,0,0,0,121,,1,,hi,0.0,Flop,5.0,0
Teesri Manzil,1966,"Mystery, Thriller, Comedy",0,0,13,175,"United Producers, Nasir Hussain Films",10,https://image.tmdb.org/t/p/w500/nibr8V7SWtBUJASFlRJmCE6BbLY.jpg,hi,0.0,Flop,6.146128035678238,0
Devar,1966,"Romance, Crime, Drama",0,0,0,164,De Luxe Films,3,https://image.tmdb.org/t/p/w500/szuJiqhOEEYlsOQEj9BykfONPsL.jpg,hi,0.0,Flop,5.0,0
Mera Saaya,1966,"Drama, Mystery",0,0,5,128,,1,https://image.tmdb.org/t/p/w500/fBTFTZ9kQn1Un8iFPA1GzurHbad.jpg,hi,0.0,Flop,5.778151250383644,0
Lal Bangla,1966,"Mystery, Horror",0,0,0,135,Jugal Productions,1,https://image.tmdb.org/t/p/w500/vrV0m8IRQTWniwUyGs6vVDWhGGj.jpg,hi,0.0,Flop,5.0,0
Teesri Kasam,1966,"Romance, Comedy, Drama",0,0,7,159,,7,https://image.tmdb.org/t/p/w500/ze5MbliF0jqXWspuj3FFsTnJVKL.jpg,hi,0.0,Flop,5.903089986991944,0
Love in Tokyo,1966,"Drama, Music, Romance, Comedy",0,0,2,166,Pramod Films,1,https://image.tmdb.org/t/p/w500/lAwYtzhXsbYNAAvJ9JXhcfIqfkE.jpg,hi,0.0,Flop,5.477121254719663,0
Tasveer,1966,Action,0,0,0,145,Wadia Films Pvt. Ltd.,10,https://image.tmdb.org/t/p/w500/6Vv8sR85L84436vYv5wLv8vW7gC.jpg,hi,0.0,Flop,5.0,0
Mamta,1966,"Family, Music, Romance",0,0,3,150,,2,https://image.tmdb.org/t/p/w500/59KYtL9GR4NKqSY7v8XowxVB9aS.jpg,hi,0.0,Flop,5.6020599913279625,0
Yeh Raat Phir Na Aaygi,1966,"Mystery, Drama, Romance, Thriller, Horror",0,0,1,139,Shri Krishna Films,1,https://image.tmdb.org/t/p/w500/dudHFtukozOOncoREYGZPmjbfJu.jpg,hi,0.0,Flop,5.301029995663981,0
Gogola,1966,"Science Fiction, Horror",0,0,0,133,,1,https://image.tmdb.org/t/p/w500/ysEWj3s1TYi2agRwrhjJdsjYncm.jpg,hi,0.0,Flop,5.0,0
Daadi Maa,1966,Unknown,0,0,0,0,,1,https://image.tmdb.org/t/p/w500/8Q0jUITPk5alLT2Yr8xvR3QtmQD.jpg,hi,0.0,Flop,5.0,0
Biradari,1966,Drama,0,0,1,140,,1,https://image.tmdb.org/t/p/w500/jN97csce4sLiDcYIOvP8EJacKjy.jpg,hi,0.0,Flop,5.301029995663981,0
Gaban,1966,"Crime, Drama, Romance",0,0,2,0,,1,,hi,0.0,Flop,5.477121254719663,0
Afsana,1966,Unknown,0,0,0,0,,1,https://image.tmdb.org/t/p/w500/losfYMNWiyTU0K5j4gGgL0A4ZUG.jpg,hi,0.0,Flop,5.0,0
Husn Aur Ishq,1966,"Fantasy, Adventure",0,0,0,129,Dimple Films,1,https://image.tmdb.org/t/p/w500/ohRDJ9mMwVxA9jjrVRdyR5WfXVF.jpg,hi,0.0,Flop,5.0,0
Phool Aur Patthar,1966,Romance,0,0,2,162,Ralhan Productions Pvt. Ltd.,10,https://image.tmdb.org/t/p/w500/gb0RpIIkeRpDxJbiqA7gNLPIqVI.jpg,hi,0.0,Flop,5.477121254719663,0
Do Badan,1966,Unknown,0,0,1,139,,1,https://image.tmdb.org/t/p/w500/6QTKNBWGJu066uy9wVxt6Cniy7x.jpg,hi,0.0,Flop,5.301029995663981,0
Sawan Ki Ghata,1966,Romance,0,0,3,136,United Producers,1,https://image.tmdb.org/t/p/w500/87OecBWpsEn0oRgFFLowWmJBBOV.jpg,hi,0.0,Flop,5.6020599913279625,0
Aaye Din Bahar Ke,1966,Romance,0,0,2,170,,4,https://image.tmdb.org/t/p/w500/8sM0hsG87WhianHtMtrNHDnvZNs.jpg,hi,0.0,Flop,5.477121254719663,0
Biwi Aur Makan,1966,Comedy,0,0,1,126,Geetanjali Pictures,1,https://image.tmdb.org/t/p/w500/rAAtOcVKAghwiEMtpSTDRrZs81s.jpg,hi,0.0,Flop,5.301029995663981,0
Tarzan and the Magical Lamp,1966,"Fantasy, Adventure",0,0,0,136,,1,https://image.tmdb.org/t/p/w500/LRNMH69v4II5Gu5sJgvbph8Lmv.jpg,hi,0.0,Flop,5.0,0
Dil Diya Dard Liya,1966,"Drama, Romance",0,0,3,169,,1,,hi,0.0,Flop,5.6020599913279625,0
Love is life,1966,Unknown,0,0,0,0,,1,https://image.tmdb.org/t/p/w500/xfH06gn5j9HWa8zrN7Yo8qpaeNN.jpg,hi,0.0,Flop,5.0,0
Do Dilon Ki Dastaan,1966,Romance,153,0,0,0,,1,https://image.tmdb.org/t/p/w500/iCJe2uubtuqq3X29L8m4SZoCCuk.jpg,hi,-1.0,Flop,5.0,-153
Love and Murder,1966,"Mystery, Horror",0,0,0,123,,1,https://image.tmdb.org/t/p/w500/dAyU0MhOtKoMa1nVbptlKy2LQxm.jpg,hi,0.0,Flop,5.0,0
So Saal Baad,1966,"Horror, Mystery",0,0,0,0,,12,https://image.tmdb.org/t/p/w500/kc8nwoScuH02oe2pTRhpFZ23tJS.jpg,hi,0.0,Flop,5.0,0
Smuggler,1966,"Action, Crime",0,0,0,131,R. M. Arts Productions,1,https://image.tmdb.org/t/p/w500/vdX7zzSeP40Nb3uLD2GPhjv1oDZ.jpg,hi,0.0,Flop,5.0,0
Dil Ne Phir Yaad Kiya,1966,"Drama, Romance",0,0,1,0,Rawal Films,1,https://image.tmdb.org/t/p/w500/zmgAHUUpBFuEKwX7muz2AeqqtRU.jpg,hi,0.0,Flop,5.301029995663981,0
The Glass Pane,1966,Drama,0,0,0,10,Film and Television Institute of India,6,https://image.tmdb.org/t/p/w500/jbcAwR4qAoq4oMAL8Yh3DHv9w82.jpg,hi,0.0,Flop,5.0,0
Aakhri Khat,1966,Drama,0,0,3,153,,1,https://image.tmdb.org/t/p/w500/nC8AncSgImFE3ccCFP0w3PbXObv.jpg,hi,0.0,Flop,5.6020599913279625,0
Swimmy,1966,Unknown,0,0,0,6,,1,,hi,0.0,Flop,5.0,0
Sannata,1966,"Horror, Mystery",0,0,0,0,G.C. Films,1,https://image.tmdb.org/t/p/w500/ulq4gF1Ir2LvJVGIrAFA85FG8yy.jpg,hi,0.0,Flop,5.0,0
Khoon Ka Khoon,1966,"Action, Romance, Drama",0,0,0,0,,1,https://image.tmdb.org/t/p/w500/rFpGHFR7zusOSy9XVMKRQBEri4l.jpg,hi,0.0,Flop,5.0,0
Thakur Jarnail Singh,1966,Action,0,0,0,0,R. M. Arts Productions,1,https://image.tmdb.org/t/p/w500/jwMVU82pq5RM1YZpptL7zWQQExn.jpg,hi,0.0,Flop,5.0,0
Spy in Goa,1966,Unknown,0,0,0,0,,1,https://image.tmdb.org/t/p/w500/bbQisiLa0rhGmKThwCIJ84XE1VW.jpg,hi,0.0,Flop,5.0,0
Laadla,1966,"Drama, Family",0,0,0,139,AVM Productions,1,https://image.tmdb.org/t/p/w500/wMnUuBhLB3K0qKNsDIejIpj1uGI.jpg,hi,0.0,Flop,5.0,0
Preet Na Jane Reet,1966,Romance,0,0,0,0,Moviestan,1,https://image.tmdb.org/t/p/w500/zvU9qbGUYDonwpKPeDizo4CeJBQ.jpg,hi,0.0,Flop,5.0,0
Girl From Sahyadri,1966,"Drama, Thriller",0,0,0,114,,1,https://image.tmdb.org/t/p/w500/aG6RGLHVrfh4k6EHEv1GgIiKfto.jpg,hi,0.0,Flop,5.0,0
Main Wohi Hoon,1966,Unknown,0,0,0,0,,1,,hi,0.0,Flop,5.0,0
Diwana,1967,"Music, Romance, Drama",0,0,2,171,Anupam Chitra,1,https://image.tmdb.org/t/p/w500/pKcw1g02TDCPTWYjnuKVGquVwVr.jpg,hi,0.0,Flop,5.477121254719663,0
Anita,1967,"Drama, Romance, Mystery, Horror",0,0,0,143,,10,https://image.tmdb.org/t/p/w500/aA0rDCXoQIXxRZpBAxmoApcc6wf.jpg,hi,0.0,Flop,5.0,0
Wahan Ke Log,1967,"Science Fiction, Drama, Action, Adventure",0,0,1,144,,1,https://image.tmdb.org/t/p/w500/kQBXy3KrBprdUDPc0CF1bRQraO2.jpg,hi,0.0,Flop,5.301029995663981,0
An Evening in Paris,1967,"Comedy, Drama, Music, Romance",0,190000,2,168,,1,https://image.tmdb.org/t/p/w500/xlSfgJ3HW9nhUwjVyqZzHgAiatg.jpg,hi,0.0,Flop,5.477121254719663,190000
Baharon Ke Sapne,1967,"Family, Drama",0,0,2,171,,6,https://image.tmdb.org/t/p/w500/zMSOCvweJuxZ727y113vmwpsX2S.jpg,hi,0.0,Flop,5.477121254719663,0
Gunehgar,1967,Unknown,0,0,0,0,,1,https://image.tmdb.org/t/p/w500/rDZpzGCxGLfo4cdW1Mzlyhz7Qmu.jpg,hi,0.0,Flop,5.0,0
Upkar,1967,"Drama, Family",0,0,3,175,,1,https://image.tmdb.org/t/p/w500/omhgmcfkBUG9GI85eGgevpZCHwu.jpg,hi,0.0,Flop,5.6020599913279625,0
Ram Aur Shyam,1967,"Drama, Family, Romance",0,0,5,171,Vijaya International,1,https://image.tmdb.org/t/p/w500/w9ysdKXWIF1sqoZJnidrSK7qOp5.jpg,hi,0.0,Flop,5.778151250383644,0
Hamraaz,1967,"Thriller, Music, Mystery",0,0,2,170,"All-India Film Corporation, B.R. Films, United Producers, Prabha Pictures",10,https://image.tmdb.org/t/p/w500/edVMQPYBnBwzfzZSSDKoawymYyh.jpg,hi,0.0,Flop,5.477121254719663,0
Majhli Didi,1967,Drama,0,0,2,136,,9,https://image.tmdb.org/t/p/w500/jsPlSuLNEuhGWgd5clxqGOK3NP5.jpg,hi,0.0,Flop,5.477121254719663,0
Milan,1967,"Drama, Romance",0,0,4,170,Prasad Productions Private Ltd.,3,https://image.tmdb.org/t/p/w500/4JnAptFgSCfFMIz8vj2fMLJWtw6.jpg,hi,0.0,Flop,5.698970004336019,0
Raaz,1967,Mystery,0,0,1,0,,1,https://image.tmdb.org/t/p/w500/k0angGa6pNwz1aLdM96EoLQMU7I.jpg,hi,0.0,Flop,5.301029995663981,0
Aurat,1967,Drama,0,0,0,154,Gemini Studios,8,https://image.tmdb.org/t/p/w500/e35uBCFl3O1CLsL7GMbzHDxWkfh.jpg,hi,0.0,Flop,5.0,0
Farz,1967,"Action, Thriller, Crime",0,0,2,170,Vijaya Lakhshmi Pictures,1,https://image.tmdb.org/t/p/w500/a3RouXI8py5I4gsHoUSW3l8jM32.jpg,hi,0.0,Flop,5.477121254719663,0
Jewel Thief,1967,"Thriller, Crime, Drama",0,0,18,186,Navketan,10,https://image.tmdb.org/t/p/w500/bDgXjS4bXj2RDj3KpIb023d7AAT.jpg,hi,0.0,Flop,6.278753600952829,0
Bahu Begum,1967,"Comedy, Drama, Romance",0,0,1,167,Sanamkada Films,2,https://image.tmdb.org/t/p/w500/cI1u6wEnMEihWHMY2p8XLCeAfFm.jpg,hi,0.0,Flop,5.301029995663981,0
Patthar Ke Sanam,1967,"Drama, Romance",0,0,1,138,,1,https://image.tmdb.org/t/p/w500/gM0Qedc90GpFbzXrytVStdIERYa.jpg,hi,0.0,Flop,5.301029995663981,0
Raat Aur Din,1967,"Thriller, Mystery",0,0,3,135,,1,https://image.tmdb.org/t/p/w500/tLEzO7TPhlwDNifWZAi0KZaBuaD.jpg,hi,0.0,Flop,5.6020599913279625,0
Taqdeer,1967,Drama,0,0,1,108,,7,https://image.tmdb.org/t/p/w500/hYBOrDFv1vkNAZMDT6tPuEAmBBV.jpg,hi,0.0,Flop,5.301029995663981,0
Chhoti Si Mulaqat,1967,"Drama, Romance",0,0,0,175,,1,https://image.tmdb.org/t/p/w500/qfF6iCOBkhNYfCoTK6A4lnzopS.jpg,hi,0.0,Flop,5.0,0
Gunahon Ka Devta,1967,Drama,0,0,1,154,Janta Chitra,11,https://image.tmdb.org/t/p/w500/np0zIcDEV3GtoCAjlzQybybgwF.jpg,hi,0.0,Flop,5.301029995663981,0
Mera Bhai Mera Dushman,1967,Unknown,0,0,1,0,,1,,hi,0.0,Flop,5.301029995663981,0
Dil Ne Pukara,1967,"Drama, Romance",0,0,1,134,Mohan Films,1,https://image.tmdb.org/t/p/w500/w1t3atcfX4p35OngaAl2IFiAcbm.jpg,hi,0.0,Flop,5.301029995663981,0
Dulhan Ek Raat Ki,1967,Drama,0,0,0,140,,1,https://image.tmdb.org/t/p/w500/sT49UlcpBdyAO7DP6jX7a3bwMGg.jpg,hi,0.0,Flop,5.0,0
Aag,1967,"Action, Drama",0,0,0,120,,5,https://image.tmdb.org/t/p/w500/57eUhhIQ1P7igS3ZSjdm7GpwQXb.jpg,hi,0.0,Flop,5.0,0
Around The World,1967,"Comedy, Romance",0,0,2,178,P.S. Pictures,1,https://image.tmdb.org/t/p/w500/pUgyH7hkwUbdfRuCf9hn1uiX5qP.jpg,hi,0.0,Flop,5.477121254719663,0
Aman,1967,"Drama, Adventure, Romance",0,0,0,152,Emkay Productions,1,https://image.tmdb.org/t/p/w500/f8ww2aoAkWygWXmQnRaspxIXD2i.jpg,hi,0.0,Flop,5.0,0
Mehrban,1967,"Family, Drama",0,0,0,164,AVM Productions,4,https://image.tmdb.org/t/p/w500/mAmkbfJH5B5f90pYqHFn0SP0dRQ.jpg,hi,0.0,Flop,5.0,0
Hare Kanch Ki Chooriyan,1967,"Drama, Family, Romance",0,0,0,165,,1,https://image.tmdb.org/t/p/w500/cDNMR6Q7diatZ1qvpQ7OHEZu8tT.jpg,hi,0.0,Flop,5.0,0
Rustom Sohrab,1967,"Romance, Adventure",0,0,2,144,Ramsay Productions,6,https://image.tmdb.org/t/p/w500/fcB7NnB17ueJIhgb4Us0hIcVyQs.jpg,hi,0.0,Flop,5.477121254719663,0
C.I.D. 909,1967,"Action, Drama, Romance, Crime",0,0,0,123,Bindu Kala Mandir,1,https://image.tmdb.org/t/p/w500/fpguxNUYurWdIuJ69H2BTromogS.jpg,hi,0.0,Flop,5.0,0
Shagird,1967,Unknown,0,0,2,0,,6,https://image.tmdb.org/t/p/w500/cwe6oSo3vJSGrLFdbrymTMifyKV.jpg,hi,0.0,Flop,5.477121254719663,0
Nai Roshni,1967,"Drama, Family",0,0,0,0,,1,https://image.tmdb.org/t/p/w500/lVjquY7uoNzUBp7dHaeH74QuteK.jpg,hi,0.0,Flop,5.0,0
Palki,1967,Unknown,0,0,0,152,Poonam Pictures,1,https://image.tmdb.org/t/p/w500/qILxqHReuMFcZuSemveE04JTU6T.jpg,hi,0.0,Flop,5.0,0
Noorjehan,1967,"Drama, Romance, History",0,0,1,130,,12,https://image.tmdb.org/t/p/w500/AjRgD3ogzbDQDc5LUa5FwASLRxt.jpg,hi,0.0,Flop,5.301029995663981,0
Woh Koi Aur Hoga,1967,"Mystery, Horror",0,0,0,130,Amritkala Mandir,12,https://image.tmdb.org/t/p/w500/s1CQFsfoC9f0vfFimCfIAmglx6a.jpg,hi,0.0,Flop,5.0,0
Chandan Ka Palna,1967,Unknown,0,0,1,0,,9,https://image.tmdb.org/t/p/w500/fJOj0cKOQgj6CyM1nzlRAZWp08V.jpg,hi,0.0,Flop,5.301029995663981,0
Jab Yaad Kisi Ki Aati Hai,1967,Unknown,0,0,0,143,N.S. Films,1,https://image.tmdb.org/t/p/w500/v3LL0AefaDAUfl5ZmFXxaYdCiKM.jpg,hi,0.0,Flop,5.0,0
Night in London,1967,"Action, Drama, Thriller",0,0,0,0,,1,https://image.tmdb.org/t/p/w500/aVpxdL80wLPgjUYkgVFUygxURnp.jpg,hi,0.0,Flop,5.0,0
Nasihat,1967,Unknown,0,0,0,131,,1,https://image.tmdb.org/t/p/w500/bIb3ywf5qrxC8EBVMhqlgBWvV5c.jpg,hi,0.0,Flop,5.0,0
Naunihal,1967,"Family, Crime, Drama",0,0,1,126,,4,https://image.tmdb.org/t/p/w500/v1jUJrPiG4l1mMcUrHQAteivcEC.jpg,hi,0.0,Flop,5.301029995663981,0
Latt Saheb,1967,Unknown,0,0,0,0,,1,https://image.tmdb.org/t/p/w500/cHaHydeP1T6duCH6lBexShNo2DV.jpg,hi,0.0,Flop,5.0,0
Badrinath Yatra,1967,Unknown,0,0,0,140,NH Studioz,8,https://image.tmdb.org/t/p/w500/jC5uvQvHXwaDx6aKtgbCD0Uzvrd.jpg,hi,0.0,Flop,5.0,0
Ram Rajya,1967,Drama,0,0,0,0,,1,,hi,0.0,Flop,5.0,0
Johar in Bombay,1967,Unknown,0,0,0,0,,1,https://image.tmdb.org/t/p/w500/pDc1LKv633nqZgSidIYzyzoWGzh.jpg,hi,0.0,Flop,5.0,0
Naya Raasta - The New Road,1967,Unknown,0,0,0,0,,12,,hi,0.0,Flop,5.0,0
Izzat,1968,Unknown,0,0,1,0,,1,https://image.tmdb.org/t/p/w500/16fUroFckAESDKvIfv1up1B0iSM.jpg,hi,0.0,Flop,5.301029995663981,0
Haseena Maan Jaayegi,1968,"Action, Drama, Romance",0,0,2,165,Mangatram Films,1,https://image.tmdb.org/t/p/w500/i3vSZPmuJbVNt0175V3VwTmOVJK.jpg,hi,0.0,Flop,5.477121254719663,0
Sadhu Aur Shaitaan,1968,Unknown,0,0,3,155,,3,https://image.tmdb.org/t/p/w500/nPDWgIBTjkGU9lsvdOu07AOmai9.jpg,hi,0.0,Flop,5.6020599913279625,0
Haye Mera Dil,1968,Unknown,0,0,0,170,Manohar Films,1,https://image.tmdb.org/t/p/w500/7C8wD53eKhWDubtiuQ1q6lYsLsb.jpg,hi,0.0,Flop,5.0,0
Brahmachari,1968,"Comedy, Drama",0,0,10,157,United Producers,4,https://image.tmdb.org/t/p/w500/4pggTSNGOfY0gVKCfLAb163QJ6Z.jpg,hi,0.0,Flop,6.041392685158225,0
Sunghursh,1968,"Drama, Action, Crime",0,0,0,158,Rahul Theatres,7,https://image.tmdb.org/t/p/w500/nbFskoUzjl8zpxeoszrg5Cxjz82.jpg,hi,0.0,Flop,5.0,0
Saathi,1968,Drama,0,0,1,156,Venus Pictures,1,https://image.tmdb.org/t/p/w500/gQG7ZwS4JKl6SynrqO9UXSRrnMc.jpg,hi,0.0,Flop,5.301029995663981,0
Duniya,1968,"Drama, Family",0,0,1,149,,3,https://image.tmdb.org/t/p/w500/nlvsiAKKXrKnJpaISg60GFbrdp4.jpg,hi,0.0,Flop,5.301029995663981,0
Juari,1968,Romance,0,0,0,155,Lotus Productions,1,https://image.tmdb.org/t/p/w500/6BhFgDi8hwhxAM6vn3xlS7yrDF8.jpg,hi,0.0,Flop,5.0,0
Mere Hamdam Mere Dost,1968,"Drama, Thriller",0,0,3,154,,1,https://image.tmdb.org/t/p/w500/tZLauPzicX2sWK4f5nyTajU63W9.jpg,hi,0.0,Flop,5.6020599913279625,0
Professor & Jadugar,1968,"Fantasy, Horror",0,0,0,155,Triple Star Films,1,https://image.tmdb.org/t/p/w500/uBQMIjKPga7uyn9ag7tOKUUG2rj.jpg,hi,0.0,Flop,5.0,0
Kahin Din Kahin Raat,1968,Unknown,0,0,1,133,,1,https://image.tmdb.org/t/p/w500/8VYQsXsTIdln9rSlAFhLSlmnqcF.jpg,hi,0.0,Flop,5.301029995663981,0
Saraswatichandra,1968,Unknown,0,0,2,156,Sarvodaya Pictures,1,https://image.tmdb.org/t/p/w500/h6IHdgQRhZCsFpN8uhov1cxEZBn.jpg,hi,0.0,Flop,5.477121254719663,0
Shrimanji,1968,"Family, Drama",0,0,0,75,,1,,hi,0.0,Flop,5.0,0
Shikar,1968,"Thriller, Mystery",0,0,2,139,Guru Dutt Films Pvt. Ltd.,1,https://image.tmdb.org/t/p/w500/eprw3uSganYrtTbofGtZrBo9ihn.jpg,hi,0.0,Flop,5.477121254719663,0
Baharon Ki Manzil,1968,"Mystery, Thriller",0,0,2,160,,1,https://image.tmdb.org/t/p/w500/xJECnMWzbH1sqDDnYEBeArH1Wd3.jpg,hi,0.0,Flop,5.477121254719663,0
Aansoo Ban Gaye Phool,1968,Romance,0,0,1,155,,12,https://image.tmdb.org/t/p/w500/8FNQTTPc8OsA74J2kQitmyRdOAs.jpg,hi,0.0,Flop,5.301029995663981,0
Aadmi,1968,"Music, Romance",0,0,1,175,S.V. Films,1,https://image.tmdb.org/t/p/w500/qIGudeHpzNVKAIiktME7Z2OSjnb.jpg,hi,0.0,Flop,5.301029995663981,0
Mere Huzoor,1968,Romance,0,0,4,165,Movie Mughals,10,https://image.tmdb.org/t/p/w500/3iVuiyJKDElUilGNtfx03KrDycv.jpg,hi,0.0,Flop,5.698970004336019,0
Kanyadaan,1968,Drama,0,0,1,149,Kiron Productions,3,https://image.tmdb.org/t/p/w500/uX7oJkw9MFHn4KThj4CjQjMkEBA.jpg,hi,0.0,Flop,5.301029995663981,0
Teri Talaash Mein,1968,"Mystery, Horror",0,0,0,0,,1,https://image.tmdb.org/t/p/w500/pocdYjMl5t9zfl1y9J0vnC1bCNj.jpg,hi,0.0,Flop,5.0,0
Gauri,1968,"Drama, Family",0,0,1,153,,1,https://image.tmdb.org/t/p/w500/e0pgGsvjZPtKhJrUaNRbDorKfb6.jpg,hi,0.0,Flop,5.301029995663981,0
Anokhi Raat,1968,"Mystery, Crime, Drama, Family, Music",0,0,1,120,L.B. Films,1,https://image.tmdb.org/t/p/w500/794W4KqOC6czWdErX6odM5i83EJ.jpg,hi,0.0,Flop,5.301029995663981,0
London Express,1968,Unknown,0,0,0,0,,1,https://image.tmdb.org/t/p/w500/9O12bToqV78qphW8AUyCodKKW48.jpg,hi,0.0,Flop,5.0,0
Spy in Rome,1968,Unknown,0,0,0,0,,1,https://image.tmdb.org/t/p/w500/fUpLyUja6qhHoJXiQHwxAQIcB8Q.jpg,hi,0.0,Flop,5.0,0
Do Dooni Chaar,1968,Comedy,0,0,0,135,,1,https://image.tmdb.org/t/p/w500/6WDQnqD4eRrQgoMqdpU5ExyKpB8.jpg,hi,0.0,Flop,5.0,0
Aanchal Ke Phool,1968,Drama,0,0,0,143,M.R.S. Films,1,,hi,0.0,Flop,5.0,0
Kahin Aur Chal,1968,Drama,0,0,0,0,,1,https://image.tmdb.org/t/p/w500/x9iXCQiC1zDarmEb1mETq6vQghd.jpg,hi,0.0,Flop,5.0,0
Ek Kali Muskai,1968,Drama,0,0,0,150,,1,,hi,0.0,Flop,5.0,0
And I Make Short Films,1968,Documentary,0,0,1,16,Films Division of India,1,https://image.tmdb.org/t/p/w500/mhUYMX3QxKCn0tbCK8Ne4gqbDOw.jpg,hi,0.0,Flop,5.301029995663981,0
Sachaai,1969,Unknown,0,0,0,0,,1,https://image.tmdb.org/t/p/w500/cDB9MvHYVqMGbu1pp52IymCFJcN.jpg,hi,0.0,Flop,5.0,0
Balak,1969,Unknown,0,0,1,0,,1,https://image.tmdb.org/t/p/w500/8Rfw0LMAeq2qTWKTI5ny5N3NM69.jpg,hi,0.0,Flop,5.301029995663981,0
Anmol Moti (Precious Pearl),1969,"Action, Romance",0,0,0,143,,8,https://image.tmdb.org/t/p/w500/oc2co0UqO1qTBEQ2Q6psbpIMWJt.jpg,hi,0.0,Flop,5.0,0
Bhai Bahen,1969,"Drama, Family",0,0,0,151,,1,https://image.tmdb.org/t/p/w500/wnt9BngJDyDDpO4HoIgjHxgANY7.jpg,hi,0.0,Flop,5.0,0
Aradhana,1969,"Drama, Romance",0,0,15,169,United Producers,11,https://image.tmdb.org/t/p/w500/wpAYC3kWt9VpDDY2a3jWt4sF3wc.jpg,hi,0.0,Flop,6.204119982655925,0
Satyakam,1969,Drama,0,0,2,175,Punchhe Arts International,1,https://image.tmdb.org/t/p/w500/mPbiTLw6vutqw5xpI09MAyxBnCb.jpg,hi,0.0,Flop,5.477121254719663,0
Khamoshi,1969,"Romance, Drama, Family",0,0,1,127,Geetanjali Pictures,4,https://image.tmdb.org/t/p/w500/pKTvRDjHmdT59hPNZvt8WBJj88E.jpg,hi,0.0,Flop,5.301029995663981,0
Bhuvan Shome,1969,Drama,0,0,8,96,Mrinal Sen Productions,5,https://image.tmdb.org/t/p/w500/5AVlOL89rwGu7NxghSFoefNto0X.jpg,hi,0.0,Flop,5.954242509439325,0
Sara Akash,1969,Drama,0,0,3,100,Cineye Films,1,https://image.tmdb.org/t/p/w500/qyMy9eW1X7X5D7OTQJ9fO9OmTqC.jpg,hi,0.0,Flop,5.6020599913279625,0
Ittefaq,1969,"Crime, Mystery, Thriller",0,0,11,104,B.R. Films,10,https://image.tmdb.org/t/p/w500/oBDwBk0Hxp3LXvLLTPRfp2mtXkH.jpg,hi,0.0,Flop,6.079181246047625,0
Prince,1969,Drama,0,0,5,152,Vijaya Studios,1,https://image.tmdb.org/t/p/w500/2XhMyS5MiQk3ktqNKierm0uehE9.jpg,hi,0.0,Flop,5.778151250383644,0
Bandhan,1969,Drama,0,0,1,159,,1,https://image.tmdb.org/t/p/w500/pRxzH6tnIZaFSIUOrcuedd1GsPl.jpg,hi,0.0,Flop,5.301029995663981,0
Do Raaste,1969,"Drama, Romance",0,0,3,150,Raj Khosla Films,12,https://image.tmdb.org/t/p/w500/qQmXv8qA3Tuse8F9gel3JeMdKF3.jpg,hi,0.0,Flop,5.6020599913279625,0
Raja Saab,1969,Romance,0,0,2,147,Lime Light Cinemas,1,https://image.tmdb.org/t/p/w500/9fMxK0VLEuy3T5xOPT9NDDxzpy2.jpg,hi,0.0,Flop,5.477121254719663,0
Ek Phool Do Mali,1969,Unknown,0,0,4,159,,1,https://image.tmdb.org/t/p/w500/jbqx24rSGkQO1f0b1WfZ2Qcy1gv.jpg,hi,0.0,Flop,5.698970004336019,0
Ustad 420,1969,"Action, Crime, Music",0,0,0,136,,7,,hi,0.0,Flop,5.0,0
Do Bhai,1969,Unknown,0,0,0,0,,2,https://image.tmdb.org/t/p/w500/kZVwvZ4QI61I1BrOKam8jOdxthb.jpg,hi,0.0,Flop,5.0,0
Waris,1969,"Comedy, Drama",0,0,2,156,Vasu Films,1,https://image.tmdb.org/t/p/w500/wnMVeYWSE8umXOatFc0pW8SkUeF.jpg,hi,0.0,Flop,5.477121254719663,0
Shatranj,1969,"Thriller, Mystery",0,0,0,168,Gemini Studios,1,https://image.tmdb.org/t/p/w500/tvjTVjzK7sGYV09FOpjydsfO4ED.jpg,hi,0.0,Flop,5.0,0
Yakeen,1969,"Mystery, Action, Crime, Romance, Thriller",0,0,4,150,,12,https://image.tmdb.org/t/p/w500/5D1ExPgXZUrfHGmgzUp2bjokkTl.jpg,hi,0.0,Flop,5.698970004336019,0
Anjaana,1969,Romance,0,0,0,0,,1,https://image.tmdb.org/t/p/w500/3wVldHLSVcGbH6mQ9KBJrhyorgd.jpg,hi,0.0,Flop,5.0,0
Intaquam,1969,"Thriller, Drama",0,0,1,148,,1,https://image.tmdb.org/t/p/w500/39mXmerNH05rV7QvzYxHSwLWVAc.jpg,hi,0.0,Flop,5.301029995663981,0
Mahal,1969,"Thriller, Crime, Mystery, Romance",0,0,1,147,Roopkala Pictures,1,https://image.tmdb.org/t/p/w500/95itmj5XD8WoiNB8SaHimcsGqOm.jpg,hi,0.0,Flop,5.301029995663981,0
Sajan,1969,"Romance, Mystery",0,0,2,147,,9,https://image.tmdb.org/t/p/w500/8KMxFrQ1jWtUFLAtwRGt7LyIEDK.jpg,hi,0.0,Flop,5.477121254719663,0
Jigri Dost,1969,"Comedy, Drama",0,0,1,152,,1,https://image.tmdb.org/t/p/w500/soHA5tAUxSYKtLJUM33Cbp8jw2h.jpg,hi,0.0,Flop,5.301029995663981,0
Jahan Pyar Miley,1969,Drama,0,0,0,138,,1,https://image.tmdb.org/t/p/w500/tWUMRPTHniSvF5o8Mew2oEvMna6.jpg,hi,0.0,Flop,5.0,0
Beti,1969,Drama,0,0,1,135,NH Studioz,1,,hi,0.0,Flop,5.301029995663981,0
Aya Sawan Jhoom Ke,1969,Drama,0,0,1,0,,2,https://image.tmdb.org/t/p/w500/A22KSstkkVyxi0exrhQr6llqmQW.jpg,hi,0.0,Flop,5.301029995663981,0
Doli,1969,"Drama, Romance",0,0,1,160,Bahar Films Combines,1,https://image.tmdb.org/t/p/w500/ts8SrbuWf98cahZwXgkC7D9tD7h.jpg,hi,0.0,Flop,5.301029995663981,0
Pyar Ka Sapna,1969,"Comedy, Drama, Family",0,0,0,147,NH Studioz,1,https://image.tmdb.org/t/p/w500/37u8TLvWIS7B7HmiHqPLS4wbPts.jpg,hi,0.0,Flop,5.0,0
Chirag,1969,Unknown,0,0,0,150,,1,https://image.tmdb.org/t/p/w500/3jP8maYRFawgKcBexDKgcZsumeY.jpg,hi,0.0,Flop,5.0,0
Aadmi Aur Insaan,1969,"Family, Drama, Music, Thriller, Romance",0,0,4,168,B.R. Films (India),8,https://image.tmdb.org/t/p/w500/ulqJibR8EcysVnNkXMDzoRlO8X0.jpg,hi,0.0,Flop,5.698970004336019,0
Pyar Hi Pyar,1969,Romance,0,0,3,135,R.S. Productions,10,https://image.tmdb.org/t/p/w500/hd0uN96kRVAjWBna32ebym36s2N.jpg,hi,0.0,Flop,5.6020599913279625,0
Talash,1969,Unknown,0,0,0,186,,8,https://image.tmdb.org/t/p/w500/6qz75OiMQs6msQyew3GU39Ysaty.jpg,hi,0.0,Flop,5.0,0
Saat Hindustani,1969,"Drama, Adventure, Action",0,0,3,144,Naya Sansar,11,https://image.tmdb.org/t/p/w500/xx6mJlyqqedl5vfMJ8cUbNTXj9h.jpg,hi,0.0,Flop,5.6020599913279625,0
Darpan,1969,Unknown,0,0,0,0,,1,,hi,0.0,Flop,5.0,0
Ek Shriman Ek Shrimati,1969,"Drama, Romance",0,0,1,140,,1,https://image.tmdb.org/t/p/w500/kb8h3hfRuCPA4wEXGpRpg9acVTD.jpg,hi,0.0,Flop,5.301029995663981,0
Oos Raat Ke Baad,1969,"Mystery, Horror",0,0,1,137,NH Studioz,5,https://image.tmdb.org/t/p/w500/me7trkyAuwqGxV2jlpPRY5oziWk.jpg,hi,0.0,Flop,5.301029995663981,0
Nannha Farishta,1969,"Action, Crime, Drama",0,0,0,133,Vijaya International,1,https://image.tmdb.org/t/p/w500/aN1cZD12SvFydVJWJ2yTOOgTklm.jpg,hi,0.0,Flop,5.0,0
Pyasi Shaam,1969,"Drama, Romance, Thriller",0,0,0,157,Kewaljit Productions,12,https://image.tmdb.org/t/p/w500/7F49lDcyMirBMNTZsCBJ4YtjTfe.jpg,hi,0.0,Flop,5.0,0
Soldier as Thakur Daler Singh,1969,Unknown,0,0,0,120,,6,https://image.tmdb.org/t/p/w500/nOj7zgoH8hWildLPCjS6Il3dzXX.jpg,hi,0.0,Flop,5.0,0
Shart,1969,"Horror, Mystery",0,0,0,136,Shankar Films,1,https://image.tmdb.org/t/p/w500/yJEnqgf9td45PgQNGkOEcx995Gg.jpg,hi,0.0,Flop,5.0,0
Raate Ke Andhere Mein,1969,"Horror, Mystery, Thriller",0,0,0,138,,1,https://image.tmdb.org/t/p/w500/szYCTC3loYatrvhjbkPoaL1hYOg.jpg,hi,0.0,Flop,5.0,0
Tumse Achha Kaun Hai,1969,Unknown,0,0,4,0,,1,https://image.tmdb.org/t/p/w500/eP84QoZGXNv9gTskvMU36zoxFOX.jpg,hi,0.0,Flop,5.698970004336019,0
Anjan Hai Koyee,1969,"Mystery, Horror",0,0,0,133,Anand Films,10,https://image.tmdb.org/t/p/w500/3RYb6DnCmWfI9GANUDK5tip1iXm.jpg,hi,0.0,Flop,5.0,0
Dharti Kahe Pukar Ke,1969,Unknown,0,0,0,0,,1,https://image.tmdb.org/t/p/w500/hCaskSTDWwXZmVr7Wwv8CjRNUUE.jpg,hi,0.0,Flop,5.0,0
Jeene Ki Raah,1969,"Drama, Romance",0,0,0,153,Prasad Productions Private Ltd.,10,https://image.tmdb.org/t/p/w500/legulWyVLcUSnqDaeiCYhJPgs9Q.jpg,hi,0.0,Flop,5.0,0
Gustakhi Maaf,1969,Comedy,0,0,1,136,Anand Pictures,6,https://image.tmdb.org/t/p/w500/muKIRsUelwqIPTlyDGVHcQKc5h.jpg,hi,0.0,Flop,5.301029995663981,0
Chhoti Chhoti Baatein,1969,Drama,0,0,0,120,Rajvanshi Productions,1,https://image.tmdb.org/t/p/w500/5WbQoOGdCM1t3zpFMTnIdi8PEih.jpg,hi,0.0,Flop,5.0,0
Thanga Malar,1969,Drama,0,0,0,0,,1,,hi,0.0,Flop,5.0,0
Chaos,1969,Animation,0,0,0,10,,7,https://image.tmdb.org/t/p/w500/4V3aGQkLD64mwYrx4JIOk4uTBsu.jpg,hi,0.0,Flop,5.0,0
The Killers,1969,Unknown,0,0,0,128,,1,https://image.tmdb.org/t/p/w500/9KskrzeSFq1kVKQEoTDK8dOKd8S.jpg,hi,0.0,Flop,5.0,0
Vichithra Dampathyam,1969,Unknown,0,0,0,0,,1,,hi,0.0,Flop,5.0,0
Sree Krishna Devarya,1969,Unknown,0,0,0,0,,1,,hi,0.0,Flop,5.0,0
Kootukudumbam,1969,Unknown,0,0,0,0,,1,,hi,0.0,Flop,5.0,0
Ganwaar,1970,Drama,0,0,0,0,,1,https://image.tmdb.org/t/p/w500/6dmQPp4dLNBb7TRFuoHQmZsixSp.jpg,hi,0.0,Flop,5.0,0
Mera Naam Joker,1970,"Drama, Romance, Music",0,0,70,248,R.K. Films,12,https://image.tmdb.org/t/p/w500/8NkLtovLUufV09WYHztBO8vkSSY.jpg,hi,0.0,Flop,6.8512583487190755,0
Pagla Kahin Ka,1970,Unknown,0,0,1,0,,1,https://image.tmdb.org/t/p/w500/zXOmEXJNBTeAm8Sb6AsW4kjIHU5.jpg,hi,0.0,Flop,5.301029995663981,0
Johny Mera Naam,1970,"Thriller, Music, Action, Drama, Family",0,0,3,159,Trimurti Films Pvt. Ltd.,11,https://image.tmdb.org/t/p/w500/1zayg3IBMnHkGubAMzCtO3OHYXc.jpg,hi,0.0,Flop,5.6020599913279625,0
Sachaa Jhutha,1970,"Family, Action, Comedy, Crime, Drama, Music",0,0,6,157,Ranjit Studios,5,https://image.tmdb.org/t/p/w500/ci1fS1HDpmkOLvhPizXr0iRwyVU.jpg,hi,0.0,Flop,5.845098040014257,0
Dharti,1970,"Action, Adventure, Drama",0,0,0,0,,2,https://image.tmdb.org/t/p/w500/5i1Nu9HbDdePhU19nHTqDta5bDA.jpg,hi,0.0,Flop,5.0,0
Heer Raanjha,1970,"Romance, Drama",0,0,3,142,,1,https://image.tmdb.org/t/p/w500/767nMI6Ozkcds6QHxgstL0kBXtQ.jpg,hi,0.0,Flop,5.6020599913279625,0
Aan Milo Sajna,1970,"Music, Romance",0,0,3,177,,7,https://image.tmdb.org/t/p/w500/7XFzyxZw1uKnE5HWUSh5IxKi5fU.jpg,hi,0.0,Flop,5.6020599913279625,0
Sawan Bhadon,1970,Unknown,0,0,2,155,,6,https://image.tmdb.org/t/p/w500/aBRCLkxnwm8hOkOHxeuvk4npb8t.jpg,hi,0.0,Flop,5.477121254719663,0
Purab Aur Pachhim,1970,Drama,0,0,7,142,V.I.P. Films,1,https://image.tmdb.org/t/p/w500/qx1vMHlXRRoTjzhzvz7lJCQZOuT.jpg,hi,0.0,Flop,5.903089986991944,0
The Train,1970,"Drama, Action, Crime, Thriller, Mystery",0,0,1,138,,4,https://image.tmdb.org/t/p/w500/zUJEoiD3nVZa4XaiNOHQ8HA1TSi.jpg,hi,0.0,Flop,5.301029995663981,0
Gopi,1970,Unknown,0,0,1,143,,1,https://image.tmdb.org/t/p/w500/cfwCKzBEqoCWfJtkSfziAP3Cgxg.jpg,hi,0.0,Flop,5.301029995663981,0
Journey,1970,"Music, Family, Romance",0,0,2,137,M.R. Productions,10,https://image.tmdb.org/t/p/w500/3zQhXExeHL5Y2mK2McLDkptRUFw.jpg,hi,0.0,Flop,5.477121254719663,0
Prem Pujari,1970,"War, Thriller, Romance, Drama",0,0,6,192,,1,https://image.tmdb.org/t/p/w500/eqxJcFbr30jhd5IMIh33TIfPPTi.jpg,hi,0.0,Flop,5.845098040014257,0
Humjoli,1970,"Comedy, Drama, Romance",0,0,2,156,Tirupati Pictures,1,https://image.tmdb.org/t/p/w500/y2MI4CSqGrT22cPUL2zKBNM1yeq.jpg,hi,0.0,Flop,5.477121254719663,0
Mastana,1970,"Romance, Drama, Comedy, Family",0,0,0,146,,10,https://image.tmdb.org/t/p/w500/ipgpAUievnVKSQysgAfSjioEvvC.jpg,hi,0.0,Flop,5.0,0
Khilona,1970,Drama,0,0,4,160,Prasad Studios,3,https://image.tmdb.org/t/p/w500/d25rdrWBat3ep3KQhM56wI9Et7R.jpg,hi,0.0,Flop,5.698970004336019,0
Devi,1970,Unknown,0,0,1,146,,1,https://image.tmdb.org/t/p/w500/7O6sBd8P2r6uzFpNtnm1SyJrYFV.jpg,hi,0.0,Flop,5.301029995663981,0
Lord Parshuram,1970,"Music, Adventure, Action, Fantasy",0,0,0,148,Babubhai Mistry,1,https://image.tmdb.org/t/p/w500/xmpxav0axnNLp1Ay5OVuQ3e5erg.jpg,hi,0.0,Flop,5.0,0
Jeevan Mrityu,1970,"Crime, Romance, Drama",0,0,3,158,Rajshri Productions,1,https://image.tmdb.org/t/p/w500/d3OqfmBgz0zkzR5cfQbbcwlWgot.jpg,hi,0.0,Flop,5.6020599913279625,0
Tum Haseen Main Jawan,1970,"Romance, Comedy",0,0,1,0,,7,https://image.tmdb.org/t/p/w500/g73G3GO2tOGSqPwfMh4vbCXdqLr.jpg,hi,0.0,Flop,5.301029995663981,0
Dastak,1970,"Music, Drama",0,0,2,145,Dachi Films,12,https://image.tmdb.org/t/p/w500/rViFI2i60rBqVLLkvORvmZvi8P4.jpg,hi,0.0,Flop,5.477121254719663,0
Bhai-Bhai,1970,Unknown,0,0,0,0,,1,https://image.tmdb.org/t/p/w500/wzZppNiuVIP56RGluWcl7dkckrg.jpg,hi,0.0,Flop,5.0,0
My Love,1970,"Drama, Romance",0,0,0,0,,1,https://image.tmdb.org/t/p/w500/rDJYfdiLrzhRNzasH9pYmW42CZ8.jpg,hi,0.0,Flop,5.0,0
Bachpan,1970,Unknown,0,0,0,133,,1,https://image.tmdb.org/t/p/w500/uLQHphhCIL8m34P9RexzGgkIjiD.jpg,hi,0.0,Flop,5.0,0
Chetna,1970,Drama,0,0,1,138,,11,https://image.tmdb.org/t/p/w500/cTXLZ8EnIHqPJabHJ3vjFL0c5Bk.jpg,hi,0.0,Flop,5.301029995663981,0
Kab? Kyoon? Aur Kahan?,1970,"Action, Mystery, Romance",0,0,5,136,Kapleshwar Pictures,5,https://image.tmdb.org/t/p/w500/vv2WfEvr66OdaIbTJ03wW1m44Ky.jpg,hi,0.0,Flop,5.778151250383644,0
Pehchan,1970,Unknown,0,0,0,150,,4,https://image.tmdb.org/t/p/w500/uPrl2UHZT0qjthHtpvRcc00zF2L.jpg,hi,0.0,Flop,5.0,0
Sharafat,1970,"Romance, Drama",0,0,2,120,Seven Arts Films,8,https://image.tmdb.org/t/p/w500/zoRkgMKT0LOOFZlV8IRofrQjf0s.jpg,hi,0.0,Flop,5.477121254719663,0
Pavitra Papi,1970,Drama,0,0,2,152,,4,https://image.tmdb.org/t/p/w500/iqUKv8Cd1cNnLpxQqgnNCQ4afGN.jpg,hi,0.0,Flop,5.477121254719663,0
Deedar,1970,"Romance, Drama",0,0,0,127,,8,https://image.tmdb.org/t/p/w500/fZsfUlBzxXiixLMhW87gm83NKDW.jpg,hi,0.0,Flop,5.0,0
Rootha Na Karo,1970,"Drama, Romance",0,0,0,125,,1,https://image.tmdb.org/t/p/w500/7BmCeoCC1fCrgQc7RQWv9dLCpmC.jpg,hi,0.0,Flop,5.0,0
Man Ki Aankhen,1970,Unknown,0,0,0,0,,1,https://image.tmdb.org/t/p/w500/hIvNxrLu8L1xbOhAnH8SX9JQZVv.jpg,hi,0.0,Flop,5.0,0
Raton Ka Raja,1970,Drama,0,0,0,129,,1,https://image.tmdb.org/t/p/w500/tQvoqhldTv8LcAxCrSSGvoSUvuM.jpg,hi,0.0,Flop,5.0,0
Himmat,1970,"Action, Crime, Drama, Family, Music, Romance",0,0,0,152,,1,https://image.tmdb.org/t/p/w500/vLwXduVW3oSonje1zKdpZIVz6II.jpg,hi,0.0,Flop,5.0,0
Samaj Ko Badal Dalo,1970,Drama,0,0,0,156,Gemini Studios,1,,hi,0.0,Flop,5.0,0
Suhana Safar,1970,Romance,0,0,1,130,Century Films,1,https://image.tmdb.org/t/p/w500/jaZ6PgS8sBQgpyieALAiLY5dWaF.jpg,hi,0.0,Flop,5.301029995663981,0
Kaun Ho Tum,1970,"Horror, Thriller",0,0,0,0,Suresh Pictures,1,https://image.tmdb.org/t/p/w500/8Bfq0pCT1vJ653RKFvf2debO2Kx.jpg,hi,0.0,Flop,5.0,0
Priya,1970,Drama,0,0,0,133,,1,https://image.tmdb.org/t/p/w500/gjNkVAgWS9tIOHYcNAOQ8KFBbHg.jpg,hi,0.0,Flop,5.0,0
Geet,1970,Unknown,0,0,2,0,,1,https://image.tmdb.org/t/p/w500/ghuQDsRyeXyw3x80Xb7Oah0hRYH.jpg,hi,0.0,Flop,5.477121254719663,0
Suman,1970,Unknown,0,0,0,16,Film and Television Institute of India,1,https://image.tmdb.org/t/p/w500/3A5huO5O2xGVQkb9L191sXAwjqS.jpg,hi,0.0,Flop,5.0,0
Naya Raasta,1970,Unknown,0,0,2,0,,1,https://image.tmdb.org/t/p/w500/a29JWXvM1MxZf38cWS8IETmf5vo.jpg,hi,0.0,Flop,5.477121254719663,0
Inspector,1970,Unknown,0,0,0,126,,1,https://image.tmdb.org/t/p/w500/yZLh4YPPRPvAliDixKX6OGbtIKC.jpg,hi,0.0,Flop,5.0,0
Ghar Ghar Ki Kahani,1970,Unknown,0,0,1,152,,3,https://image.tmdb.org/t/p/w500/u8rFdjjmc5d0kpRJ7wJOBRX6ITH.jpg,hi,0.0,Flop,5.301029995663981,0
Ek Nanhi Munni Ladki Thi,1970,Horror,0,0,0,136,,4,https://image.tmdb.org/t/p/w500/lzwaI9BhpDyJgpSz3j188zVZBjw.jpg,hi,0.0,Flop,5.0,0
Jawab,1970,Unknown,0,0,0,0,,1,https://image.tmdb.org/t/p/w500/zAg5U9rbTNg2FhdhhzPupEfy9DP.jpg,hi,0.0,Flop,5.0,0
Yaadgar,1970,Unknown,0,0,0,0,,1,,hi,0.0,Flop,5.0,0
Saas Bhi Kabhi Bahu Thi,1970,Unknown,0,0,0,156,,1,https://image.tmdb.org/t/p/w500/tf8gFswtDVaq1VcibzrI18SSspZ.jpg,hi,0.0,Flop,5.0,0
Sau Saal Beet Gaye,1970,Unknown,0,0,0,0,,1,https://image.tmdb.org/t/p/w500/enfhav2FCa9QdSH59SzPIELAjfK.jpg,hi,0.0,Flop,5.0,0
Aansoo Aur Muskan,1970,Unknown,0,0,0,0,,12,https://image.tmdb.org/t/p/w500/7Fq6J8o3FlKLOLb42XAPvqv6ybd.jpg,hi,0.0,Flop,5.0,0
Moments with the Maestro,1970,Documentary,0,0,0,0,,1,https://image.tmdb.org/t/p/w500/bJBiDXV5yLD2JgvwzIJmuLx4YRy.jpg,hi,0.0,Flop,5.0,0
Insaan Aur Shaitan,1970,"Crime, Thriller, Drama",0,0,0,132,,11,https://image.tmdb.org/t/p/w500/mAWidrrfYL771ke42Z2COgW7fU0.jpg,hi,0.0,Flop,5.0,0
Rails for the World,1970,Documentary,0,0,0,20,,1,,hi,0.0,Flop,5.0,0
Night in Calcutta,1970,Unknown,0,0,0,0,,1,https://image.tmdb.org/t/p/w500/e92h0nmDr1oHObFrr2yaLdlFNxL.jpg,hi,0.0,Flop,5.0,0
Maryada,1971,Unknown,0,0,0,140,,7,https://image.tmdb.org/t/p/w500/lVExIqg9fv9pOZy2XiK3T9kJba9.jpg,hi,0.0,Flop,5.0,0
Purani Pehchan,1971,Horror,0,0,0,0,,5,https://image.tmdb.org/t/p/w500/ele6h0aq6eIyzvff7Z6Gmno3aCi.jpg,hi,0.0,Flop,5.0,0
Anand,1971,Drama,0,0,148,122,Rupam Chitra,3,https://image.tmdb.org/t/p/w500/vgrege8e0yk3SSdHzHfMTvk2ffc.jpg,hi,0.0,Flop,7.173186268412274,0
Caravan,1971,"Adventure, Drama, Music, Romance",0,0,6,154,,1,https://image.tmdb.org/t/p/w500/mpB464LWyyIpFbF43yRhUqVLpO1.jpg,hi,0.0,Flop,5.845098040014257,0
Guddi,1971,"Family, Drama, Comedy",0,0,10,121,Rupam Chitra,9,https://image.tmdb.org/t/p/w500/iidwFEgZ0yroFQJSOSXggGpSqpe.jpg,hi,0.0,Flop,6.041392685158225,0
Hulchul,1971,"Adventure, Comedy, Crime",0,0,3,149,,6,https://image.tmdb.org/t/p/w500/ya5vUkjvcP4q2jgFj7r7FYyYKuu.jpg,hi,0.0,Flop,5.6020599913279625,0
Haathi Mere Saathi,1971,"Drama, Family",0,0,12,170,Devar Films,5,https://image.tmdb.org/t/p/w500/nCRXU6bAmUv3ebwlmWwu05sjAFX.jpg,hi,0.0,Flop,6.113943352306837,0
Haré Rama Haré Krishna,1971,"Drama, Family",0,0,11,149,Eros International,12,https://image.tmdb.org/t/p/w500/8H7wfQpcZvrbgAhuhKruSwXHlpJ.jpg,hi,0.0,Flop,6.079181246047625,0
Kati Patang,1971,Drama,0,0,6,160,"United Producers, Shakti Films",1,https://image.tmdb.org/t/p/w500/sTLOmWeGw8xQh08zF7E5OAA76t1.jpg,hi,0.0,Flop,5.845098040014257,0
Ashadh Ka Ek Din,1971,Drama,0,0,7,114,"National Film Development Corporation of India, Film Finance Corporation",1,https://image.tmdb.org/t/p/w500/7AWF3fQ8kzpSOahUOUp5hViZess.jpg,hi,0.0,Flop,5.903089986991944,0
Reshma Aur Shera,1971,"Drama, Music, Romance",0,0,7,158,Ajanta Pictures,7,https://image.tmdb.org/t/p/w500/QDQwC590xnCXkfuzvvCVAVYR0j.jpg,hi,0.0,Flop,5.903089986991944,0
Andaz,1971,Unknown,0,0,3,166,Sippy Films,5,https://image.tmdb.org/t/p/w500/mgTpJOEABQVwfElSQHm4IFMfoKr.jpg,hi,0.0,Flop,5.6020599913279625,0
Chhoti Bahu,1971,Drama,0,0,0,137,Delux Productions,5,https://image.tmdb.org/t/p/w500/iJZPE4QTtchl9tUPCFhx0t25555.jpg,hi,0.0,Flop,5.0,0
Kal Aaj Aur Kal,1971,"Family, Drama",0,0,2,156,R.K. Films,9,https://image.tmdb.org/t/p/w500/hIUNobRolV0i18SvNMDB3mcDp4D.jpg,hi,0.0,Flop,5.477121254719663,0
Lal Patthar,1971,Drama,0,0,2,148,,12,,hi,0.0,Flop,5.477121254719663,0
Mera Gaon Mera Desh,1971,"Adventure, Drama, Action",0,0,6,155,,4,https://image.tmdb.org/t/p/w500/gYFzcW8TuWqnMwyEAuMKmO7kuez.jpg,hi,0.0,Flop,5.845098040014257,0
Parwana,1971,"Thriller, Mystery, Romance",0,0,4,122,Ambika Chitra,4,https://image.tmdb.org/t/p/w500/ihUKijq2dKQtn6WjQ4ZcOgVAFLQ.jpg,hi,0.0,Flop,5.698970004336019,0
Buddha Mil Gaya,1971,"Thriller, Mystery",0,0,6,138,L.B.Films International,3,https://image.tmdb.org/t/p/w500/mFRwHluavwB2lORbyKIHlucKsdk.jpg,hi,0.0,Flop,5.845098040014257,0
Adhikar,1971,Drama,0,0,3,152,Kala Enterprises,4,https://image.tmdb.org/t/p/w500/b0zOx0N2h2doM9FppgXwepGT1Pd.jpg,hi,0.0,Flop,5.6020599913279625,0
Nadaan,1971,Drama,0,0,0,156,NH Studioz,8,https://image.tmdb.org/t/p/w500/ha9p7jaVIbzc3uzgZ3FtG6YQp4A.jpg,hi,0.0,Flop,5.0,0
Sharmeelee,1971,"Drama, Romance",0,0,6,164,United Producers,1,https://image.tmdb.org/t/p/w500/iRdJtnM2edzEIIHf4NXTFQfWSY0.jpg,hi,0.0,Flop,5.845098040014257,0
Chingari,1971,Unknown,0,0,0,0,,7,https://image.tmdb.org/t/p/w500/9Nkv0UPks7TADYt9ccaL7isZxKk.jpg,hi,0.0,Flop,5.0,0
Jal Bin Machhli Nritya Bin Bijli,1971,"Music, Romance",0,0,0,0,V. Shantaram Productions,1,,hi,0.0,Flop,5.0,0
Kathputli,1971,"Drama, Romance",0,0,2,160,,8,https://image.tmdb.org/t/p/w500/j3wGYXd9OjmuHd7hP05kBZv5WrX.jpg,hi,0.0,Flop,5.477121254719663,0
Main Sunder Hoon,1971,"Comedy, Drama, Romance",0,0,10,147,AVM Productions,4,https://image.tmdb.org/t/p/w500/yTsFVsMIB0uFUJGME9jxR3m1pLl.jpg,hi,0.0,Flop,6.041392685158225,0
Khoj,1971,Action,0,0,0,147,,1,,hi,0.0,Flop,5.0,0
Mehboob Ki Mehndi,1971,Romance,0,0,2,151,,1,https://image.tmdb.org/t/p/w500/tFTsBlBh5TVel0qeOaPXxnH3dme.jpg,hi,0.0,Flop,5.477121254719663,0
Aag Aur Daag,1971,"Comedy, Action, Drama",0,0,0,138,,1,https://image.tmdb.org/t/p/w500/kqdffPIqcgROv0Y4MxfZJxvVNz3.jpg,hi,0.0,Flop,5.0,0
Ek Nari Ek Brahmachari,1971,"Comedy, Drama",0,0,3,152,Jothee Navshakthee Combines,10,https://image.tmdb.org/t/p/w500/oljaNz9ALdmZA1JA6Qyor6L7ouo.jpg,hi,0.0,Flop,5.6020599913279625,0
Tere Mere Sapne,1971,"Drama, Romance",0,0,3,175,Navketan Films,5,https://image.tmdb.org/t/p/w500/vXXUzjt6OCEH1Xkm6cFfG1KS8um.jpg,hi,0.0,Flop,5.6020599913279625,0
Aap Aye Bahaar Ayee,1971,"Romance, Comedy, Drama",0,0,2,0,,1,https://image.tmdb.org/t/p/w500/5kLqysGss39l4Ct64xyuyglHN0H.jpg,hi,0.0,Flop,5.477121254719663,0
Uphaar,1971,Drama,0,0,3,128,Rajshri Productions,12,https://image.tmdb.org/t/p/w500/6GsTnEnYpSzH6J7KARa2GXbdX0w.jpg,hi,0.0,Flop,5.6020599913279625,0
Ek Din Aadhi Raat,1971,"Thriller, Horror",0,0,0,126,,6,https://image.tmdb.org/t/p/w500/dNhIBXQ8KvTwmIt8jIVeBfuRZQi.jpg,hi,0.0,Flop,5.0,0
Pyar Ki Kahani,1971,"Family, Comedy, Drama",0,0,0,150,,5,https://image.tmdb.org/t/p/w500/nPt7mLuSaDUtp22Cs5i12mUxEfP.jpg,hi,0.0,Flop,5.0,0
Preetam,1971,"Comedy, Romance, Drama",0,0,1,180,Bhappi Sonie Productions,7,https://image.tmdb.org/t/p/w500/opMec2widFqgd4AeJS3OjT11Bkr.jpg,hi,0.0,Flop,5.301029995663981,0
Jwala,1971,Unknown,0,0,0,0,,7,,hi,0.0,Flop,5.0,0
Rakhwala,1971,Unknown,0,0,0,0,,8,https://image.tmdb.org/t/p/w500/zGAPU9rkob47eCNdKDKyV1qAC2.jpg,hi,0.0,Flop,5.0,0
Seema,1971,Unknown,0,0,0,0,,1,https://image.tmdb.org/t/p/w500/jHaTIQQl5Xc3sITWhf6J9lMjgKr.jpg,hi,0.0,Flop,5.0,0
The Marriage of Tulsi,1971,"Adventure, Fantasy",0,0,1,162,,1,https://image.tmdb.org/t/p/w500/afBBn4wla1MK311fLIkMLhM8dMu.jpg,hi,0.0,Flop,5.301029995663981,0
Lagan,1971,"Action, Drama",0,0,0,155,"EVR Pictures, R.R.K. Combines",1,https://image.tmdb.org/t/p/w500/6x8uVBOgbLFMVpABHu3UoJP2Oi2.jpg,hi,0.0,Flop,5.0,0
Man Mandir,1971,Unknown,0,0,0,0,,1,https://image.tmdb.org/t/p/w500/tG3xOjIffrQ3Ye9tTvSjsXDhGgi.jpg,hi,0.0,Flop,5.0,0
Elaan,1971,"Action, Drama, Adventure",0,0,5,142,United Producers,5,https://image.tmdb.org/t/p/w500/sKTMsiEtStwHgsEkYIy3x5dJFY3.jpg,hi,0.0,Flop,5.778151250383644,0
Hum Tum Aur Woh,1971,"Drama, Mystery",0,0,0,142,,1,https://image.tmdb.org/t/p/w500/plF8tNvlToWdyeEavrBkY1vtFgd.jpg,hi,0.0,Flop,5.0,0
Johar Mehmood in Hong Kong,1971,Comedy,0,0,2,0,,1,https://image.tmdb.org/t/p/w500/g9Eg5hvAgP3wAOJUoLxBhTP3Zn2.jpg,hi,0.0,Flop,5.477121254719663,0
Two Drops of Water,1971,Drama,0,0,0,141,Naya Sansar,1,https://image.tmdb.org/t/p/w500/ly2AR1ucsKQ22s0c4azPU5ZjY3R.jpg,hi,0.0,Flop,5.0,0
Anubhav,1971,Drama,0,0,1,139,Arohi Film Makers,1,https://image.tmdb.org/t/p/w500/iK9J4dQSZhhyEVBF5fidE0V3wd6.jpg,hi,0.0,Flop,5.301029995663981,0
Banphool,1971,Romance,0,0,3,0,Filmlands,12,https://image.tmdb.org/t/p/w500/tEQPeJU9j0eOKIn0QPKURKqe39M.jpg,hi,0.0,Flop,5.6020599913279625,0
Woh Din Yaad Karo,1971,"Drama, Family",0,0,0,137,,1,https://image.tmdb.org/t/p/w500/fJrHhyAGCbRHQSYCFPfM9cUuvPA.jpg,hi,0.0,Flop,5.0,0
Saat Sawal,1971,Unknown,0,0,0,0,,1,https://image.tmdb.org/t/p/w500/iTqDyvfmieJZ1CmURlKj5EVgeNn.jpg,hi,0.0,Flop,5.0,0
Gambler,1971,"Mystery, Thriller",0,0,1,0,,1,https://image.tmdb.org/t/p/w500/tppi6IlyHNFcgFI06gu9fQ5jlv0.jpg,hi,0.0,Flop,5.301029995663981,0
Paras,1971,"Family, Drama",0,0,0,147,,7,,hi,0.0,Flop,5.0,0
Jaane Anjaane,1971,Drama,0,0,2,139,"United Producers, Shakti Films",5,https://image.tmdb.org/t/p/w500/q6A2pSi555z0pl7GYawvlKXx8cD.jpg,hi,0.0,Flop,5.477121254719663,0
Chahat,1971,Unknown,0,0,1,0,New Films Corporation,1,https://image.tmdb.org/t/p/w500/pOwyBhT3vpE7ASxFjWprdoEm6IW.jpg,hi,0.0,Flop,5.301029995663981,0
Murder in Circus,1971,"Mystery, Horror",0,0,0,0,Adarshlok,1,https://image.tmdb.org/t/p/w500/25xBpcGbZItGVPk5WbGWnr6dFC3.jpg,hi,0.0,Flop,5.0,0
Badnam Farishte,1971,Unknown,0,0,0,0,,11,https://image.tmdb.org/t/p/w500/8BMc63z6TGjMKgDzpeeRqwOP7pp.jpg,hi,0.0,Flop,5.0,0
Scattered Pearls,1971,Drama,0,0,0,136,,1,,hi,0.0,Flop,5.0,0
Ek Paheli,1971,"Mystery, Horror",0,0,0,131,,2,https://image.tmdb.org/t/p/w500/tkWdfhHerpmPkY1yKPYqd2JRkgk.jpg,hi,0.0,Flop,5.0,0
Aage Barho,1971,Unknown,0,0,0,0,,1,https://image.tmdb.org/t/p/w500/l52W1rvABTtYeErxo48kLQK7uVN.jpg,hi,0.0,Flop,5.0,0
Lakhon Mein Ek,1971,"Comedy, Drama, Music",0,0,0,155,Shree Ranjit Movitone Co,1,https://image.tmdb.org/t/p/w500/rgW6EgqtIxsgDBcKSXp6IIebKPS.jpg,hi,0.0,Flop,5.0,0
Parde Ke Peechey,1971,Unknown,0,0,0,0,,1,https://image.tmdb.org/t/p/w500/uF1msWgzGItQ6SZJ8eAYEe8tgm7.jpg,hi,0.0,Flop,5.0,0
Jawan Muhabat,1971,Unknown,0,0,2,0,,7,https://image.tmdb.org/t/p/w500/4viv3QtIlqvgElal2s5RBSKUiav.jpg,hi,0.0,Flop,5.477121254719663,0
An Unfinished Story,1971,Drama,0,0,0,115,,1,https://image.tmdb.org/t/p/w500/3vbTBr9SWWFbOjyGANU8rYZFjDW.jpg,hi,0.0,Flop,5.0,0
Naya Zamana,1971,Unknown,0,0,1,152,,5,https://image.tmdb.org/t/p/w500/yWqWfEmMgzbMLPtLxImU9Dv7H3U.jpg,hi,0.0,Flop,5.301029995663981,0
Badnam Basti,1971,Drama,0,0,2,108,Prem Kapoor Productions,1,https://image.tmdb.org/t/p/w500/nlFA1fhOnD3q0q4K2ZNWud2cnZc.jpg,hi,0.0,Flop,5.477121254719663,0
Door Ka Raahi,1971,Unknown,0,0,0,138,,1,https://image.tmdb.org/t/p/w500/dQ8AvdFZls1meUhhFCDfTnvP1o6.jpg,hi,0.0,Flop,5.0,0
Duniya Kya Jane,1971,Unknown,0,0,0,0,,1,https://image.tmdb.org/t/p/w500/A0guMcjSX8idrSzOsIHXOPmfizH.jpg,hi,0.0,Flop,5.0,0
Umeed,1971,Drama,0,0,0,134,,4,https://image.tmdb.org/t/p/w500/sTGoy6zYQ9mIWgFgNWVRYwxIBDL.jpg,hi,0.0,Flop,5.0,0
Kangan,1971,Drama,0,0,0,139,,1,https://image.tmdb.org/t/p/w500/6kcfcUW4UpWgNGdgMKGAfEgUzBy.jpg,hi,0.0,Flop,5.0,0
Pasand Apni Apni,1971,Unknown,0,0,0,112,,1,https://image.tmdb.org/t/p/w500/7ek5dRiJUprjlwu9P4zN57LYiun.jpg,hi,0.0,Flop,5.0,0
Vilaap,1971,Drama,0,0,0,18,Film and Television Institute of India,1,https://image.tmdb.org/t/p/w500/kHJOX2EqPsE95jFsJzes2xuNbzx.jpg,hi,0.0,Flop,5.0,0
Putlibai,1972,Unknown,0,0,0,0,,1,,hi,0.0,Flop,5.0,0
Be-Imaan,1972,"Drama, Family",0,0,0,133,Filmnagar,3,https://image.tmdb.org/t/p/w500/AnYqeSOHpsCm3gENN3vX8L8y47p.jpg,hi,0.0,Flop,5.0,0
Raaste Kaa Patthar,1972,Unknown,0,0,4,133,Khosla Enterprises,1,https://image.tmdb.org/t/p/w500/eUeoj4iRdlOTfbgIeZEriBA2B5h.jpg,hi,0.0,Flop,5.698970004336019,0
Doctor X,1972,Unknown,0,0,0,0,,1,https://image.tmdb.org/t/p/w500/4jLPasPIPOgLotQ9hrWo3GwBNn2.jpg,hi,0.0,Flop,5.0,0
Seeta and Geeta,1972,"Comedy, Romance, Adventure",0,0,35,151,Sippy Films,11,https://image.tmdb.org/t/p/w500/f2tl8IoE8uMvJe6ICTU7Nk07dKn.jpg,hi,0.0,Flop,6.556302500767288,0
Maya Darpan,1972,Drama,0,0,5,107,"Film Finance Corporation, National Film Development Corporation of India",12,https://image.tmdb.org/t/p/w500/7qmI3BzocsiexwPYG9DZJBR1OqC.jpg,hi,0.0,Flop,5.778151250383644,0
Amar Prem,1972,"Drama, Romance",10000000,0,14,143,Shakti Films,1,https://image.tmdb.org/t/p/w500/ojV06b1ULi6PA1hJ3QsnhlX6N68.jpg,hi,-1.0,Flop,6.176091259055681,-10000000
Sazaa,1972,Crime,0,0,1,133,Kapur Films,5,https://image.tmdb.org/t/p/w500/qFvPqmKyopfq1REvwb5Elus3Jga.jpg,hi,0.0,Flop,5.301029995663981,0
Pakeezah,1972,"Music, Drama, Romance",0,0,27,153,"Sangeeta Enterprises, Mahal Pictures Pvt. Ltd.",2,https://image.tmdb.org/t/p/w500/dVm7WcvVfeQzi8M7NZXcdtbF6jz.jpg,hi,0.0,Flop,6.447158031342219,0
Bawarchi,1972,"Comedy, Drama, Family",0,0,23,130,Rupam Chitra,4,https://image.tmdb.org/t/p/w500/34zBSGpu8MnUlIF74PcWfrZZAG1.jpg,hi,0.0,Flop,6.380211241711606,0
Parichay,1972,"Drama, Family",0,0,5,145,,10,https://image.tmdb.org/t/p/w500/1TcNei5OSqog7lchhhZvdL2WRH9.jpg,hi,0.0,Flop,5.778151250383644,0
Dastaan,1972,Drama,0,0,3,173,,3,https://image.tmdb.org/t/p/w500/4BCbS3pmwfYESabtkmZFKIgNHwl.jpg,hi,0.0,Flop,5.6020599913279625,0
Lalkar,1972,Unknown,0,0,0,0,,5,https://image.tmdb.org/t/p/w500/hK3lhsVjFBzQl3XGHIDvs9vc4pt.jpg,hi,0.0,Flop,5.0,0
Jangal Mein Mangal,1972,"Adventure, Romance",0,0,1,140,Kiron Productions,12,https://image.tmdb.org/t/p/w500/vSR1IGBjzOIapdUckZw97dLIggE.jpg,hi,0.0,Flop,5.301029995663981,0
Piya Ka Ghar,1972,"Drama, Family, Romance",0,0,2,134,Rajshri Productions,2,https://image.tmdb.org/t/p/w500/4N6fJ7MUgTGZ3LPnE0bv831S5KK.jpg,hi,0.0,Flop,5.477121254719663,0
Jaanwar Aur Insaan,1972,"Action, Romance",0,0,0,0,Dhandayuthapani Films,1,https://image.tmdb.org/t/p/w500/pwmRDqYU82otBXE1vmVUwfS1dBX.jpg,hi,0.0,Flop,5.0,0
Sabse Bada Sukh,1972,"Comedy, Drama",0,0,0,0,,12,https://image.tmdb.org/t/p/w500/hxhjSWcIKhyHOV9wM4sNwKzEnPr.jpg,hi,0.0,Flop,5.0,0
Aan Baan,1972,Drama,0,0,0,138,,1,https://image.tmdb.org/t/p/w500/nUBZKqt2MeVF1fU3vQeUTiFBX8C.jpg,hi,0.0,Flop,5.0,0
Zameen Aasmaan,1972,Drama,0,0,0,134,"A. P. R. Unit, United Sound Service, Ajaanta Arts, Cine Crafts Madras, GEMINI COLOR LAB, A.V. Films",1,https://image.tmdb.org/t/p/w500/dMSNtNgj4IemRv8hBJ81lCxDhME.jpg,hi,0.0,Flop,5.0,0
Baazigar,1972,"Music, Crime, Comedy, Adventure",0,0,0,137,,1,https://image.tmdb.org/t/p/w500/xTf0P5EGPUyyyJg6e0vjjUJQjNA.jpg,hi,0.0,Flop,5.0,0
Ek Bechara,1972,Unknown,0,0,0,130,,3,https://image.tmdb.org/t/p/w500/g9A0TGjMpgsfpkRw7hUqh6co1Vv.jpg,hi,0.0,Flop,5.0,0
Dil Ka Raaja,1972,"Comedy, Drama",0,0,0,130,,1,https://image.tmdb.org/t/p/w500/wJFAkXCbcWgICBNklmJo2RLhUgo.jpg,hi,0.0,Flop,5.0,0
Gora Aur Kala,1972,"Drama, Comedy",0,0,2,122,Shankar Films,12,https://image.tmdb.org/t/p/w500/Amp8qYLxSAoAKuym1sqpcKG1Xe7.jpg,hi,0.0,Flop,5.477121254719663,0
Trisandhya,1972,Unknown,0,0,0,133,,1,,hi,0.0,Flop,5.0,0
Apna Desh,1972,"Action, Drama, Comedy",0,0,3,172,Venus Pictures,5,https://image.tmdb.org/t/p/w500/caaHifsAmulriEjtFSPODM27e7s.jpg,hi,0.0,Flop,5.6020599913279625,0
Rivaaj,1972,Drama,0,0,0,113,,1,https://image.tmdb.org/t/p/w500/m8nTK0lmbka7K1EEI02WwmFAK9y.jpg,hi,0.0,Flop,5.0,0
Naag Panchami,1972,"Adventure, Drama, Fantasy, History, Thriller",0,0,0,139,NH Studioz,2,https://image.tmdb.org/t/p/w500/ejWL9ECW884U8M5RgOnNTUckojg.jpg,hi,0.0,Flop,5.0,0
Chori Chori,1972,Action,0,0,0,0,,1,https://image.tmdb.org/t/p/w500/2ATg1bVX0ilund4afp9UPsXpPBP.jpg,hi,0.0,Flop,5.0,0
Yeh Gulistan Hamara,1972,Unknown,0,0,0,0,,3,https://image.tmdb.org/t/p/w500/vOhe7NhM3hsjNLUBB8cxEWPrFtV.jpg,hi,0.0,Flop,5.0,0
Birju Maharaj,1972,Documentary,0,0,0,21,"C. Das Gupta Productions, Films Division of India",2,https://image.tmdb.org/t/p/w500/qNkfV0KjfjFd7iCOoZ0BvRIS1pN.jpg,hi,0.0,Flop,5.0,0
Mere Jeevan Saathi,1972,"Action, Romance",0,0,3,142,Shilpkar,9,https://image.tmdb.org/t/p/w500/ygiDZUTtVYiyzXT7GpnWcmTAWjO.jpg,hi,0.0,Flop,5.6020599913279625,0
Victoria No. 203,1972,"Comedy, Drama",0,0,4,100,,12,https://image.tmdb.org/t/p/w500/cjmE5Z5ZBgzXCm9z6kvmRl8rcHI.jpg,hi,0.0,Flop,5.698970004336019,0
Annadata,1972,"Family, Drama",0,0,1,123,L.B. Films,4,https://image.tmdb.org/t/p/w500/yBjgegE41HWVLWlTpLZBa3kvnow.jpg,hi,0.0,Flop,5.301029995663981,0
Bindiya aur bandook,1972,Unknown,0,0,0,0,,1,,hi,0.0,Flop,5.0,0
Milap,1972,"Drama, Horror, Thriller",0,0,0,120,,9,https://image.tmdb.org/t/p/w500/4edqiqDfT4g4w1Ob06xEJOG3kSU.jpg,hi,0.0,Flop,5.0,0
Shehzada,1972,Unknown,0,0,0,0,,9,https://image.tmdb.org/t/p/w500/6fN4oLsCbCxnW8hVVa2NqKmpcRn.jpg,hi,0.0,Flop,5.0,0
Rakhi Aur Hathkadi,1972,Unknown,0,0,0,0,,1,https://image.tmdb.org/t/p/w500/6RT7sJ1m99QWa7jAK9gQ7EE98zc.jpg,hi,0.0,Flop,5.0,0
Koshish,1972,Drama,0,0,7,125,,4,https://image.tmdb.org/t/p/w500/hESoeO4lRRZR1XefZjkCKBbxwDo.jpg,hi,0.0,Flop,5.903089986991944,0
Samadhi,1972,Unknown,0,0,1,0,,1,https://image.tmdb.org/t/p/w500/2f9qSHbNNMggJqRQewDnRGL7aR7.jpg,hi,0.0,Flop,5.301029995663981,0
Do Bachche Dus Haath,1972,Drama,0,0,0,124,,1,https://image.tmdb.org/t/p/w500/v5nCEKRsZYANXwQWXD5Hj2mzRMy.jpg,hi,0.0,Flop,5.0,0
Bansi Birju,1972,"Drama, Romance",0,0,1,120,,9,https://image.tmdb.org/t/p/w500/ygkdFmd9drxInPMfl5rE1ys1BQ5.jpg,hi,0.0,Flop,5.301029995663981,0
Pyar Diwana,1972,Comedy,0,0,0,0,,1,https://image.tmdb.org/t/p/w500/4ufzXgljHeeMz7HvTLAeEzvXJmA.jpg,hi,0.0,Flop,5.0,0
Haar Jeet,1972,Drama,0,0,0,129,,4,https://image.tmdb.org/t/p/w500/AbDXWrc19Ylo5U6nfMXVnbb4R3p.jpg,hi,0.0,Flop,5.0,0
Shararat,1972,Drama,0,0,0,129,R M K Productions,1,https://image.tmdb.org/t/p/w500/7WSO2EQJ2LsTDb60UWS8YYu6jMp.jpg,hi,0.0,Flop,5.0,0
Shaadi Ke Baad,1972,Comedy,0,0,0,134,Prasad Productions Pvt. Ltd.,5,https://image.tmdb.org/t/p/w500/fHiYfx1SDvk5N6DkhJwccbyfTBd.jpg,hi,0.0,Flop,5.0,0
My Brother,1972,"Drama, Family",0,0,0,139,Rajshri Productions,1,https://image.tmdb.org/t/p/w500/8xw9HEAPY1DsvxZZSkYoa5bn3NP.jpg,hi,0.0,Flop,5.0,0
Bees Saal Pahele,1972,Horror,0,0,0,133,,1,https://image.tmdb.org/t/p/w500/1kxfmR2lT8IKZgXtOjt41YhYQew.jpg,hi,0.0,Flop,5.0,0
Hari Darshan,1972,Drama,0,0,0,0,,1,https://image.tmdb.org/t/p/w500/u9xjSCRZ8wxx0B2ryrnaBeEesEu.jpg,hi,0.0,Flop,5.0,0
London Me Bharat,1972,Documentary,0,0,0,20,Cinemedia Films Inc.,1,https://image.tmdb.org/t/p/w500/xx5YnbldEFtK5NQiSPVDltUoe0k.jpg,hi,0.0,Flop,5.0,0
Man Jaiye,1972,Unknown,0,0,0,0,,1,https://image.tmdb.org/t/p/w500/nhQdX09JR7AiAMK4h6OwyCE7Rxd.jpg,hi,0.0,Flop,5.0,0
The Inner Eye,1972,Documentary,0,0,7,20,Films Division of India,1,https://image.tmdb.org/t/p/w500/lkCJjSNnhIL7zPOw6se3nFonbsh.jpg,hi,0.0,Flop,5.903089986991944,0
He is Back,1972,Unknown,0,0,0,20,,10,https://image.tmdb.org/t/p/w500/qlZYB8kxuYN7UMnzZ94cP2w9FQN.jpg,hi,0.0,Flop,5.0,0
Buniyaad,1972,Unknown,0,0,0,0,,1,,hi,0.0,Flop,5.0,0
Masoom,1973,Unknown,0,0,0,18,Film and Television Institute of India,1,,hi,0.0,Flop,5.0,0
Namak Haraam,1973,"Drama, Action",0,0,15,146,,11,https://image.tmdb.org/t/p/w500/bxWROB2onweG7ykCccyVVIf4OGp.jpg,hi,0.0,Flop,6.204119982655925,0
Manchali,1973,"Music, Comedy, Romance",0,0,3,131,Precept Enterprises,10,https://image.tmdb.org/t/p/w500/sogRYpc0Ivo9PbjUwRxy0LbiNvr.jpg,hi,0.0,Flop,5.6020599913279625,0
Bobby,1973,"Drama, Romance",0,0,24,169,R.K. Films,9,https://image.tmdb.org/t/p/w500/n6qMnbPuq6m28ncbyS29vzoLI0H.jpg,hi,0.0,Flop,6.3979400086720375,0
Nai Duniya Naye Log,1973,Drama,0,0,0,122,NH Studioz,1,https://image.tmdb.org/t/p/w500/rAeglcsMA0DLS20o5wuGx4r8D6H.jpg,hi,0.0,Flop,5.0,0
Yaadon Ki Baaraat,1973,"Music, Action, Drama",0,0,24,164,Nasir Hussain Films,2,https://image.tmdb.org/t/p/w500/zcR2CY07gUYvpuK3wkBqBbmF1LS.jpg,hi,0.0,Flop,6.3979400086720375,0
Naina,1973,"Drama, Romance",0,0,1,134,Shakti Films,9,https://image.tmdb.org/t/p/w500/hMVozfmjHrVJDpWNRMhK9M3aTx6.jpg,hi,0.0,Flop,5.301029995663981,0
Zanjeer,1973,Action,0,0,27,146,Prakash Mehra Productions,5,https://image.tmdb.org/t/p/w500/durMAVvVETtevu1EDv3VIcNs7gO.jpg,hi,0.0,Flop,6.447158031342219,0
Daag,1973,"Music, Romance",0,0,1,146,Yash Raj Films,2,https://image.tmdb.org/t/p/w500/6udaQLNqUpikXGjqszWVy0vA9yh.jpg,hi,0.0,Flop,5.301029995663981,0
Dhund,1973,"Romance, Mystery",0,0,8,124,"United Producers, B.R. Films",2,https://image.tmdb.org/t/p/w500/1KXrGv2ZAwuj2fDzp5t3pkMerlt.jpg,hi,0.0,Flop,5.954242509439325,0
Loafer,1973,Romance,0,0,3,138,,3,https://image.tmdb.org/t/p/w500/AvJ9eeTtxhCrESLTUVIqErxcg9j.jpg,hi,0.0,Flop,5.6020599913279625,0
Duvidha,1973,"Fantasy, Romance, Drama",0,0,23,82,"Rupayan Sansthan, National Centre for Performing Arts, Film Finance Corporation, Vision Actions Workshop",6,https://image.tmdb.org/t/p/w500/kYxz3sthJKw8NOhJScICX9F4H5o.jpg,hi,0.0,Flop,6.380211241711606,0
Joshila,1973,Unknown,0,0,1,137,,10,https://image.tmdb.org/t/p/w500/myErr9gnNUX2fsQju5IYG0BcubD.jpg,hi,0.0,Flop,5.301029995663981,0
Anamika,1973,"Drama, Mystery, Romance",0,0,4,125,,5,https://image.tmdb.org/t/p/w500/rY3iXVIRZUre4PfZ1BS8pfA0kNA.jpg,hi,0.0,Flop,5.698970004336019,0
Gehri Chaal,1973,"Action, Thriller",0,0,1,140,"Chitralaya, Chithrakala Pictures",7,https://image.tmdb.org/t/p/w500/dXjY77TJBRpY6qURi5w2XCJnKtl.jpg,hi,0.0,Flop,5.301029995663981,0
Saudagar,1973,"Drama, Family",0,0,4,131,Rajshri Productions,10,https://image.tmdb.org/t/p/w500/k6164MwxuTr5K42dp9jdVJDnKUp.jpg,hi,0.0,Flop,5.698970004336019,0
Heera Panna,1973,"Romance, Drama",0,0,5,0,Navketan International Films,1,https://image.tmdb.org/t/p/w500/AhCIGEsbw0sCtUBroElqFt5loNe.jpg,hi,0.0,Flop,5.778151250383644,0
Hindustan Ki Kasam,1973,"Action, Drama, War",0,0,2,0,,1,,hi,0.0,Flop,5.477121254719663,0
Bandhe Haath,1973,"Crime, Romance",0,0,1,146,Ralhan Productions Pvt. Ltd.,7,https://image.tmdb.org/t/p/w500/xS4V8N31V5Dz9xv0eoXQhXBw2Sp.jpg,hi,0.0,Flop,5.301029995663981,0
Aaj Ki Taaza Khabar,1973,"Drama, Comedy",0,0,3,0,Kiron Productions,1,https://image.tmdb.org/t/p/w500/2Ej93yLfg1g3AqyU4RGdTcqQRKL.jpg,hi,0.0,Flop,5.6020599913279625,0
Heera,1973,"Action, Drama, Crime",0,0,0,142,Sultan Productions,1,https://image.tmdb.org/t/p/w500/sm9StbddRcvS81cOUJcsQKexFbB.jpg,hi,0.0,Flop,5.0,0
Jheel Ke Us Paar,1973,"Romance, Action, Drama",0,0,2,142,,8,https://image.tmdb.org/t/p/w500/uaa0JnWNU2ra2DcEWPqBT0vow7b.jpg,hi,0.0,Flop,5.477121254719663,0
Hanste Zakhm,1973,Unknown,0,0,2,0,,1,https://image.tmdb.org/t/p/w500/cLJLQ4OnwNusObYQ6JK48zhDsOq.jpg,hi,0.0,Flop,5.477121254719663,0
Gaddaar,1973,Unknown,0,0,2,137,,1,https://image.tmdb.org/t/p/w500/ojOb0ecfMH0bulyZaM4bkCQGNKs.jpg,hi,0.0,Flop,5.477121254719663,0
Abhimaan,1973,"Drama, Romance",0,0,19,122,Amiya,7,https://image.tmdb.org/t/p/w500/w0PDRsh1f9G6NVvoixzYNmTnpvv.jpg,hi,0.0,Flop,6.301029995663981,0
Black Mail,1973,"Drama, Romance, Thriller",0,0,5,146,RK Studios,1,https://image.tmdb.org/t/p/w500/6UVFd7w0PDv4QYYrLpAwI5uDb4d.jpg,hi,0.0,Flop,5.778151250383644,0
Raja Rani,1973,Romance,0,0,0,0,,1,https://image.tmdb.org/t/p/w500/56k4rVgfku7s87yXshtAqKOtbyk.jpg,hi,0.0,Flop,5.0,0
Prem Parbat,1973,"Drama, Romance",0,0,0,130,Art Makers,1,https://image.tmdb.org/t/p/w500/eplnQYnkHvlvHc3YUQqNREQv9wD.jpg,hi,0.0,Flop,5.0,0
Jugnu,1973,"Action, Drama",0,0,2,0,,8,https://image.tmdb.org/t/p/w500/5lZiuFFOABRGSurWg5S8OsZ8VST.jpg,hi,0.0,Flop,5.477121254719663,0
Do Phool,1973,Unknown,0,0,1,139,,3,https://image.tmdb.org/t/p/w500/4tK4SMr6GNjOwKtOYS8O8RDXYT6.jpg,hi,0.0,Flop,5.301029995663981,0
Kuchhe Dhaage,1973,"Drama, Action",0,0,1,118,Raj Khosla Films,6,https://image.tmdb.org/t/p/w500/7Tm6nb4jkUEfo48ha61bWjdUsqd.jpg,hi,0.0,Flop,5.301029995663981,0
Double Cross,1973,"Action, Thriller, Crime",0,0,1,142,Pashupati Pictures,1,https://image.tmdb.org/t/p/w500/5DMKyshAgcANOQPIiQQHILeSFGt.jpg,hi,0.0,Flop,5.301029995663981,0
Jalte Badan,1973,Unknown,0,0,0,0,,1,https://image.tmdb.org/t/p/w500/1QQNIrjRym7SHKlPXUAnxECsE87.jpg,hi,0.0,Flop,5.0,0
Anhonee,1973,"Drama, Thriller, Crime",1300000,2454780,0,127,King Productions,4,https://image.tmdb.org/t/p/w500/yXMdvAH3L3elcvUDLpq3HoevKdW.jpg,hi,0.8882923076923077,Average,5.0,1154780
Mr. Romeo,1973,"Romance, Comedy",0,0,0,138,,12,https://image.tmdb.org/t/p/w500/84aGqV5uRZJmKKQhicWYekq2oOh.jpg,hi,0.0,Flop,5.0,0
Chhalia,1973,Action,0,0,0,110,,5,https://image.tmdb.org/t/p/w500/pCh81ZH24i2iAs290bQ0nI5fDGP.jpg,hi,0.0,Flop,5.0,0
Phagun,1973,Unknown,0,0,0,111,,10,https://image.tmdb.org/t/p/w500/c9pl1MaMfv6KzQKUNxHepk1n7gK.jpg,hi,0.0,Flop,5.0,0
Jaise Ko Taisa,1973,Unknown,0,0,1,138,A.V.M. Productions,1,https://image.tmdb.org/t/p/w500/dny9idM3fQ11EvD7TKRkrLeNQ9C.jpg,hi,0.0,Flop,5.301029995663981,0
Khoon Khoon,1973,"Drama, Crime",0,0,6,131,"United Producers, Eagle Films",1,https://image.tmdb.org/t/p/w500/9SpYNVw9cp3oYYX3FjUD6pB4iuu.jpg,hi,0.0,Flop,5.845098040014257,0
Keemat,1973,"Thriller, Action",0,0,0,133,Bharati International,1,https://image.tmdb.org/t/p/w500/sakUV9D6g6PEUARmM4KepeGdWYX.jpg,hi,0.0,Flop,5.0,0
Rickshawala,1973,Romance,0,0,0,150,,3,https://image.tmdb.org/t/p/w500/epTlulWhOG7Wal6s2kHEiV7SODy.jpg,hi,0.0,Flop,5.0,0
Pran Jaye Par Vachan Na Jaye,1973,Action,0,0,0,0,,12,https://image.tmdb.org/t/p/w500/yXsANbXkt8Z34vyjeEYOrtiCR9f.jpg,hi,0.0,Flop,5.0,0
Mera Desh Mera Dharam,1973,Drama,0,0,0,120,,1,https://image.tmdb.org/t/p/w500/nVHCj2yRh9NJOZpd6SO5QUr4rmJ.jpg,hi,0.0,Flop,5.0,0
Shareef Budmaash,1973,Unknown,0,0,3,0,,1,https://image.tmdb.org/t/p/w500/bMsEZVKHwjFQHVwL18KJq7UtSrN.jpg,hi,0.0,Flop,5.6020599913279625,0
Nafrat,1973,Romance,0,0,0,144,The Roop Enterprise,1,,hi,0.0,Flop,5.0,0
Wohi Raat Wohi Awaaz,1973,Horror,0,0,0,0,Mayur Production,4,https://image.tmdb.org/t/p/w500/qc6yqGI7UZb4lTNbxV82Wl9qOjF.jpg,hi,0.0,Flop,5.0,0
Sweekar,1973,Drama,0,0,1,116,,1,https://image.tmdb.org/t/p/w500/kFxSBQX978EQDYFodGd1TdvbtJj.jpg,hi,0.0,Flop,5.301029995663981,0
Anokhi Ada,1973,Unknown,0,0,3,0,,4,https://image.tmdb.org/t/p/w500/7bWVipgKzhQhygfkwO0WNAyKOkc.jpg,hi,0.0,Flop,5.6020599913279625,0
Kahani Kismat Ki,1973,Drama,0,0,2,0,,12,https://image.tmdb.org/t/p/w500/w6hUL5LUMNgj3dUckjCiZMypfYu.jpg,hi,0.0,Flop,5.477121254719663,0
Bada Kabutar,1973,Unknown,0,0,0,144,,1,https://image.tmdb.org/t/p/w500/2x2EpaBnmrnweQumb28qLv4NM8p.jpg,hi,0.0,Flop,5.0,0
Agni Rekha,1973,Drama,0,0,0,134,,6,https://image.tmdb.org/t/p/w500/t4qEDcjspHhRk0m4WWBOyWVVb5I.jpg,hi,0.0,Flop,5.0,0
Chalaak,1973,"Action, Crime, Drama",0,0,1,122,,1,https://image.tmdb.org/t/p/w500/symMyqKy8E1r6UwZTjaNuny69lc.jpg,hi,0.0,Flop,5.301029995663981,0
Sultana Daku,1973,Unknown,0,0,0,135,,1,https://image.tmdb.org/t/p/w500/qyW5LhO4mrjC4wqem5KSdyk3pFU.jpg,hi,0.0,Flop,5.0,0
Munshi Ji,1973,"Comedy, Family",0,0,0,18,Film and Television Institute of India,1,https://image.tmdb.org/t/p/w500/4L0RKmmeRA3oDSxTuhOwfp4NolZ.jpg,hi,0.0,Flop,5.0,0
The Criminals,1973,Unknown,0,0,0,115,,1,https://image.tmdb.org/t/p/w500/q9rrxDzndLanle4zLRa8a3Rbyme.jpg,hi,0.0,Flop,5.0,0
Ek Nao Do Kinare,1973,Drama,0,0,2,120,Chetan Enterprises,10,https://image.tmdb.org/t/p/w500/9G6eyNGbDTweA2OEgDaayulPjOZ.jpg,hi,0.0,Flop,5.477121254719663,0
Naya Nasha,1973,"Crime, Drama, Thriller",0,0,0,123,United Fours,1,https://image.tmdb.org/t/p/w500/wwIWJ286fdxhjImdDjFkq5rKJBW.jpg,hi,0.0,Flop,5.0,0
Prabhat,1973,Unknown,0,0,0,122,,1,https://image.tmdb.org/t/p/w500/iHYCTySo07Hd6fr3w6sBgbi5aUo.jpg,hi,0.0,Flop,5.0,0
Kashmakash,1973,Unknown,0,0,0,0,,11,https://image.tmdb.org/t/p/w500/v2uWp0WRbpIfsyRTRnkeqvHnQls.jpg,hi,0.0,Flop,5.0,0
Sagina,1974,"Comedy, Drama, Family",0,0,0,0,Rupa Sreee International,7,https://image.tmdb.org/t/p/w500/iGI9ahOHSF8Qw5xpDg5bUZPunUC.jpg,hi,0.0,Flop,5.0,0
Hawas,1974,"Drama, Family, Romance",0,0,2,139,,1,https://image.tmdb.org/t/p/w500/vpCNLrczo5CF6HWzXNzRM8XPn0C.jpg,hi,0.0,Flop,5.477121254719663,0
Thokar,1974,"Action, Drama, Family",0,0,0,119,Movie Temple Productions,1,https://image.tmdb.org/t/p/w500/hWUwNixamQT0vUI1tyzdJFrWydG.jpg,hi,0.0,Flop,5.0,0
Hamrahi,1974,"Comedy, Family, Romance",0,0,0,158,,4,https://image.tmdb.org/t/p/w500/etPcex0BZtX6FUJt7cGWdbnFiWn.jpg,hi,0.0,Flop,5.0,0
Dulhan,1974,Unknown,0,0,1,146,,4,https://image.tmdb.org/t/p/w500/8dCwIi1bTWM5XL2txGh6QUkz4zO.jpg,hi,0.0,Flop,5.301029995663981,0
Imaan,1974,Romance,0,0,0,131,,1,https://image.tmdb.org/t/p/w500/mIUNj96bwRv55bqHfywschu8Ar3.jpg,hi,0.0,Flop,5.0,0
Kunwara Baap,1974,"Drama, Comedy",0,0,5,137,Balaji Arts,8,https://image.tmdb.org/t/p/w500/sern9xYTngtc1xF66jE5clUkfVQ.jpg,hi,0.0,Flop,5.778151250383644,0
Patthar Aur Payal,1974,Unknown,0,0,1,0,,8,https://image.tmdb.org/t/p/w500/qVpz2r2H9saXWFjwu2ReAjx7wAA.jpg,hi,0.0,Flop,5.301029995663981,0
Aavishkar,1974,"Drama, Romance",0,0,0,108,,6,https://image.tmdb.org/t/p/w500/14WXemlgE5ieWU5mBD8NwlkakxM.jpg,hi,0.0,Flop,5.0,0
Benaam,1974,"Thriller, Drama, Mystery",0,0,1,117,Ranjit Films,10,https://image.tmdb.org/t/p/w500/rZJbarl5YDhbvSKFcJ0243S8Qui.jpg,hi,0.0,Flop,5.301029995663981,0
Majboor,1974,"Thriller, Mystery",0,0,8,150,Suchitra Films,12,https://image.tmdb.org/t/p/w500/nxPN35z12oFvINotxEDZXQNOASb.jpg,hi,0.0,Flop,5.954242509439325,0
Rajnigandha,1974,"Drama, Romance",0,0,14,110,Devki Chitra,9,https://image.tmdb.org/t/p/w500/q8Kc2ef7uOpLATU2Vi56sks1omV.jpg,hi,0.0,Flop,6.176091259055681,0
Ankur: The Seedling,1974,Drama,0,0,25,122,Blaze Film Enterprises,7,https://image.tmdb.org/t/p/w500/jrchYJ6zRkUZoWbhV4XQrnzLzXA.jpg,hi,0.0,Flop,6.414973347970818,0
Prem Nagar,1974,"Drama, Romance",0,0,0,158,Vijaya & Suresh Combines,5,https://image.tmdb.org/t/p/w500/x0AMba4jKXr6ngeGf2MjO1HpvHF.jpg,hi,0.0,Flop,5.0,0
Woh Main Nahin,1974,"Mystery, Thriller",0,0,8,142,,1,,hi,0.0,Flop,5.954242509439325,0
Manoranjan,1974,"Comedy, Romance",0,0,6,162,"United Producers, Eagle Films",1,https://image.tmdb.org/t/p/w500/bNAjAGjK4MrDreBXPAj7aclogJ4.jpg,hi,0.0,Flop,5.845098040014257,0
Roti,1974,"Drama, Romance, Action, Crime",0,0,4,149,Aashirwad Pictures,10,https://image.tmdb.org/t/p/w500/vfTIOhYUHnCCUcYyEL7OUgTpXtH.jpg,hi,0.0,Flop,5.698970004336019,0
Faslah,1974,"Crime, Drama, Romance",0,0,0,0,"Khanna Productions, Naya Sansar",1,,hi,0.0,Flop,5.0,0
"Bhagat Singh, the Immortal Martyr",1974,Action,0,0,0,131,,1,,hi,0.0,Flop,5.0,0
Humshakal,1974,Drama,0,0,0,135,Venus Pictures,4,https://image.tmdb.org/t/p/w500/5qJUXNN9mTeohf9OQQTCLYmEQc5.jpg,hi,0.0,Flop,5.0,0
Roti Kapada Aur Makaan,1974,"Romance, Action, Drama",0,0,6,161,V.I.P. International Productions,1,https://image.tmdb.org/t/p/w500/2mBjPJVJFIzHteIF5iU7orTaFs1.jpg,hi,0.0,Flop,5.845098040014257,0
Kora Kagaz,1974,Drama,0,0,2,125,,5,https://image.tmdb.org/t/p/w500/2DJ1wYZaKvyi0zjZk8pR2aGCdJo.jpg,hi,0.0,Flop,5.477121254719663,0
Chor Machaye Shor,1974,"Action, Romance",0,0,4,139,N.N Sippy Productions,3,https://image.tmdb.org/t/p/w500/iizH3m2Nlh5fWw0pdrm9wTsK6kx.jpg,hi,0.0,Flop,5.698970004336019,0
Amir Garib,1974,"Action, Drama",0,0,1,140,,7,https://image.tmdb.org/t/p/w500/iv9BadGk9Bz5tVkkS6tGBApH6IL.jpg,hi,0.0,Flop,5.301029995663981,0
Ishk Ishk Ishk,1974,"Drama, Romance",0,0,0,131,Navketan International Films,11,https://image.tmdb.org/t/p/w500/3liMJHSL2M1AChDUmTWwd3YEJo8.jpg,hi,0.0,Flop,5.0,0
Pap Aur Punya,1974,Drama,0,0,0,139,,6,https://image.tmdb.org/t/p/w500/66hgeszNopI7dYUjqMNZiu51qEv.jpg,hi,0.0,Flop,5.0,0
Shandaar,1974,"Drama, Family",0,0,0,156,,1,https://image.tmdb.org/t/p/w500/1ISj0YP8nc1xddJN7bJT2HYtdNh.jpg,hi,0.0,Flop,5.0,0
Kasauti,1974,Unknown,0,0,4,150,,8,https://image.tmdb.org/t/p/w500/2YU9Ldgvqy6XBkKrW1MayabKwpx.jpg,hi,0.0,Flop,5.698970004336019,0
Ujala Hi Ujala,1974,"Drama, Family",0,0,0,124,,1,https://image.tmdb.org/t/p/w500/6eQkRRdfhQ5qJi5HEGCJ5MwP6aV.jpg,hi,0.0,Flop,5.0,0
Bidaai,1974,"Drama, Music, Romance",0,0,0,145,,10,https://image.tmdb.org/t/p/w500/vj4dW4euuhxeGjr05kGwfWgyC2Q.jpg,hi,0.0,Flop,5.0,0
Imtihan,1974,"Family, Drama",0,0,2,138,,5,https://image.tmdb.org/t/p/w500/iGEjuGWW5tCGJwo3sv4BRlYXtae.jpg,hi,0.0,Flop,5.477121254719663,0
Madhosh,1974,Unknown,0,0,4,133,,2,https://image.tmdb.org/t/p/w500/sF6MyzSG29xXCx1pvsEyQmqw9NS.jpg,hi,0.0,Flop,5.698970004336019,0
Manzilein Aur Bhi Hain,1974,Drama,0,0,0,122,,3,,hi,0.0,Flop,5.0,0
27 Down,1974,"Drama, Romance",0,0,7,118,"National Film Development Corporation of India, Film Finance Corporation",8,https://image.tmdb.org/t/p/w500/uYZY3y4IfaNto6pa2fsdB8NKuYW.jpg,hi,0.0,Flop,5.903089986991944,0
Resham Ki Dori,1974,Drama,0,0,1,140,,8,https://image.tmdb.org/t/p/w500/60UJVMiNWeaJsteYTF1iBT4gY4K.jpg,hi,0.0,Flop,5.301029995663981,0
Ajanabee,1974,"Drama, Romance, Crime",0,0,3,139,,9,https://image.tmdb.org/t/p/w500/nFYgJo65wzFytrqV3MdfHMHsTsj.jpg,hi,0.0,Flop,5.6020599913279625,0
5 Rifles,1974,"Action, Comedy",0,0,2,134,,8,https://image.tmdb.org/t/p/w500/9YQwchmF9rWZaj2ENSxNXNCLU2U.jpg,hi,0.0,Flop,5.477121254719663,0
Dost,1974,Drama,0,0,1,164,Suchitra Films Pvt. Ltd.,4,https://image.tmdb.org/t/p/w500/1zHpNGzXJ3u1dtnsVfcvJkMJPId.jpg,hi,0.0,Flop,5.301029995663981,0
Us-Paar,1974,"Drama, Family, Romance",0,0,0,125,,1,,hi,0.0,Flop,5.0,0
International Crook,1974,Drama,0,0,1,138,,7,https://image.tmdb.org/t/p/w500/4n2PEDuaZESFVcMNBrX92UMgPOZ.jpg,hi,0.0,Flop,5.301029995663981,0
Badhti Ka Naam Dadhi,1974,Drama,0,0,0,130,,1,https://image.tmdb.org/t/p/w500/i4tz5G1LFJRZUnhvT76BgPctcV2.jpg,hi,0.0,Flop,5.0,0
Haath Ki Safai,1974,Drama,0,0,1,0,,8,https://image.tmdb.org/t/p/w500/8Igc0xCMKMN4sUaLShBeIKSB8mZ.jpg,hi,0.0,Flop,5.301029995663981,0
Trimurti,1974,"Crime, Drama",0,0,0,147,Kiron Productions,8,https://image.tmdb.org/t/p/w500/x6KusoVKd1dSxsjIRBY4CiQjbGe.jpg,hi,0.0,Flop,5.0,0
Zehreela Insaan,1974,Action,0,0,3,131,Pragati Chitra International (Madras),4,https://image.tmdb.org/t/p/w500/cd99xUVHLFtZQrwCdX13MciGx6q.jpg,hi,0.0,Flop,5.6020599913279625,0
Chowkidar,1974,Drama,0,0,0,135,,1,https://image.tmdb.org/t/p/w500/nksB64MiNMJvwX85aEolXD8lES5.jpg,hi,0.0,Flop,5.0,0
Aap Ki Kasam,1974,"Romance, Drama",0,0,10,153,,4,https://image.tmdb.org/t/p/w500/wbN7i9jJJ9xzo4VgWc4FciRT8Dl.jpg,hi,0.0,Flop,6.041392685158225,0
Geetaa Mera Naam,1974,"Action, Drama, Thriller",0,0,1,145,,3,https://image.tmdb.org/t/p/w500/4IXbIjPQYNH4F7BVeMfr3mqWdts.jpg,hi,0.0,Flop,5.301029995663981,0
Naya Din Nai Raat,1974,Drama,0,0,2,141,,5,https://image.tmdb.org/t/p/w500/xRtMxm16XXuo0ZnVHVeyKJDRzhY.jpg,hi,0.0,Flop,5.477121254719663,0
Aarop,1974,Drama,0,0,0,129,,1,https://image.tmdb.org/t/p/w500/llGTOC6zzu56gjaTAJmcNgulCOF.jpg,hi,0.0,Flop,5.0,0
Chor Chor,1974,"Action, Adventure",0,0,0,0,,7,https://image.tmdb.org/t/p/w500/8BEGTIWU4ZSuFuidES69vKEIWs1.jpg,hi,0.0,Flop,5.0,0
36 Ghante,1974,"Action, Crime, Drama, Thriller",0,0,2,0,,6,https://image.tmdb.org/t/p/w500/sCvp5C0vpcqskNUELZn92A3QCJk.jpg,hi,0.0,Flop,5.477121254719663,0
Insaaniyat,1974,Drama,0,0,0,134,,5,https://image.tmdb.org/t/p/w500/9SNRjO7eBNvabXCVx302nBfx54B.jpg,hi,0.0,Flop,5.0,0
Raga - I India,1974,Documentary,0,0,0,3,Films Division of India,1,https://image.tmdb.org/t/p/w500/rRcORCAj7fYu53fIIaGs9njt0ZF.jpg,hi,0.0,Flop,5.0,0
Charitraheen,1974,Drama,0,0,0,148,,1,https://image.tmdb.org/t/p/w500/jVkTfZgAaN8RcMzjbnVBsTnEz6G.jpg,hi,0.0,Flop,5.0,0
Chhote Sarkar,1974,"Crime, Drama",0,0,0,132,,1,https://image.tmdb.org/t/p/w500/qTwImx6og73Kax97drq10UnH34c.jpg,hi,0.0,Flop,5.0,0
Jeevan Sangram,1974,Drama,0,0,0,128,,1,https://image.tmdb.org/t/p/w500/AgCBz739GmOJ0DvpSOgS3XtADz5.jpg,hi,0.0,Flop,5.0,0
Anjaan Raahen,1974,"Drama, Comedy",0,0,0,123,,7,https://image.tmdb.org/t/p/w500/kI7iRhxQD25a2zpPiAvNQm7gVie.jpg,hi,0.0,Flop,5.0,0
Pocket Maar,1974,Unknown,0,0,0,136,,7,https://image.tmdb.org/t/p/w500/cObVADI4AstPhlAZUqka43cRzdg.jpg,hi,0.0,Flop,5.0,0
Vachan,1974,Comedy,0,0,0,0,,1,https://image.tmdb.org/t/p/w500/fWYce8iH8wUI8N93fELXwR6m9sA.jpg,hi,0.0,Flop,5.0,0
Prem Shastra,1974,"Romance, Drama",0,0,2,102,,1,https://image.tmdb.org/t/p/w500/qhqSIPVY38notCRWDLyXwSyqEsj.jpg,hi,0.0,Flop,5.477121254719663,0
Parinay,1974,"Action, Drama",0,0,0,0,,8,https://image.tmdb.org/t/p/w500/dIbrS99Sv1nBB8TKEkHNY7l67xK.jpg,hi,0.0,Flop,5.0,0
Secret Knowledge,1974,Unknown,0,0,0,120,,1,https://image.tmdb.org/t/p/w500/aObUWIZslwQlGHeDQeoLMizTkbJ.jpg,hi,0.0,Flop,5.0,0
Apradhi,1974,Unknown,0,0,0,0,,1,https://image.tmdb.org/t/p/w500/hsvCXsBLimfowqcHeXV7cmOkdhT.jpg,hi,0.0,Flop,5.0,0
Khote Sikkay,1974,Unknown,0,0,5,132,,1,https://image.tmdb.org/t/p/w500/sC7YZSf4qehndjCTMZQTZ02atho.jpg,hi,0.0,Flop,5.778151250383644,0
Balak Dhruv,1974,Unknown,0,0,0,116,,12,https://image.tmdb.org/t/p/w500/dxCx8tBstRDPNrWEoLw1DtF0PjO.jpg,hi,0.0,Flop,5.0,0
Jab Andhera Hota Hai,1974,"Crime, Drama, Mystery, Romance, Thriller, Horror",0,0,0,121,The Roop Enterprise,6,https://image.tmdb.org/t/p/w500/adwD9lPAedRX8DOo6T6VTMV5VEM.jpg,hi,0.0,Flop,5.0,0
Phir Kab Milogi,1974,Romance,0,0,0,132,,4,https://image.tmdb.org/t/p/w500/bEDXW5tLzCPj2dvgjICenuW2tm8.jpg,hi,0.0,Flop,5.0,0
Badla,1974,Thriller,0,0,0,112,Century Films,1,,hi,0.0,Flop,5.0,0
Jai Radhe Krishna,1974,Unknown,0,0,0,123,,1,https://image.tmdb.org/t/p/w500/jdkgVJOwi88vsUnGdkmvyUYzBQH.jpg,hi,0.0,Flop,5.0,0
Dastan-E-Laila Majnu,1974,Unknown,0,0,0,170,,1,,hi,0.0,Flop,5.0,0
Crime and Punishment,1974,Unknown,0,0,0,140,,1,https://image.tmdb.org/t/p/w500/uaetdMP9FyWGzqrwWy1iGeZZZcf.jpg,hi,0.0,Flop,5.0,0
Raga - II India,1974,Documentary,0,0,0,3,Films Division of India,3,https://image.tmdb.org/t/p/w500/2WEHy65AUFqJvVUiXeZEX41eean.jpg,hi,0.0,Flop,5.0,0
Amir Khusro,1974,Documentary,0,0,0,12,Films Division of India,1,https://image.tmdb.org/t/p/w500/4I5FJwRlYLQPvkI0UDTRv4hKUr3.jpg,hi,0.0,Flop,5.0,0
Hanuman Vijay,1974,Unknown,0,0,0,120,,1,,hi,0.0,Flop,5.0,0
Chupke Chupke,1975,"Romance, Comedy, Drama",0,0,62,129,Rupam Chitra,4,https://image.tmdb.org/t/p/w500/yNZf2yhQE42f3uIcR1IXOiMQ72c.jpg,hi,0.0,Flop,6.799340549453582,0
Vardaan,1975,Drama,0,0,0,136,,1,https://image.tmdb.org/t/p/w500/iqlmYN1cDlaZhAIfwLPzqMc3Xgs.jpg,hi,0.0,Flop,5.0,0
Andhera,1975,Horror,0,0,0,110,Ramsay Productions,5,https://image.tmdb.org/t/p/w500/jsHH26KzpGh1xzkbhIZWNYkhkkD.jpg,hi,0.0,Flop,5.0,0
Sholay,1975,Action,408000,4800000,304,198,"Sippy Films, NH Studioz",8,https://image.tmdb.org/t/p/w500/ya9bwgqA4eNl5bQ9QqS0jcmRoBS.jpg,hi,10.764705882352942,Hit,7.484299839346786,4392000
Mili,1975,"Romance, Drama",0,0,8,115,N.C.Sippy,6,https://image.tmdb.org/t/p/w500/h9Crr37KfxUQvSLy61XCbtMkU79.jpg,hi,0.0,Flop,5.954242509439325,0
Chaitali,1975,Unknown,0,0,0,0,,9,https://image.tmdb.org/t/p/w500/8pHzi0hSWkC9CiTjVj9y3yDqdFc.jpg,hi,0.0,Flop,5.0,0
Lafange,1975,Unknown,0,0,0,173,,1,https://image.tmdb.org/t/p/w500/1CoVhvmqOjxB65WnXkA1UJGSwTK.jpg,hi,0.0,Flop,5.0,0
Deewaar,1975,"Action, Crime, Drama",0,0,65,174,Trimurti Films Pvt. Ltd.,1,https://image.tmdb.org/t/p/w500/alVHFaerbSgnuKhzSddJRNiCs8g.jpg,hi,0.0,Flop,6.819543935541869,0
Prem Kahani,1975,"Romance, Drama, History, Thriller",0,0,0,149,Lekhraj Films Production,2,https://image.tmdb.org/t/p/w500/kchSj1fcIpHQKNmIlK3AmikDtbu.jpg,hi,0.0,Flop,5.0,0
Zorro,1975,"Action, Adventure, Comedy, Drama, Thriller",0,0,4,150,NH Studioz,10,https://image.tmdb.org/t/p/w500/cmMVE8gFiY8dkNfenEZHtNr4lqy.jpg,hi,0.0,Flop,5.698970004336019,0
Khushboo,1975,"Drama, Romance, Family",0,0,3,132,Tirupati Pictures,5,https://image.tmdb.org/t/p/w500/4bU86FpHlzX7S5lJIW8SClRtb3m.jpg,hi,0.0,Flop,5.6020599913279625,0
Nishant,1975,"Drama, Crime",0,0,13,136,Blaze Film Enterprises,6,https://image.tmdb.org/t/p/w500/xdZmPBU6bkF6JFSvGUo3MbhhDa5.jpg,hi,0.0,Flop,6.146128035678238,0
Zameer,1975,"Family, Drama, Action",0,0,3,136,B.R. Films Pvt. Ltd,3,https://image.tmdb.org/t/p/w500/mazm9iTC4i2idkjBW3XUBYDZs0p.jpg,hi,0.0,Flop,5.6020599913279625,0
Anari,1975,"Romance, Drama",0,0,0,144,,2,https://image.tmdb.org/t/p/w500/ox76b8YDJ9yHhJqMCqneTIHy8Q1.jpg,hi,0.0,Flop,5.0,0
Saazish,1975,Unknown,0,0,0,134,,1,https://image.tmdb.org/t/p/w500/tgssia9oOuPdqMXP4xIrISLxKrA.jpg,hi,0.0,Flop,5.0,0
Aakraman,1975,"War, Drama",0,0,3,0,,5,https://image.tmdb.org/t/p/w500/1Zu550is9MMxfg3relGT0HF8Ohx.jpg,hi,0.0,Flop,5.6020599913279625,0
Julie,1975,"Drama, Romance",0,0,1,145,Vijaya Productions Pvt. Ltd.,3,https://image.tmdb.org/t/p/w500/hlfFkXiI3p7tbyx85swZGqjpLCb.jpg,hi,0.0,Flop,5.301029995663981,0
Rafoo Chakkar,1975,Unknown,0,0,2,0,,1,https://image.tmdb.org/t/p/w500/tKGmjXXLhl2NjSSfUf8YDem3kjI.jpg,hi,0.0,Flop,5.477121254719663,0
Chori Mera Kaam,1975,"Romance, Comedy",0,0,4,165,Sadanah Brothers,4,https://image.tmdb.org/t/p/w500/80NIR88HETbAADpXRmSrBE8GUMP.jpg,hi,0.0,Flop,5.698970004336019,0
Faraar,1975,Thriller,0,0,2,136,"K. Asif Studios, Filmistan Studios, Filmways Studios",11,https://image.tmdb.org/t/p/w500/lULOw6JYzeQbE26jnVY9kYMZpNu.jpg,hi,0.0,Flop,5.477121254719663,0
Qaid,1975,"Thriller, Drama, Romance",0,0,1,130,Guru Dutt Films Pvt. Ltd.,5,https://image.tmdb.org/t/p/w500/xAn6ZuxRZz9aToH35AF4a1lOA4o.jpg,hi,0.0,Flop,5.301029995663981,0
Kahtey Hain Mujhko Raja,1975,"Action, Family",0,0,0,126,Jayeeta Movie Art,11,https://image.tmdb.org/t/p/w500/64G48aaoHgpgy4ZheBwX7eKqgFs.jpg,hi,0.0,Flop,5.0,0
Naatak,1975,Drama,0,0,0,0,,1,https://image.tmdb.org/t/p/w500/55bs2Tm1fUaSx3YTQlgQDxZz0a9.jpg,hi,0.0,Flop,5.0,0
Vandana,1975,Unknown,0,0,2,0,,1,,hi,0.0,Flop,5.477121254719663,0
Jai Santoshi Maa,1975,Drama,0,0,1,145,,8,https://image.tmdb.org/t/p/w500/zkjH8vmPLhq2peYTb2WmmzGCDHI.jpg,hi,0.0,Flop,5.301029995663981,0
Raajaa,1975,"Drama, Family",0,0,0,0,,1,,hi,0.0,Flop,5.0,0
Aakhri Daao,1975,Crime,0,0,0,144,,7,https://image.tmdb.org/t/p/w500/nFX0bufwK2R89TA8TNZRS2950qo.jpg,hi,0.0,Flop,5.0,0
Ranga Khush,1975,"Action, Crime, Thriller, Drama",0,0,0,116,Apollo International,2,https://image.tmdb.org/t/p/w500/tFLM0hXtWvR844HCNzCImJfL1kS.jpg,hi,0.0,Flop,5.0,0
Ek Mahal Ho Sapno Ka,1975,Unknown,0,0,1,143,,7,https://image.tmdb.org/t/p/w500/numjmowFFCZFKOoI5oc1YhU0PqK.jpg,hi,0.0,Flop,5.301029995663981,0
Ek Gaon Ki Kahani,1975,Drama,0,0,0,139,,1,https://image.tmdb.org/t/p/w500/bNxoazelyqfaNPdvPzinswqU6bs.jpg,hi,0.0,Flop,5.0,0
Naya Daur,1975,Documentary,0,0,0,9,Films Division of India,3,https://image.tmdb.org/t/p/w500/sQeSn4e0hLi4HSLbffnkTKgA0m5.jpg,hi,0.0,Flop,5.0,0
Zinda Dil,1975,"Action, Romance",0,0,0,125,,10,https://image.tmdb.org/t/p/w500/vBVR3FUenFGzpwy0ulB3WzudgtZ.jpg,hi,0.0,Flop,5.0,0
Waves of Revolution,1975,Documentary,0,0,0,30,,1,https://image.tmdb.org/t/p/w500/vP7tEJWug4wQO2LjGUYkVchFtfM.jpg,hi,0.0,Flop,5.0,0
Apne Rang Hazaar,1975,Unknown,0,0,0,124,,1,https://image.tmdb.org/t/p/w500/dG19MRr1DYcnxHTUz1CDrWOjOVg.jpg,hi,0.0,Flop,5.0,0
Awara Ladki,1975,Unknown,0,0,0,0,,1,https://image.tmdb.org/t/p/w500/6Q4DF95jPHxmwtz4kYo7rtsbXwu.jpg,hi,0.0,Flop,5.0,0
Avsesh,1975,Unknown,0,0,0,20,,7,https://image.tmdb.org/t/p/w500/zez8hSDATFcZdbI2KokORuBFACf.jpg,hi,0.0,Flop,5.0,0
Toofan,1975,Unknown,0,0,1,0,,1,,hi,0.0,Flop,5.301029995663981,0
Kaagaz Ki Nao,1975,Unknown,0,0,0,0,,1,,hi,0.0,Flop,5.0,0
Mounto,1975,Unknown,0,0,0,114,,1,https://image.tmdb.org/t/p/w500/xcWUxBTTlqzrGRbYUXDzXgtqfKl.jpg,hi,0.0,Flop,5.0,0
Tan Ki Chandi Man Ka Sona,1975,Documentary,0,0,0,5,Films Division of India,1,https://image.tmdb.org/t/p/w500/64c3HcmMvhboJ0KY670lx2BHBbJ.jpg,hi,0.0,Flop,5.0,0
Kaam Shastra,1975,Unknown,0,0,0,0,,1,https://image.tmdb.org/t/p/w500/vmu2NmYc9bA85CO5uhiIhl0DnMC.jpg,hi,0.0,Flop,5.0,0
Zamindarugari Ammayi,1975,Unknown,0,0,0,0,,1,,hi,0.0,Flop,5.0,0
Sikandar,1976,"Drama, Comedy",0,0,0,63,,1,,hi,0.0,Flop,5.0,0
Alibaba,1976,Action,0,0,1,123,,11,https://image.tmdb.org/t/p/w500/g2GcqdlHZ2TxYXx8QkftxCt1vlC.jpg,hi,0.0,Flop,5.301029995663981,0
Jeevan Jyoti,1976,Drama,0,0,0,136,,1,,hi,0.0,Flop,5.0,0
Bhala Manus,1976,Unknown,0,0,0,0,,8,https://image.tmdb.org/t/p/w500/aiNYPetxBEH2d8mr7WSiw24gGyB.jpg,hi,0.0,Flop,5.0,0
Aaj Ka Mahatma,1976,"Action, Romance",0,0,1,170,Kundan Films,1,https://image.tmdb.org/t/p/w500/kjsue8x7w46mMS3rOm7HIDCplJf.jpg,hi,0.0,Flop,5.301029995663981,0
Balika Badhu,1976,"Drama, Romance",0,0,2,116,"Eros Worldwide, Shakti Films",8,https://image.tmdb.org/t/p/w500/uXIEuRhwSa4m673fGI6DY0zuTO2.jpg,hi,0.0,Flop,5.477121254719663,0
Kabhi Kabhie,1976,"Drama, Romance",0,0,21,177,"Yash Raj Films, Trimurti Films Pvt. Ltd.",2,https://image.tmdb.org/t/p/w500/zi7Gkgt1PHtC96tXafNzrNQwgRp.jpg,hi,0.0,Flop,6.342422680822207,0
Bajrangbali,1976,Fantasy,0,0,1,180,,1,https://image.tmdb.org/t/p/w500/8LE2MJxeSDmLoZ1kCyD5UW0w76p.jpg,hi,0.0,Flop,5.301029995663981,0
Nagin,1976,"Music, Fantasy, Horror, Thriller",0,0,8,180,,1,https://image.tmdb.org/t/p/w500/yvIsc4W1g6GO79ZtMNxHXZhaQ5R.jpg,hi,0.0,Flop,5.954242509439325,0
Mehbooba,1976,Unknown,0,0,2,134,,1,https://image.tmdb.org/t/p/w500/68A19n8S3i9xP3FDTpdi4rc6gla.jpg,hi,0.0,Flop,5.477121254719663,0
Do Anjaane,1976,Drama,0,0,5,162,Navjeevan Productions,11,https://image.tmdb.org/t/p/w500/dcBSHpbVbx1DkTCt0vPMSBOIaWR.jpg,hi,0.0,Flop,5.778151250383644,0
Manthan,1976,Drama,0,0,11,134,Gujarat Milk Co-Op Marketing Federation Ltd.,10,https://image.tmdb.org/t/p/w500/977xa8rLPM8PdYJLlfWAYF43mAZ.jpg,hi,0.0,Flop,6.079181246047625,0
Dus Numbri,1976,Unknown,0,0,2,0,,4,https://image.tmdb.org/t/p/w500/dGJXi3H9hzTKkaXjAYPWWkB9CFP.jpg,hi,0.0,Flop,5.477121254719663,0
Tapasya,1976,"Drama, Romance",0,0,0,133,,1,https://image.tmdb.org/t/p/w500/kI9daISyPCKx6EqTeLi8bLrNuZN.jpg,hi,0.0,Flop,5.0,0
Fakira,1976,Drama,0,0,1,139,,9,https://image.tmdb.org/t/p/w500/hIvpCyz1Sq6PvXnsm9heVfM7IE7.jpg,hi,0.0,Flop,5.301029995663981,0
Arjun Pandit,1976,Drama,0,0,0,122,,4,https://image.tmdb.org/t/p/w500/6XwccA3lC3QDgxnTqCSzBYtNEvW.jpg,hi,0.0,Flop,5.0,0
Nehle Pe Dehla,1976,"Drama, Action, Crime",0,0,3,130,,1,https://image.tmdb.org/t/p/w500/4ABW7ZEspSME1tJI0qFd4Y8GkUq.jpg,hi,0.0,Flop,5.6020599913279625,0
Barood,1976,"Action, Thriller, Drama, Romance, Crime",0,0,3,0,,3,https://image.tmdb.org/t/p/w500/v2JcKgxqbpjLuJNAUU8NuVEr9L3.jpg,hi,0.0,Flop,5.6020599913279625,0
Laila-Majnu,1976,Romance,0,0,3,150,,11,https://image.tmdb.org/t/p/w500/8TG9kCEaw8IVwNf03oyUpvRLRqS.jpg,hi,0.0,Flop,5.6020599913279625,0
Hera Pheri,1976,"Action, Comedy, Drama",0,0,9,164,"Prakash Mehra Productions, Chaudhry Enterprises",10,https://image.tmdb.org/t/p/w500/hUlekD8DKi7GBTqy5HIrVovnU8i.jpg,hi,0.0,Flop,6.0,0
O Parvardigar,1976,"Music, Documentary",0,0,0,8,,1,,hi,0.0,Flop,5.0,0
Adalat,1976,"Action, Drama",0,0,2,146,,11,https://image.tmdb.org/t/p/w500/mX3hHkU1SHBz2bbIaV84XR3HS4r.jpg,hi,0.0,Flop,5.477121254719663,0
Maa,1976,"Family, Drama",0,0,2,137,,8,https://image.tmdb.org/t/p/w500/skUDvYU4lHtyDAEgoZR5VBFKMA7.jpg,hi,0.0,Flop,5.477121254719663,0
Chitchor,1976,"Drama, Romance",0,0,2,105,Rajshri Productions,1,https://image.tmdb.org/t/p/w500/knjv0IUp6x2zAY66ZrgYoDJyZjP.jpg,hi,0.0,Flop,5.477121254719663,0
Shankar Shambhu,1976,"Action, Drama, Crime",0,0,1,0,,10,https://image.tmdb.org/t/p/w500/s7SA3tS72rb2ONEEAR2NSpAj3cr.jpg,hi,0.0,Flop,5.301029995663981,0
Kalicharan,1976,Unknown,0,0,3,143,,2,https://image.tmdb.org/t/p/w500/vkKMmkZVntE2qj52W9C2UhBVhAr.jpg,hi,0.0,Flop,5.6020599913279625,0
Bullet,1976,Thriller,0,0,4,156,,12,https://image.tmdb.org/t/p/w500/ffIxLG2w2C5d3kXexnVXp8DG0u4.jpg,hi,0.0,Flop,5.698970004336019,0
Khaan Dost,1976,"Action, Crime, Drama",0,0,0,157,,3,https://image.tmdb.org/t/p/w500/ks5A11B0wNN2bK0sOPM8wntqWm9.jpg,hi,0.0,Flop,5.0,0
Chalte Chalte,1976,"Romance, Thriller",0,0,3,177,,1,https://image.tmdb.org/t/p/w500/u5VLoljd6u4YahDDD6Mi8w6ulK7.jpg,hi,0.0,Flop,5.6020599913279625,0
Aap Beati,1976,"Romance, Drama",0,0,1,145,,10,https://image.tmdb.org/t/p/w500/jlbYcZD1u2MSNqQqSswpVQpT6GC.jpg,hi,0.0,Flop,5.301029995663981,0
Soldier,1976,Unknown,0,0,0,132,,1,https://image.tmdb.org/t/p/w500/7LZu8qcVW4GJSPEshpUeJdMhp3S.jpg,hi,0.0,Flop,5.0,0
Bairaag,1976,"Family, Drama",0,0,2,0,M.R. Productions,2,https://image.tmdb.org/t/p/w500/hu6pAYkUyN3e2vFPXPrJzEJRZtz.jpg,hi,0.0,Flop,5.477121254719663,0
Kabeela,1976,"Action, Adventure, Crime, Drama",0,0,0,125,Khosla Enterprises,12,https://image.tmdb.org/t/p/w500/ixzbiNWaZokva3svYWRDDythTEt.jpg,hi,0.0,Flop,5.0,0
Deewaangee,1976,Drama,0,0,0,168,,6,https://image.tmdb.org/t/p/w500/f7WKmnhVN8dE4bXmr5pYAiu7Niq.jpg,hi,0.0,Flop,5.0,0
Kadambari,1976,"Drama, Romance",0,0,0,92,,1,https://image.tmdb.org/t/p/w500/bVxx203BNfEaRHqPKMCnWxyfj4U.jpg,hi,0.0,Flop,5.0,0
Jaaneman,1976,"Action, Crime, Romance",0,0,1,0,,7,https://image.tmdb.org/t/p/w500/3dJxiHCmRuQ6TzEqXb36Cw3D0rC.jpg,hi,0.0,Flop,5.301029995663981,0
Shaque,1976,Unknown,0,0,1,121,,12,https://image.tmdb.org/t/p/w500/rY64zCuEuozA8vxe0E4msIHY1yq.jpg,hi,0.0,Flop,5.301029995663981,0
Naach Uthe Sansaar,1976,Romance,0,0,1,133,,7,https://image.tmdb.org/t/p/w500/eiLw1hrKDlf1qO9kywiHzMWLVaJ.jpg,hi,0.0,Flop,5.301029995663981,0
Chhatrabhang,1976,Unknown,0,0,2,80,,1,https://image.tmdb.org/t/p/w500/ahPnacpLhJgZcGHLvch823wnMwY.jpg,hi,0.0,Flop,5.477121254719663,0
Zindagi,1976,Unknown,0,0,0,139,Vikram Movies International,12,,hi,0.0,Flop,5.0,0
Ek Se Badhkar Ek,1976,Unknown,0,0,0,0,,9,https://image.tmdb.org/t/p/w500/xo4qMkwpVw8xqX3vGkZBiUtCp8N.jpg,hi,0.0,Flop,5.0,0
Bundal Baaz,1976,Unknown,0,0,0,0,,1,https://image.tmdb.org/t/p/w500/6BSmxMO5Er47VfhhoeuVa7y4078.jpg,hi,0.0,Flop,5.0,0
Shankar Dada,1976,"Crime, Drama",0,0,0,130,,7,https://image.tmdb.org/t/p/w500/w0lUN6jL8SXi593livd1dUkGc58.jpg,hi,0.0,Flop,5.0,0
Udhar Ka Sindur,1976,Unknown,0,0,1,135,,10,https://image.tmdb.org/t/p/w500/6EEmLLORTkJkzd4nReryJp1BIxU.jpg,hi,0.0,Flop,5.301029995663981,0
Bhanwar,1976,"Drama, Romance",0,0,1,135,Evershine,5,https://image.tmdb.org/t/p/w500/h8EXy3Xq39Q57lPj0peTeTggJyq.jpg,hi,0.0,Flop,5.301029995663981,0
God Is In The World,1976,"Drama, Family, History",0,0,0,117,Jayshree Enterprises,1,https://image.tmdb.org/t/p/w500/rLay72fCyodfJ1tDTzIuRyYfoJV.jpg,hi,0.0,Flop,5.0,0
Murder at Monkey Hill,1976,"Mystery, Thriller",1111,0,0,20,Film and Television Institute of India,3,https://image.tmdb.org/t/p/w500/feS6ktx6aMmjD0jrHETaPoMT47.jpg,hi,-1.0,Flop,5.0,-1111
A Proposal,1976,Drama,0,0,0,34,Film and Television Institute of India,1,,hi,0.0,Flop,5.0,0
Unakkaga Naan,1976,Drama,0,0,0,0,,12,https://image.tmdb.org/t/p/w500/jpg2KaYqLQeyqqNMc0EwsEWJaWv.jpg,hi,0.0,Flop,5.0,0
Mera Dharam Meri Maa,1976,Drama,0,0,0,107,Government of Arunachal Pradesh,3,https://image.tmdb.org/t/p/w500/1uN2mE7nMzrXz3YSm64tNuStBjt.jpg,hi,0.0,Flop,5.0,0
Parvarish,1977,"Drama, Action, Crime",0,0,5,162,A.G. Films,10,https://image.tmdb.org/t/p/w500/y4U7b3SCiKaSPTDHcjj5t48Uwt6.jpg,hi,0.0,Flop,5.778151250383644,0
Alibaba Marjinaa,1977,"Action, Adventure",0,0,0,163,Rajshri Productions,1,https://image.tmdb.org/t/p/w500/kqKyxpq5ZAzjHDi1gSN4lYWIUop.jpg,hi,0.0,Flop,5.0,0
Chala Murari Hero Banne,1977,Comedy,0,0,0,128,"Advent Movies, Shringar Films",1,,hi,0.0,Flop,5.0,0
Haiwan,1977,"Thriller, Horror",0,0,0,0,,1,https://image.tmdb.org/t/p/w500/2JBdEPfmFFe666FwLUHMXWAsquc.jpg,hi,0.0,Flop,5.0,0
Dharam Veer,1977,"Action, Adventure, Comedy, Fantasy",0,0,9,165,S.S. Movietone,8,https://image.tmdb.org/t/p/w500/AoXTtD8NTJOK2ARx9sfOz2uy0nl.jpg,hi,0.0,Flop,6.0,0
Amar Akbar Anthony,1977,"Action, Comedy, Drama, Music, Crime",10000000,0,72,184,"M.K.D. Films Combine, Hirawat Jain and Company, Manmohan Films",5,https://image.tmdb.org/t/p/w500/fnK0pJj3Ntk8P2ED5kuxwezzVph.jpg,hi,-1.0,Flop,6.863322860120456,-10000000
The Role,1977,"Drama, Music",0,0,17,136,Blaze Film Enterprises,11,https://image.tmdb.org/t/p/w500/aUd2o6UmfdtHjaIn50679hHf79l.jpg,hi,0.0,Flop,6.2552725051033065,0
Shirdi Ke Sai Baba,1977,Drama,0,0,1,140,,2,https://image.tmdb.org/t/p/w500/rU13UthxSiBRjEm4A3STcEVJXd9.jpg,hi,0.0,Flop,5.301029995663981,0
Chacha Bhatija,1977,Unknown,0,0,2,161,,1,https://image.tmdb.org/t/p/w500/yHDUEB2K9S7dQWpZ9M91VIdTsPg.jpg,hi,0.0,Flop,5.477121254719663,0
Jallian Wala Bagh,1977,"Action, History",0,0,0,183,,1,https://image.tmdb.org/t/p/w500/zuWURFuds8KjdJY5A7kB7X0fLSq.jpg,hi,0.0,Flop,5.0,0
Alaap,1977,"Music, Romance",0,0,2,133,,3,https://image.tmdb.org/t/p/w500/mHpgSe8MAGVGiHN9dwemRvow10N.jpg,hi,0.0,Flop,5.477121254719663,0
Doosara Aadmi,1977,"Drama, Romance",0,0,2,143,Yash Raj Films,9,https://image.tmdb.org/t/p/w500/aTrTXxnLOXjQrnY6i7ys8E1xzAX.jpg,hi,0.0,Flop,5.477121254719663,0
Karm,1977,Drama,0,0,1,146,,4,https://image.tmdb.org/t/p/w500/8fkxUvhMBgLA9DZHooM3mXJxQNs.jpg,hi,0.0,Flop,5.301029995663981,0
Chakkar Pe Chakkar,1977,Action,0,0,0,109,,7,https://image.tmdb.org/t/p/w500/egUx9XF2kI1bFv1kQYgab44Jmhg.jpg,hi,0.0,Flop,5.0,0
Khel Khilari Ka,1977,"Action, Thriller",0,0,1,0,,4,https://image.tmdb.org/t/p/w500/yr8a91vSVICC7kP65CmDeami3M1.jpg,hi,0.0,Flop,5.301029995663981,0
Kotwal Saab,1977,"Action, Crime, Drama",0,0,0,125,,6,https://image.tmdb.org/t/p/w500/uqKwFgiXA48lgiOzW7X4QZ7mGOa.jpg,hi,0.0,Flop,5.0,0
Khoon Pasina,1977,Unknown,0,0,1,210,,1,https://image.tmdb.org/t/p/w500/xVNuYOxMeT7TvX4ThtdPIOmQXjf.jpg,hi,0.0,Flop,5.301029995663981,0
Chor Sipahee,1977,"Action, Crime, Drama",0,0,1,138,,4,https://image.tmdb.org/t/p/w500/zvJnq5zBLCqla0loNAO7ZSPOPNn.jpg,hi,0.0,Flop,5.301029995663981,0
Aafat,1977,"Crime, Drama",0,0,0,148,Guru Dutt Films Pvt. Ltd.,1,https://image.tmdb.org/t/p/w500/puDuVnC0UlvGwMWbJ6mXlWVPnvi.jpg,hi,0.0,Flop,5.0,0
Aaina,1977,Unknown,0,0,2,150,,3,https://image.tmdb.org/t/p/w500/8dn3zjcmo1FnaNQkOkMPY8Nk3Rj.jpg,hi,0.0,Flop,5.477121254719663,0
Amaanat,1977,"Drama, Family",0,0,1,135,Shatrujit Films,1,https://image.tmdb.org/t/p/w500/dETWYshw9qjdlddPHLWfmwbvTEw.jpg,hi,0.0,Flop,5.301029995663981,0
Hum Kisise Kum Naheen,1977,Romance,0,0,7,169,,8,https://image.tmdb.org/t/p/w500/8y9a4bwFp6BRc39CxCIuGeQJVGZ.jpg,hi,0.0,Flop,5.903089986991944,0
Mrigayaa,1977,Drama,0,0,2,119,Udaya Bhaskar International,7,https://image.tmdb.org/t/p/w500/w4uWmhxmcklCIdgBwdClqzKgW2c.jpg,hi,0.0,Flop,5.477121254719663,0
Inkaar,1977,"Thriller, Drama",0,0,5,135,Uttam Chitra,11,https://image.tmdb.org/t/p/w500/upmJjhAVQ6bB9IGgzKWxMAJEMJ.jpg,hi,0.0,Flop,5.778151250383644,0
Kitaab,1977,Drama,0,0,3,124,,12,https://image.tmdb.org/t/p/w500/uttJHKR5fmvfhpMIZdbuE0fWUMD.jpg,hi,0.0,Flop,5.6020599913279625,0
Dulhan Wahi Jo Piya Man Bhaaye,1977,Unknown,0,0,0,165,,10,https://image.tmdb.org/t/p/w500/oNwSAUBdG8TPpKO3XgZi26BhpEH.jpg,hi,0.0,Flop,5.0,0
Tyaag,1977,"Drama, Romance, Family",0,0,0,157,,2,https://image.tmdb.org/t/p/w500/2c34nuivESEB8fFnXgEi7p8naNX.jpg,hi,0.0,Flop,5.0,0
Dildaar,1977,"Action, Comedy, Drama, Family",0,0,0,165,,1,https://image.tmdb.org/t/p/w500/mQD8S64IchtyTtpWwTV0rQ527m6.jpg,hi,0.0,Flop,5.0,0
Yehi Hai Zindagi,1977,Unknown,0,0,1,133,,10,https://image.tmdb.org/t/p/w500/qmhdfUeaWA5GZkzbd6xxtZz1386.jpg,hi,0.0,Flop,5.301029995663981,0
Immaan Dharam,1977,"Crime, Action, Drama",0,195312,1,156,Suchitra Films,1,https://image.tmdb.org/t/p/w500/53i1VsDOMY1uUw9bKXQtq2d15RJ.jpg,hi,0.0,Flop,5.301029995663981,195312
Dream Girl,1977,"Romance, Thriller",0,0,6,158,,1,https://image.tmdb.org/t/p/w500/8LkilvDbqVvIm9nOcUIGs3CNI0Y.jpg,hi,0.0,Flop,5.845098040014257,0
Farishta Ya Qatil,1977,Action,0,0,0,127,,9,https://image.tmdb.org/t/p/w500/82oT9DJbIKebyDbC3NvxZlOjR1Q.jpg,hi,0.0,Flop,5.0,0
Palkon Ki Chhaon Mein,1977,Romance,0,0,0,0,,11,https://image.tmdb.org/t/p/w500/wLOoGQChbDeFXT0osw4BDOB0Azt.jpg,hi,0.0,Flop,5.0,0
Jadu Tona,1977,Horror,0,0,1,112,,1,https://image.tmdb.org/t/p/w500/72Cshw2fkGpohUdjhZrn6eSmIcD.jpg,hi,0.0,Flop,5.301029995663981,0
Charandas,1977,"Drama, Family",0,0,0,137,,10,https://image.tmdb.org/t/p/w500/xG2HdJVP9ycRrrATbyEEwksT2pP.jpg,hi,0.0,Flop,5.0,0
Aadmi Sadak Ka,1977,Unknown,0,0,1,0,,1,https://image.tmdb.org/t/p/w500/8MA85EPFXc9I0GrBDsMx8NEIsp2.jpg,hi,0.0,Flop,5.301029995663981,0
Chalta Purza,1977,"Action, Thriller",0,0,2,150,,6,https://image.tmdb.org/t/p/w500/l91XbXTaOicZcJ5SDgpY9Bvx4XT.jpg,hi,0.0,Flop,5.477121254719663,0
Vishwasghaat,1977,Crime,0,0,0,119,,2,https://image.tmdb.org/t/p/w500/tml6uSra6Yb2Kszlugn2dWLVGEV.jpg,hi,0.0,Flop,5.0,0
Anand Ashram,1977,"Romance, Drama",0,0,0,127,Shakti Films,10,https://image.tmdb.org/t/p/w500/nsxMLL35wEled3bY61xqGjUZN6y.jpg,hi,0.0,Flop,5.0,0
Kinara,1977,Unknown,0,0,1,139,,5,https://image.tmdb.org/t/p/w500/sRqIagYgnGbnW31Rmpv1hLd1Wyu.jpg,hi,0.0,Flop,5.301029995663981,0
Chhailla Babu,1977,Unknown,0,0,1,0,,1,https://image.tmdb.org/t/p/w500/e6rdXmSZrvIWuBIYCAcCKD4q4ON.jpg,hi,0.0,Flop,5.301029995663981,0
Adha Din Adhi Raat,1977,Action,0,0,0,132,Bharati International,1,https://image.tmdb.org/t/p/w500/c8iC5KgpS4BfydIgJ809ls7vGd6.jpg,hi,0.0,Flop,5.0,0
Phir Janam Lenge Hum,1977,Romance,0,0,0,119,Lucky Studio,1,,hi,0.0,Flop,5.0,0
Kasam Khoon Ki,1977,"Action, Thriller",0,0,1,0,Tripathi Pictures,1,https://image.tmdb.org/t/p/w500/xDArVj0ypuktmgtqxRPQw6crO5A.jpg,hi,0.0,Flop,5.301029995663981,0
Anurodh,1977,Unknown,0,0,1,0,,2,https://image.tmdb.org/t/p/w500/oGeq4MDmzf2sNJdNmWRUg7DvfeA.jpg,hi,0.0,Flop,5.301029995663981,0
Daku Aur Mahatma,1977,"Drama, Action",0,0,0,127,,7,https://image.tmdb.org/t/p/w500/tMEn29qcC6LHoMxkAVBj8Lyq5WJ.jpg,hi,0.0,Flop,5.0,0
Minoo,1977,Drama,0,0,0,132,Heena Films Private Limitied,8,,hi,0.0,Flop,5.0,0
Chandi Sona,1977,"Action, Thriller",0,0,0,148,,3,https://image.tmdb.org/t/p/w500/pBHgKI75BWWXm0MS0JRlJ42BmMJ.jpg,hi,0.0,Flop,5.0,0
Kalabaaz,1977,Unknown,0,0,0,145,,6,https://image.tmdb.org/t/p/w500/eBhlYoTWQxWeLrZO2JAaGnBysbB.jpg,hi,0.0,Flop,5.0,0
Ek Hi Raasta,1977,Unknown,0,0,0,0,Uma Cine Films Pvt Ltd,6,,hi,0.0,Flop,5.0,0
Agent Vinod,1977,"Action, Crime, Drama",0,0,0,139,Sargam Pictures,7,https://image.tmdb.org/t/p/w500/cTmhzD8xUZbqsYSOyJFOOTJNQZj.jpg,hi,0.0,Flop,5.0,0
Maha Badmaash,1977,Unknown,0,0,1,0,,1,https://image.tmdb.org/t/p/w500/5DiCEnxGuRrPZ9EEe20b3RuAryp.jpg,hi,0.0,Flop,5.301029995663981,0
Saheb Bahadur,1977,Unknown,0,0,0,0,,1,https://image.tmdb.org/t/p/w500/1a91q8pYCfPDMGLpvw88GW45KEw.jpg,hi,0.0,Flop,5.0,0
Hatyara,1977,Unknown,0,0,0,138,,7,https://image.tmdb.org/t/p/w500/4rjxe1ktUqcwMAAe3opWD4sEnjG.jpg,hi,0.0,Flop,5.0,0
Hira Aur Patthar,1977,Drama,0,0,0,0,,5,https://image.tmdb.org/t/p/w500/cOHXV2iBhzZjjgJIAE26pUbzSzV.jpg,hi,0.0,Flop,5.0,0
Anand Mahal,1977,Unknown,0,0,0,0,,1,,hi,0.0,Flop,5.0,0
Ram Bharose,1977,"Action, Comedy",0,0,0,130,Sagar Art International,1,https://image.tmdb.org/t/p/w500/rIH6urVX1wcEfgUdf49XBG7znph.jpg,hi,0.0,Flop,5.0,0
Jay Vejay,1977,"Action, Adventure, Drama, History",0,0,0,145,,1,https://image.tmdb.org/t/p/w500/r3HBzh4RucMle23PjCzgRKGJcQg.jpg,hi,0.0,Flop,5.0,0
Swami,1977,"Romance, Drama",0,0,1,129,Jayasarathy Combine,1,https://image.tmdb.org/t/p/w500/jMXJ6cw2W41s2Osk3GlvaoKMRkO.jpg,hi,0.0,Flop,5.301029995663981,0
For Your Sake,1977,Drama,0,0,1,112,,6,https://image.tmdb.org/t/p/w500/tgcZXtdRJFdqPnq2jjpgWw87GRN.jpg,hi,0.0,Flop,5.301029995663981,0
Kacha Chor,1977,Unknown,0,0,0,123,,1,https://image.tmdb.org/t/p/w500/cJcSA17n11JUrwSBlzBGubiHZdI.jpg,hi,0.0,Flop,5.0,0
Taxi Taxie,1977,"Comedy, Adventure, Drama",0,0,1,123,,8,https://image.tmdb.org/t/p/w500/xeQ8S0rnDp1ic7dElXUDPxTbU1v.jpg,hi,0.0,Flop,5.301029995663981,0
Ooparwala Jane,1977,"Romance, Thriller",0,0,0,109,,11,https://image.tmdb.org/t/p/w500/mMqKF5n4FwY138NTuLB90fGGA5b.jpg,hi,0.0,Flop,5.0,0
Do Chehere,1977,"Drama, Music",0,0,0,114,Ratan Pictures,1,https://image.tmdb.org/t/p/w500/uxU9ryKWhzZWHeH57O0or4eHzI0.jpg,hi,0.0,Flop,5.0,0
Dhoop Chhaon,1977,Drama,0,0,1,128,Trishul,3,https://image.tmdb.org/t/p/w500/oY5iUxQzAhLReeByQEYNqBVfe1l.jpg,hi,0.0,Flop,5.301029995663981,0
Aakhri Sajda,1977,Unknown,0,0,0,110,,1,https://image.tmdb.org/t/p/w500/trvjclFc5HKaDkxFnBiObha5Nt3.jpg,hi,0.0,Flop,5.0,0
The White Elephant,1977,Unknown,0,0,1,0,,1,,hi,0.0,Flop,5.301029995663981,0
Duniyadari,1977,Drama,0,0,0,95,,1,,hi,0.0,Flop,5.0,0
Yaaron ka Yaar,1977,Unknown,0,0,0,121,,11,https://image.tmdb.org/t/p/w500/yeisPkfJsq7qcWz9Dew4wGREc5Q.jpg,hi,0.0,Flop,5.0,0
Zee Boom Ba,1977,Horror,0,0,0,0,,1,,hi,0.0,Flop,5.0,0
Devaki Nandan Gopala,1977,Unknown,0,0,0,0,,1,,hi,0.0,Flop,5.0,0
Daku Aur Jawan,1978,"Action, Drama",0,0,0,139,,7,https://image.tmdb.org/t/p/w500/v2OeiNjyk9l9xTZVwFKpGCLaHpk.jpg,hi,0.0,Flop,5.0,0
Kaala Aadmi,1978,Unknown,0,0,0,0,,1,https://image.tmdb.org/t/p/w500/rd4w7sqFT7P2dJ2lBUZoV9FaQ7.jpg,hi,0.0,Flop,5.0,0
Anmol Tasveer,1978,"Family, Drama",0,0,0,77,,8,https://image.tmdb.org/t/p/w500/qcu2vkjFouMwB0qupYoa2s520q2.jpg,hi,0.0,Flop,5.0,0
Don,1978,"Action, Adventure, Comedy, Crime, Thriller",0,0,80,166,,5,https://image.tmdb.org/t/p/w500/cLxX1pmZitRXGdxtmbLuPBq53Y9.jpg,hi,0.0,Flop,6.9084850188786495,0
Satyam Shivam Sundaram,1978,"Drama, Romance, Music",0,0,10,172,R.K. Films,3,https://image.tmdb.org/t/p/w500/5k5owbottAeIk7gPjFnnkmO94wQ.jpg,hi,0.0,Flop,6.041392685158225,0
Tumhari Kasam,1978,Unknown,0,0,1,137,,1,https://image.tmdb.org/t/p/w500/AaKsaqf8qB35Q2Ti3FgV6aXGEvZ.jpg,hi,0.0,Flop,5.301029995663981,0
Khatta Meetha,1978,"Comedy, Drama",0,0,7,129,Rupam Chitra,1,https://image.tmdb.org/t/p/w500/udimJjXzyo0jNlWN2x9ZNE4SgHs.jpg,hi,0.0,Flop,5.903089986991944,0
Trishul,1978,"Action, Drama, Family",0,0,21,167,Trimurti Films Pvt. Ltd.,5,https://image.tmdb.org/t/p/w500/tmxAyMFJRYDambW54HnSs5lqfpY.jpg,hi,0.0,Flop,6.342422680822207,0
Muqaddar Ka Sikandar,1978,"Romance, Drama, Action",0,0,28,189,Prakash Mehra Productions,10,https://image.tmdb.org/t/p/w500/lm4Zlk53kuByV7eK2Y0PKTqvrU0.jpg,hi,0.0,Flop,6.462397997898956,0
Kasme Vaade,1978,"Drama, Action, Crime, Romance, Music",0,0,9,147,,4,https://image.tmdb.org/t/p/w500/jckUkeAA0vkPbFXizHAz0MTBXZE.jpg,hi,0.0,Flop,6.0,0
Shalimar,1978,"Crime, Action",0,0,7,137,Judson Productions,12,,hi,0.0,Flop,5.903089986991944,0
Rahu Ketu,1978,"Action, Drama",0,0,0,134,,6,https://image.tmdb.org/t/p/w500/6mLYIfx7AZL1WrnBZrVSwT9DQlp.jpg,hi,0.0,Flop,5.0,0
Phandebaaz,1978,"Action, Comedy",0,0,1,0,,7,https://image.tmdb.org/t/p/w500/7bCNxleirra7qT0FHO0LCeGOXTM.jpg,hi,0.0,Flop,5.301029995663981,0
Badaltey Rishtey,1978,"Drama, Romance",0,0,5,136,Vijayashree Pictures,3,https://image.tmdb.org/t/p/w500/x5GnrNdhQuLb7TuY9Wgi6ZZNvXw.jpg,hi,0.0,Flop,5.778151250383644,0
Naukri,1978,"Drama, Fantasy",0,0,3,119,,6,https://image.tmdb.org/t/p/w500/77Usuq1ZgDCWguAwyM7ZFaMRiPv.jpg,hi,0.0,Flop,5.6020599913279625,0
Ghar,1978,"Drama, Romance",0,0,3,121,,2,https://image.tmdb.org/t/p/w500/gbyYyHyTbdQ2MPcBU95Ya2IYmCL.jpg,hi,0.0,Flop,5.6020599913279625,0
Karmayogi,1978,"Action, Drama",0,0,1,147,A.R. Productions,1,https://image.tmdb.org/t/p/w500/v3b6UST4Sv1BoUPVeAuhvnfQUq0.jpg,hi,0.0,Flop,5.301029995663981,0
Arvind Desai Ki Ajeeb Dastaan,1978,Drama,0,0,7,118,National Film Development Corporation of India,5,https://image.tmdb.org/t/p/w500/ds7C7e5Ewu4AiklZl6uSOtvTWMJ.jpg,hi,0.0,Flop,5.903089986991944,0
Amar Shakti,1978,"Action, Adventure, Comedy",0,0,2,0,A.K. Movies,9,https://image.tmdb.org/t/p/w500/jMks8HrFQmxOifR2pjKuofWdAL7.jpg,hi,0.0,Flop,5.477121254719663,0
Gaman,1978,Drama,0,0,4,119,"Integrated Films, National Film Development Corporation of India",1,https://image.tmdb.org/t/p/w500/a8FlxMFSpYqSEl5YLOfzbFpL9uk.jpg,hi,0.0,Flop,5.698970004336019,0
Mera Rakshak,1978,Unknown,0,0,0,156,,6,https://image.tmdb.org/t/p/w500/ifltVPuvMzdV977DvR2U5EDKmEO.jpg,hi,0.0,Flop,5.0,0
Ankhiyon Ke Jharokhon Se,1978,"Drama, Romance, Family, Music",0,0,0,135,,4,https://image.tmdb.org/t/p/w500/6b9C2qVGL71GdB5nS1Zwrxoxtd7.jpg,hi,0.0,Flop,5.0,0
Do Musafir,1978,"Drama, Romance",0,0,1,147,,6,https://image.tmdb.org/t/p/w500/owPC3HKkK9LlvBalGEyWQM8DAPj.jpg,hi,0.0,Flop,5.301029995663981,0
Bandie,1978,"Drama, Family",0,0,2,141,,3,https://image.tmdb.org/t/p/w500/r4qUBQdSbywDOQEWtGRu1tmVKWB.jpg,hi,0.0,Flop,5.477121254719663,0
Pati Patni Aur Woh,1978,"Comedy, Romance",0,0,7,141,,7,https://image.tmdb.org/t/p/w500/1LTuKQ3DdyohEu5l4RbtX15122A.jpg,hi,0.0,Flop,5.903089986991944,0
The Sage from the Sea,1978,Drama,0,0,2,137,Raviraj International,1,https://image.tmdb.org/t/p/w500/bluo0955ggj6FJlMRfw9iAN48V5.jpg,hi,0.0,Flop,5.477121254719663,0
Trishna,1978,Drama,0,0,2,127,,7,https://image.tmdb.org/t/p/w500/b6a69U86KTPu7yZIk14WU1Uu9Vb.jpg,hi,0.0,Flop,5.477121254719663,0
Dillagi,1978,"Drama, Romance",0,0,1,0,,1,https://image.tmdb.org/t/p/w500/s3Fh89nEp4jGmGFPYQVIOLtnfle.jpg,hi,0.0,Flop,5.301029995663981,0
Darwaza,1978,Horror,0,0,1,0,,1,https://image.tmdb.org/t/p/w500/b8NYRapbqNY6deRNLPiEgpMVbKW.jpg,hi,0.0,Flop,5.301029995663981,0
Apna Khoon,1978,"Action, Crime, Comedy",0,0,0,0,,7,https://image.tmdb.org/t/p/w500/2Ch4kVfLF3Tjjr0fb2jTr0qAdMm.jpg,hi,0.0,Flop,5.0,0
Bhola Bhala,1978,Romance,0,0,0,0,,4,https://image.tmdb.org/t/p/w500/u3295PCDjIlSClWvygaOrmsBU7P.jpg,hi,0.0,Flop,5.0,0
Main Tulsi Tere Aangan Ki,1978,Drama,0,0,2,151,Raj Khosla Films,3,https://image.tmdb.org/t/p/w500/bQLek23U62VfiG53ZbyeZlU126I.jpg,hi,0.0,Flop,5.477121254719663,0
Aadi Yug,1978,"Fantasy, Horror",0,0,1,106,"Durga Films, NH Studioz",1,https://image.tmdb.org/t/p/w500/26NLEMWIjciUaJzHzjRr8h1Jy3L.jpg,hi,0.0,Flop,5.301029995663981,0
Toote Khilone,1978,Drama,0,0,0,136,,1,https://image.tmdb.org/t/p/w500/gxNuP21hlBz14om5DJTguiUjTcC.jpg,hi,0.0,Flop,5.0,0
Priyatama,1978,Unknown,0,0,0,120,,1,https://image.tmdb.org/t/p/w500/yW47Y3MpYxZz9Ds6jEmIxqGSznU.jpg,hi,0.0,Flop,5.0,0
Aahuti,1978,Unknown,0,0,1,0,,4,https://image.tmdb.org/t/p/w500/8N1rh8LBnsdZvUHSJXS1eA8FYDL.jpg,hi,0.0,Flop,5.301029995663981,0
Ganga Ki Saugand,1978,"Action, Romance",0,0,3,148,Sultan Productions,2,https://image.tmdb.org/t/p/w500/c32xwj6coT63dICztWQSASqeJJD.jpg,hi,0.0,Flop,5.6020599913279625,0
Vishwanath,1978,"Action, Mystery, Thriller",0,0,3,0,,8,https://image.tmdb.org/t/p/w500/rvmb3RnVqi2iDuJ0Mk13zkZyJcX.jpg,hi,0.0,Flop,5.6020599913279625,0
Phaansi,1978,"Action, Drama",0,0,1,0,,3,https://image.tmdb.org/t/p/w500/aOel11HYbt4ujKRu86G5Svp1axv.jpg,hi,0.0,Flop,5.301029995663981,0
Devata,1978,"Drama, Family",0,0,1,148,,11,https://image.tmdb.org/t/p/w500/dafsSswW0amXvkDAUnqAHAZQjBD.jpg,hi,0.0,Flop,5.301029995663981,0
Aankh Ka Tara,1978,"Drama, Family",0,0,0,112,,1,https://image.tmdb.org/t/p/w500/w4oBrJg0pyL1vF06o0iijnUcf6m.jpg,hi,0.0,Flop,5.0,0
Anpadh,1978,Drama,0,0,0,137,Adhikar International,8,https://image.tmdb.org/t/p/w500/afCXCGd4C2vYLrmpgEbRALNpraK.jpg,hi,0.0,Flop,5.0,0
Anjaam,1978,"Mystery, Horror",0,0,0,100,,1,https://image.tmdb.org/t/p/w500/yHLec7xp29HBaKOVqd7fuq7Ln9J.jpg,hi,0.0,Flop,5.0,0
Damaad,1978,"Comedy, Drama",0,0,0,127,,6,,hi,0.0,Flop,5.0,0
Hungama Bombay Ishtyle,1978,"Comedy, Drama",0,0,3,80,,1,,hi,0.0,Flop,5.6020599913279625,0
Dil Aur Deewaar,1978,"Action, Crime, Drama",0,0,0,156,,9,https://image.tmdb.org/t/p/w500/8ZbXxx42hTD52BNwkjXb7saFTNb.jpg,hi,0.0,Flop,5.0,0
Atithee,1978,"Drama, Romance",0,0,0,138,,7,https://image.tmdb.org/t/p/w500/i3tlQazhbOSClLzXbkIFxjE2zC0.jpg,hi,0.0,Flop,5.0,0
Des Pardes,1978,Drama,0,0,2,0,Navketan International Films,2,,hi,0.0,Flop,5.477121254719663,0
Saajan Bina Suhagan,1978,"Crime, Drama, Family",0,0,1,121,Mercury Productions,1,https://image.tmdb.org/t/p/w500/cmzp7CSIwe5FbaKtDwaNRx6sbWJ.jpg,hi,0.0,Flop,5.301029995663981,0
Anjane Mein,1978,"Drama, Family",0,0,0,130,"Nadiadwala Sons, Pushpa Pictures",5,https://image.tmdb.org/t/p/w500/iDInZBTZdAxs3irqtaltIh63185.jpg,hi,0.0,Flop,5.0,0
Azaad,1978,Unknown,0,0,1,154,,6,https://image.tmdb.org/t/p/w500/xYuySoNj5aVxI00KuvUYUl2gCIl.jpg,hi,0.0,Flop,5.301029995663981,0
Muqaddar,1978,Drama,0,0,0,0,,5,https://image.tmdb.org/t/p/w500/iBJmhn008JlA8NhuiGwaV8Muho9.jpg,hi,0.0,Flop,5.0,0
Swarg Narak,1978,"Comedy, Drama, Romance",0,0,2,164,Vijaya Productions Pvt. Ltd.,1,https://image.tmdb.org/t/p/w500/sIGl5Ot1OGh1eVxze5MB3OSHl2r.jpg,hi,0.0,Flop,5.477121254719663,0
Sawan Ke Geet,1978,"Drama, Family",0,0,1,0,,1,https://image.tmdb.org/t/p/w500/2wqM9iAakTs7AAngsojf9pXST5l.jpg,hi,0.0,Flop,5.301029995663981,0
Madhu Malti,1978,"Drama, Romance",0,0,0,0,,8,https://image.tmdb.org/t/p/w500/uS5Pqz90utDOfcu0EAWvHLEViQu.jpg,hi,0.0,Flop,5.0,0
Phool Khile Hain Gulshan Gulshan,1978,Romance,0,0,1,0,,7,https://image.tmdb.org/t/p/w500/yEjGi70xMd5QNyyqDMydiZgSLQo.jpg,hi,0.0,Flop,5.301029995663981,0
Khoon Ki Pukaar,1978,Drama,0,0,1,137,,6,https://image.tmdb.org/t/p/w500/qSnKu9yVVn3hjy0aLofl6OUyBWs.jpg,hi,0.0,Flop,5.301029995663981,0
Chakravyuha,1978,"Action, Crime, Mystery",0,0,3,0,,5,,hi,0.0,Flop,5.6020599913279625,0
Heeralaal Pannalaal,1978,"Action, Comedy",0,0,2,145,,10,,hi,0.0,Flop,5.477121254719663,0
Safed Jhooth,1978,"Comedy, Drama, Family",0,0,1,0,,1,https://image.tmdb.org/t/p/w500/oi2s1o1F3F1q4BPxpUdghjByfIv.jpg,hi,0.0,Flop,5.301029995663981,0
An Encounter with Faces,1978,Unknown,0,0,4,21,,1,https://image.tmdb.org/t/p/w500/3mvQSnKaWoVeztLdPy2AkvsMHQO.jpg,hi,0.0,Flop,5.698970004336019,0
Khoon Ka Badla Khoon,1978,Unknown,0,0,0,130,,1,https://image.tmdb.org/t/p/w500/4OA7pjOyNRX2zPRe2Joc7stIOY4.jpg,hi,0.0,Flop,5.0,0
Tumhare Liye,1978,"Drama, Family",0,0,0,0,,1,https://image.tmdb.org/t/p/w500/8J2wTY2U5Sg6imKGxTZtdPQ4NiK.jpg,hi,0.0,Flop,5.0,0
Chor Ke Ghar Chor,1978,Unknown,0,0,0,0,,11,https://image.tmdb.org/t/p/w500/og5eprCNpzsvOSKNybSzTwTiLoV.jpg,hi,0.0,Flop,5.0,0
Premi Gangaram,1978,Unknown,0,0,0,0,,1,,hi,0.0,Flop,5.0,0
Bhagat Gora Kumbhar,1978,Unknown,0,0,1,0,,1,,hi,0.0,Flop,5.301029995663981,0
Aatish,1979,Action,0,0,1,145,,2,https://image.tmdb.org/t/p/w500/gTllcLU9vITqVsZ3c7WRhuBsW0k.jpg,hi,0.0,Flop,5.301029995663981,0
Atmaram,1979,Drama,0,0,0,125,,1,,hi,0.0,Flop,5.0,0
Dhongee,1979,Unknown,0,0,0,122,,5,https://image.tmdb.org/t/p/w500/AkOaEWEW5bMwdJsk2X19WMDUc9U.jpg,hi,0.0,Flop,5.0,0
Shaayad,1979,Unknown,0,0,0,0,,1,https://image.tmdb.org/t/p/w500/ojerVVDCXldl86UdQQrkEkaM5uB.jpg,hi,0.0,Flop,5.0,0
Griha Pravesh,1979,"Drama, Romance",0,0,2,144,,7,https://image.tmdb.org/t/p/w500/jdq6pczTDTH0QiChjbekefXoQQ6.jpg,hi,0.0,Flop,5.477121254719663,0
Nauker,1979,"Comedy, Drama",0,0,3,122,,12,https://image.tmdb.org/t/p/w500/fHXn1DeYxeig6BJB5grNbFClecm.jpg,hi,0.0,Flop,5.6020599913279625,0
Prem Bandhan,1979,Romance,0,0,0,0,,1,https://image.tmdb.org/t/p/w500/AdDcAFP3iPoiTVBxgVkFxOhnnCK.jpg,hi,0.0,Flop,5.0,0
Jaandar,1979,"Action, Drama",0,0,0,0,,5,https://image.tmdb.org/t/p/w500/57wjCHmN8Tm2esjMULBTJK7BABG.jpg,hi,0.0,Flop,5.0,0
Gol Maal,1979,Comedy,0,0,79,144,"Rupam Chitra, N.C.Sippy",4,https://image.tmdb.org/t/p/w500/uPW269Qx8VxfiQI2PFHcSJkGOI2.jpg,hi,0.0,Flop,6.903089986991944,0
Kaala Patthar,1979,"Drama, Action, Thriller",0,0,10,176,Yash Raj Films,8,https://image.tmdb.org/t/p/w500/2LgFnPtL8dUYb0FH8NbgodmoFWF.jpg,hi,0.0,Flop,6.041392685158225,0
Dil Kaa Heera,1979,Action,0,0,0,0,,3,https://image.tmdb.org/t/p/w500/4YQLFVWZEANwKeMwVsVVdosaGfo.jpg,hi,0.0,Flop,5.0,0
Adventures of Ali-Baba and the Forty Thieves,1979,"Adventure, Drama, Family",0,0,15,138,"Eagle Films, Uzbekfilm",6,https://image.tmdb.org/t/p/w500/hIQJMdnu5qR1PXuN8gNDdyxvwdx.jpg,hi,0.0,Flop,6.204119982655925,0
Jaani Dushman,1979,"Romance, Mystery, Action, Horror",0,0,7,154,Shankar Films,5,https://image.tmdb.org/t/p/w500/9ZEzWKCVfaRPibt26lVy28FljC8.jpg,hi,0.0,Flop,5.903089986991944,0
Mr. Natwarlal,1979,"Drama, Romance",0,0,7,148,Navjeevan Productions,9,https://image.tmdb.org/t/p/w500/cOcZWCL3Zydilqu2EJCzqG6tc86.jpg,hi,0.0,Flop,5.903089986991944,0
Suhaag,1979,"Action, Crime, Comedy, Drama",0,0,7,164,,10,https://image.tmdb.org/t/p/w500/vpdD87CumkhUoCdDwFDD5N0xv3V.jpg,hi,0.0,Flop,5.903089986991944,0
The Great Gambler,1979,"Action, Crime, Romance, Thriller",0,0,9,162,Associated Films & Finance Corporation,4,https://image.tmdb.org/t/p/w500/y5M2X0ivSSR8iIRsnCskg1VC4S6.jpg,hi,0.0,Flop,6.0,0
Noorie,1979,Romance,0,0,4,114,Yash Raj Films,5,https://image.tmdb.org/t/p/w500/qlAgMbciLDlBmbIzh5ff0euvRO4.jpg,hi,0.0,Flop,5.698970004336019,0
Jhoota Kahin Ka,1979,"Comedy, Drama, Music, Romance",0,0,2,132,,3,https://image.tmdb.org/t/p/w500/kBBdf4aTS7nrgJDAFHZMrDHUx8v.jpg,hi,0.0,Flop,5.477121254719663,0
Taraana,1979,Romance,0,0,1,111,,10,https://image.tmdb.org/t/p/w500/iHhqBk36KQwXCFbJLJ3a4t0TujE.jpg,hi,0.0,Flop,5.301029995663981,0
Meera,1979,"Drama, History",0,0,0,139,,5,https://image.tmdb.org/t/p/w500/fLNGltURx1dFtIzyg55tIx3J5GR.jpg,hi,0.0,Flop,5.0,0
Kartavya,1979,Action,0,0,0,0,,5,https://image.tmdb.org/t/p/w500/aIFKidipXwU6eFlsCPZCJZWfqop.jpg,hi,0.0,Flop,5.0,0
Do Shikaari,1979,"Action, Adventure, Drama",0,0,0,120,,1,https://image.tmdb.org/t/p/w500/3X044IWSZ6pDxhTP8vhzERYZQVb.jpg,hi,0.0,Flop,5.0,0
Sargam,1979,Unknown,0,0,4,145,,1,https://image.tmdb.org/t/p/w500/hUQ27OgZX8zJnIfv2R4x4NyyBuI.jpg,hi,0.0,Flop,5.698970004336019,0
Baton Baton Mein,1979,"Comedy, Drama, Romance",0,0,9,113,Cineye Films,4,https://image.tmdb.org/t/p/w500/1B265Q95QVfn2NZOLjYyWVxgcFU.jpg,hi,0.0,Flop,6.0,0
Sawan Ko Aane Do,1979,"Family, Drama, Romance",0,0,3,0,Rajshri Productions,1,https://image.tmdb.org/t/p/w500/xuMspWLwXnpXShnCesoGErbBjQH.jpg,hi,0.0,Flop,5.6020599913279625,0
Duniya Meri Jeb Mein,1979,Action,0,0,1,148,,7,https://image.tmdb.org/t/p/w500/qIF6Tx1WKlXX8Q7ka3WZDB3m2Hi.jpg,hi,0.0,Flop,5.301029995663981,0
Janta Hawaldar,1979,"Romance, Crime, Drama",0,0,2,0,,1,https://image.tmdb.org/t/p/w500/AoYqyz6wG3rLF1xiqfoeaAoshAq.jpg,hi,0.0,Flop,5.477121254719663,0
Naiyya,1979,"Drama, Family, Romance",0,0,2,116,,7,https://image.tmdb.org/t/p/w500/8vrtJQgnpZGNYmE9XRI2gYl8MFo.jpg,hi,0.0,Flop,5.477121254719663,0
Manzil,1979,"Drama, Romance",0,0,1,114,,5,https://image.tmdb.org/t/p/w500/lpXoDJq4m1V0XPi7lsI0H7GURqY.jpg,hi,0.0,Flop,5.301029995663981,0
Lok Parlok,1979,Unknown,0,0,1,130,Sree Pallavi Productions,11,https://image.tmdb.org/t/p/w500/pBA5CmgWyqpAftrsNIAD7NxEdZo.jpg,hi,0.0,Flop,5.301029995663981,0
Aangan Ki Kali,1979,"Drama, Family",0,0,0,117,Indu Pictures,1,,hi,0.0,Flop,5.0,0
Ahsaas,1979,"Romance, Drama",0,0,0,0,Sippy Films,10,https://image.tmdb.org/t/p/w500/d1jpRlXNSLvRbVzsWqMNHLxjKK8.jpg,hi,0.0,Flop,5.0,0
Saanch Ko Aanch Nahin,1979,Drama,0,0,0,0,,1,,hi,0.0,Flop,5.0,0
Do Ladke Dono Kadke,1979,"Comedy, Drama, Family",0,0,2,116,,1,https://image.tmdb.org/t/p/w500/bY2LrEKojxxcP89gLrIXQ7YxeZ9.jpg,hi,0.0,Flop,5.477121254719663,0
Lahu Ke Do Rang,1979,Unknown,0,0,6,151,,9,https://image.tmdb.org/t/p/w500/pw6mArbEvuJEcCTUb4eYYadUfyI.jpg,hi,0.0,Flop,5.845098040014257,0
Bhayaanak,1979,"Horror, Drama",0,0,0,125,,9,https://image.tmdb.org/t/p/w500/bKTLK0JsCAiOnA4Wp59Ert58QBZ.jpg,hi,0.0,Flop,5.0,0
Naalayak,1979,"Drama, Family",0,0,0,128,,9,https://image.tmdb.org/t/p/w500/3vD4FCyWOEPFHipPjT9WeVpRAm4.jpg,hi,0.0,Flop,5.0,0
Sarkari Mehman,1979,Drama,0,0,0,135,,2,,hi,0.0,Flop,5.0,0
Hum Tere Ashiq Hain,1979,Drama,0,0,0,149,"Sagar Art International, Sagar Films",11,,hi,0.0,Flop,5.0,0
Who Else?,1979,Horror,0,0,0,136,,1,,hi,0.0,Flop,5.0,0
Shabbash Daddy,1979,Unknown,0,0,0,135,,1,https://image.tmdb.org/t/p/w500/sGaVUk22Sf8Hk245TBoTFJqiivY.jpg,hi,0.0,Flop,5.0,0
Surakksha,1979,"Action, Thriller",0,0,2,132,Gopi Enterprises,7,https://image.tmdb.org/t/p/w500/x1ZNu4MuCfub9q8Kxrm24RoNmJx.jpg,hi,0.0,Flop,5.477121254719663,0
Solva Sawan,1979,Drama,0,0,0,140,,1,https://image.tmdb.org/t/p/w500/jh3LHtHYwMjCtmNzHehsH37gZDN.jpg,hi,0.0,Flop,5.0,0
Gautam Govinda,1979,"Action, Drama",0,0,0,131,,2,https://image.tmdb.org/t/p/w500/9qjxZaaWSmVqr13CC3RjgEBTK6t.jpg,hi,0.0,Flop,5.0,0
The Jewelled Lamp,1979,Drama,0,0,0,103,Gayatri Movies,12,https://image.tmdb.org/t/p/w500/tulqBvPdmCMhfXomEF2yjMdfMsF.jpg,hi,0.0,Flop,5.0,0
Bin Phere Hum Tere,1979,"Drama, Family",0,0,0,0,,9,https://image.tmdb.org/t/p/w500/4SHvW8Blj8SQ6oQhIvmcYlP6Tgw.jpg,hi,0.0,Flop,5.0,0
Raakhi Ki Saugandh,1979,"Action, Crime, Drama",0,0,1,0,,10,https://image.tmdb.org/t/p/w500/78yMhHGmIv2YPKNn7syzHV51Tcx.jpg,hi,0.0,Flop,5.301029995663981,0
Jurmana,1979,Drama,0,0,3,139,Shri Lokenath Chitramandir,5,https://image.tmdb.org/t/p/w500/5ikfIiMPdG1Lgjo6XAN7Xbx85jg.jpg,hi,0.0,Flop,5.6020599913279625,0
Raadha Aur Seeta,1979,Drama,0,0,0,109,,8,https://image.tmdb.org/t/p/w500/cC8G13LFOUDfvU3Rd5oWp0GvDQp.jpg,hi,0.0,Flop,5.0,0
Prem Vivah,1979,"Family, Drama, Romance",0,0,0,150,,8,https://image.tmdb.org/t/p/w500/geb19EwM7VgWOzI6seWFigNMZdc.jpg,hi,0.0,Flop,5.0,0
Zaroorat Ki Purti,1979,Documentary,0,0,0,0,,12,,hi,0.0,Flop,5.0,0
Prem Jaal,1979,Romance,0,0,0,123,,1,https://image.tmdb.org/t/p/w500/xBoomgmrajZT3zHBreOdNdMIVtU.jpg,hi,0.0,Flop,5.0,0
Kaifi Azmi,1979,Documentary,0,0,0,21,Film and Television Institute of India,5,https://image.tmdb.org/t/p/w500/7xqbSmv4XyMQdH0j04oxX2uCuL7.jpg,hi,0.0,Flop,5.0,0
Jaan-E-Bahaar,1979,Unknown,0,0,0,0,,1,https://image.tmdb.org/t/p/w500/qGwC5tqVZowq90uOXvulhacHoy6.jpg,hi,0.0,Flop,5.0,0
Meri Biwi Ki Shaadi,1979,"Drama, Comedy",0,0,0,0,AVM Arts International,2,https://image.tmdb.org/t/p/w500/nWhEIz0GLrrLIbGVyQFsoZUYvPc.jpg,hi,0.0,Flop,5.0,0
Strength in Devotion,1979,History,0,0,0,140,,3,https://image.tmdb.org/t/p/w500/952D7mOQ6RgNhIUkQr9w95mc0om.jpg,hi,0.0,Flop,5.0,0
Gandharvya Kanya,1979,"Fantasy, Horror",0,0,0,0,Ajay Cine Arts,1,,hi,0.0,Flop,5.0,0
Do Hawaldar,1979,Unknown,0,0,0,0,,1,,hi,0.0,Flop,5.0,0
Shaitan Mujrim,1979,Horror,0,0,0,0,,6,https://image.tmdb.org/t/p/w500/5JwDixfAjOPMOVmusI1VJNHoWQZ.jpg,hi,0.0,Flop,5.0,0
Saidan Jogan,1979,Unknown,0,0,0,0,,12,https://image.tmdb.org/t/p/w500/528U1xxcwdJMdh8w4JoRwm1jNnj.jpg,hi,0.0,Flop,5.0,0
Hum Paanch,1980,"Action, Drama",0,0,8,163,S. K. Films Enterprises,11,https://image.tmdb.org/t/p/w500/vkCzZZGeC4YkZ6YFjaeZaBYeC4a.jpg,hi,0.0,Flop,5.954242509439325,0
Jwalamukhi,1980,"Action, Romance, Drama, Family",0,0,2,0,,12,https://image.tmdb.org/t/p/w500/pky354V21Qfs6Vx9kyJ4c81MrZM.jpg,hi,0.0,Flop,5.477121254719663,0
Jazbaat,1980,Drama,0,0,0,124,Rajshri Productions,1,https://image.tmdb.org/t/p/w500/eLGHu8WdChBdmfkEbvm09AYNwW3.jpg,hi,0.0,Flop,5.0,0
Dhan Daulat,1980,Drama,0,0,1,146,,1,https://image.tmdb.org/t/p/w500/6DmGtwWsEBlS0403BGyKCy2Cjqe.jpg,hi,0.0,Flop,5.301029995663981,0
Dostana,1980,"Drama, Action, Crime",0,0,12,153,Dharma Productions,10,https://image.tmdb.org/t/p/w500/nYUgAxGTeZ3DvIKno5OpHJt0e4k.jpg,hi,0.0,Flop,6.113943352306837,0
Shaan,1980,"Action, Crime, Drama, Romance, Thriller",0,0,23,181,,12,https://image.tmdb.org/t/p/w500/ba0dM3b0FGV3XXwxa8RPNH5hT8V.jpg,hi,0.0,Flop,6.380211241711606,0
Humkadam,1980,"Music, Drama, Family",0,0,0,124,Rajshri Productions,11,https://image.tmdb.org/t/p/w500/tXentW5LyR3bvE6gzTdaFqK4tvo.jpg,hi,0.0,Flop,5.0,0
The Burning Train,1980,"Action, Thriller",0,0,19,152,United Producers,3,https://image.tmdb.org/t/p/w500/vjxvY0pbfTE9QM4qxr1JpzdFK0o.jpg,hi,0.0,Flop,6.301029995663981,0
Ram Balram,1980,"Action, Comedy, Drama",0,0,8,169,Navjeevan Productions,4,https://image.tmdb.org/t/p/w500/krRdeNLorayzKQJA2glXyYuXkEc.jpg,hi,0.0,Flop,5.954242509439325,0
Maang Bharo Sajana,1980,Romance,0,0,3,151,,10,https://image.tmdb.org/t/p/w500/erBQofv6zRhdvhu1X6GsQtm3JZq.jpg,hi,0.0,Flop,5.6020599913279625,0
Karz,1980,"Action, Thriller",0,0,17,159,Mukta Arts Ltd,6,https://image.tmdb.org/t/p/w500/hetcyXaRfZPXAInkltGtlNHAJof.jpg,hi,0.0,Flop,6.2552725051033065,0
Abdullah,1980,"Action, Drama, Romance",0,16000000,2,0,,3,https://image.tmdb.org/t/p/w500/jDtzHEuHGidC9Rydpy0QPTDUokQ.jpg,hi,0.0,Flop,5.477121254719663,16000000
Aanchal,1980,"Action, Drama, Family",0,0,1,0,,9,https://image.tmdb.org/t/p/w500/o5aCRz2QhCTGgRJLCpajh03hmgr.jpg,hi,0.0,Flop,5.301029995663981,0
Aasha,1980,"Drama, Family, Romance",0,0,2,171,Filmyug,3,https://image.tmdb.org/t/p/w500/oGQi9ciGRoVOiDdTbxWCRFu6Xjy.jpg,hi,0.0,Flop,5.477121254719663,0
Sparsh,1980,"Drama, Romance",0,0,6,145,,1,https://image.tmdb.org/t/p/w500/jBDXkNxqmyEe3EzWb1YcPz3rw76.jpg,hi,0.0,Flop,5.845098040014257,0
Aakrosh,1980,Drama,0,0,11,144,National Film Development Corporation of India,1,https://image.tmdb.org/t/p/w500/5lr1JK1YHsr1VSDJ4m3WE1IEOnf.jpg,hi,0.0,Flop,6.079181246047625,0
Khubsoorat,1980,"Drama, Family, Romance, Comedy",0,0,13,126,Rupam Chitra,2,https://image.tmdb.org/t/p/w500/lwCpEyDpmkwocoFkEe8czZKemki.jpg,hi,0.0,Flop,6.146128035678238,0
Aap To Aise Na The,1980,"Romance, Drama, Family",0,0,0,145,,12,https://image.tmdb.org/t/p/w500/5AUCs3pNglS2IeiTcrc9EiVImcs.jpg,hi,0.0,Flop,5.0,0
Ganga Aur Suraj,1980,Action,0,0,1,0,Suresh Productions,2,https://image.tmdb.org/t/p/w500/4CkD9DzZ56B7PBwbKuSxZIh29ry.jpg,hi,0.0,Flop,5.301029995663981,0
Aap Ke Deewane,1980,"Drama, Romance",0,0,2,140,Film Kraft,3,https://image.tmdb.org/t/p/w500/gISA2sO7TD55z1isX6iL3SCmW7M.jpg,hi,0.0,Flop,5.477121254719663,0
Saboot,1980,Horror,0,0,2,132,"Bharath Pictures, Abbasi Bros.",8,https://image.tmdb.org/t/p/w500/zZtE8OdK0XGpkxaSjzolFj8mpcA.jpg,hi,0.0,Flop,5.477121254719663,0
Unees-Bees,1980,Drama,0,0,0,125,,7,https://image.tmdb.org/t/p/w500/yOdtcTcO03n8D5OYA5lnSRQRprF.jpg,hi,0.0,Flop,5.0,0
Garam Khoon,1980,Unknown,0,0,1,0,,1,https://image.tmdb.org/t/p/w500/tzUrniCW8aRGjIDCy7c9JXrSm70.jpg,hi,0.0,Flop,5.301029995663981,0
Khwab,1980,Drama,0,0,0,0,,1,,hi,0.0,Flop,5.0,0
Bin Maa Ke Bachche,1980,"Drama, Family",0,0,0,0,,6,https://image.tmdb.org/t/p/w500/511wDC6MNNqzX7q4IXZgI09tTU0.jpg,hi,0.0,Flop,5.0,0
Sahira,1980,Documentary,0,0,0,0,National Film Development Corporation of India,1,https://image.tmdb.org/t/p/w500/lihb11EOcjkdhykFLZM5Pl3eMAa.jpg,hi,0.0,Flop,5.0,0
Cobra,1980,Unknown,0,0,0,0,,1,https://image.tmdb.org/t/p/w500/3Y27gamIbNYuYYTPcb5ZNOEwZIa.jpg,hi,0.0,Flop,5.0,0
Manokaamnaa,1980,"Drama, Romance",0,0,0,110,"New Horizons Film, Rajshri Productions",4,https://image.tmdb.org/t/p/w500/fqAx486DQ1LlkCDSOhJ33cjwHV8.jpg,hi,0.0,Flop,5.0,0
Sitara,1980,"Drama, Family",0,0,0,125,,6,https://image.tmdb.org/t/p/w500/rFLiQVNNDlPEOlEnD4XCEemrLMm.jpg,hi,0.0,Flop,5.0,0
Ek Baar Kaho,1980,"Romance, Drama",0,0,0,133,Rajshri Productions,9,https://image.tmdb.org/t/p/w500/gZZyhAXYB3HyrDZ7fL2GCZwxCVg.jpg,hi,0.0,Flop,5.0,0
Nishana,1980,Unknown,0,0,0,137,Roja Movies,1,https://image.tmdb.org/t/p/w500/hUvwL7wPFk22turDD6vjEQyDfhX.jpg,hi,0.0,Flop,5.0,0
Takkar,1980,Unknown,0,0,0,157,,4,https://image.tmdb.org/t/p/w500/t4B0fsG9FxMGDuHDxPfah2WZLF8.jpg,hi,0.0,Flop,5.0,0
Lootmaar,1980,"Drama, Action, Thriller",0,0,2,158,,4,https://image.tmdb.org/t/p/w500/xbpNvCc8LYZJrcTdUnhOAt4uWyV.jpg,hi,0.0,Flop,5.477121254719663,0
Chambal Ki Kasam,1980,Unknown,0,0,0,0,MPD Productions [in],8,,hi,0.0,Flop,5.0,0
Jal Mahal,1980,Romance,0,0,0,133,,7,https://image.tmdb.org/t/p/w500/nFUjJq8FSc5DtaTO2PeIpB4ps91.jpg,hi,0.0,Flop,5.0,0
Sau Din Saas Ke,1980,Unknown,0,0,0,150,,1,https://image.tmdb.org/t/p/w500/3ehhWCXs6FcA5kumHDRolvcAzOd.jpg,hi,0.0,Flop,5.0,0
Payal Ki Jhankaar,1980,Romance,0,0,2,114,,1,https://image.tmdb.org/t/p/w500/eemuTLYpdgXydaLuAsS3lMVlmjS.jpg,hi,0.0,Flop,5.477121254719663,0
The Naxalites,1980,Unknown,0,0,0,141,,1,,hi,0.0,Flop,5.0,0
Aakhri Insaaf,1980,"Action, Mystery",0,0,0,125,,1,https://image.tmdb.org/t/p/w500/cGz4aZQBk48zu4vBUIggEX2E441.jpg,hi,0.0,Flop,5.0,0
Oh Bewafaa,1980,"Drama, Romance",0,0,3,132,Tak Brothers,9,https://image.tmdb.org/t/p/w500/ljH58fYBfSo5xXHpaKpuTGMjpZA.jpg,hi,0.0,Flop,5.6020599913279625,0
Do Premee,1980,Romance,0,0,0,136,,11,https://image.tmdb.org/t/p/w500/oekBPUpAVDGMF7DOEMLSFiE9nk0.jpg,hi,0.0,Flop,5.0,0
Lambhardarni,1980,Unknown,0,0,0,0,,6,https://image.tmdb.org/t/p/w500/unP1cYyQcQv5lOaSaRG94XYkiUw.jpg,hi,0.0,Flop,5.0,0
Aagaman,1980,Documentary,0,0,3,20,Films Division of India,1,https://image.tmdb.org/t/p/w500/wB16KE1jxsLg8O4z7IN1gihYVaF.jpg,hi,0.0,Flop,5.6020599913279625,0
Ek Gunah Aur Sahi,1980,"Crime, Thriller",0,0,0,117,,5,https://image.tmdb.org/t/p/w500/cNJzPd2rTYRU8Vucgi1CBpO5Ej8.jpg,hi,0.0,Flop,5.0,0
Maan Abhiman,1980,Unknown,0,0,0,0,,1,https://image.tmdb.org/t/p/w500/7txe38OaOeWKUbCwpcBrNCcGOSI.jpg,hi,0.0,Flop,5.0,0
Satah Se Uthata Aadmi,1980,Drama,0,0,7,114,Infrakino Film,2,https://image.tmdb.org/t/p/w500/hRqZuME7dqM1w7TdXZbnJcRN438.jpg,hi,0.0,Flop,5.903089986991944,0
Wardat,1981,"Action, Thriller",0,0,1,132,,4,https://image.tmdb.org/t/p/w500/1LhB9SU2mQTFjfXiF6udFLCeX3.jpg,hi,0.0,Flop,5.301029995663981,0
Dhuan,1981,Thriller,0,0,2,153,Trimurti Films Pvt. Ltd.,1,https://image.tmdb.org/t/p/w500/cOx3QrBIdVjLQOC9qw7dwHudOhE.jpg,hi,0.0,Flop,5.477121254719663,0
Naseeb,1981,Drama,0,3220000,13,197,M.K.D. Films,5,https://image.tmdb.org/t/p/w500/oDUddLemim047H3V9tNrkhTotOK.jpg,hi,0.0,Flop,6.146128035678238,3220000
Baseraa,1981,Romance,0,0,1,139,,1,https://image.tmdb.org/t/p/w500/i7YxDxegfZA4Nfj3DKvsdB1hzXA.jpg,hi,0.0,Flop,5.301029995663981,0
Sameera,1981,"Drama, Family",0,0,0,125,,1,https://image.tmdb.org/t/p/w500/fLDx4u5lLViqXQifvUFJBh36hYb.jpg,hi,0.0,Flop,5.0,0
Pyaasa Sawan,1981,Romance,0,0,1,0,,1,https://image.tmdb.org/t/p/w500/9AHcBwrFPPqL9Q0d2sUHpsTKuCL.jpg,hi,0.0,Flop,5.301029995663981,0
Professor Pyarelal,1981,Action,0,0,1,0,,2,https://image.tmdb.org/t/p/w500/6EUMvamcqiCRHrMsFAHHzioweMt.jpg,hi,0.0,Flop,5.301029995663981,0
Kranti,1981,"Action, Adventure, Drama, History",0,0,5,187,V.I.P. Films,2,https://image.tmdb.org/t/p/w500/fbXgeQtZMj5EtVRyqM8kZZbF1pK.jpg,hi,0.0,Flop,5.778151250383644,0
Love Story,1981,"Drama, Romance",0,0,3,161,,2,https://image.tmdb.org/t/p/w500/e4wxIMVkbAvGx3tlSaIII4FnFUO.jpg,hi,0.0,Flop,5.6020599913279625,0
Silsila,1981,"Drama, Romance",0,420029,16,182,Yash Raj Films,7,https://image.tmdb.org/t/p/w500/7uzX38mxGZBBEdbxB4yxEw2vFvF.jpg,hi,0.0,Flop,6.230448921378274,420029
Laawaris,1981,"Action, Drama",0,0,16,203,Prakash Mehra Productions,5,https://image.tmdb.org/t/p/w500/pXe5nIyi5hJhSvjb7CVLVl3KL4O.jpg,hi,0.0,Flop,6.230448921378274,0
Jyoti,1981,Drama,0,0,1,144,,5,https://image.tmdb.org/t/p/w500/xRGsUXwXO0MuGMFm0sjDmG9jSif.jpg,hi,0.0,Flop,5.301029995663981,0
Kalyug,1981,Drama,0,0,4,152,,3,https://image.tmdb.org/t/p/w500/vMkyV7SFayhjDA4plQtPxqNsEOj.jpg,hi,0.0,Flop,5.698970004336019,0
Zamaane ko Dikhana hai,1981,"Romance, Thriller",0,0,2,175,"Nasir Hussain Films, United Producers",12,https://image.tmdb.org/t/p/w500/i6dAsze2mFuwDdg0MtGOZJ4gOuf.jpg,hi,0.0,Flop,5.477121254719663,0
Yaarana,1981,"Action, Romance",0,0,13,0,,1,https://image.tmdb.org/t/p/w500/kW0veaorkSOzfzHsYLeZUuoWe9O.jpg,hi,0.0,Flop,6.146128035678238,0
Kaalia,1981,"Action, Crime",0,0,12,175,,12,https://image.tmdb.org/t/p/w500/i8zLyTb3CuGwpVDj6irbiWBFsgN.jpg,hi,0.0,Flop,6.113943352306837,0
Pehla Adhyay,1981,Drama,0,0,0,130,Dhvanyalok Films,1,https://image.tmdb.org/t/p/w500/puQQJsHDo7HFm8IZWVByY3b9r6I.jpg,hi,0.0,Flop,5.0,0
Krodhi,1981,"Action, Thriller",0,0,2,159,,2,https://image.tmdb.org/t/p/w500/pl6Or87TskMSYs782LhwASKjSF7.jpg,hi,0.0,Flop,5.477121254719663,0
Ek Hi Bhool,1981,Romance,0,0,1,145,,10,https://image.tmdb.org/t/p/w500/rS0cf3SkOp7vRGGEj9XjmV09CuJ.jpg,hi,0.0,Flop,5.301029995663981,0
The Deliverance,1981,"Drama, TV Movie",0,0,9,45,Doordarshan,1,https://image.tmdb.org/t/p/w500/4aKOV84pCMOEexl3K06LChitBmS.jpg,hi,0.0,Flop,6.0,0
Albert Pinto Ko Gussa Kyoon Aata Hai,1981,"Drama, Comedy, Romance",0,0,8,110,,5,https://image.tmdb.org/t/p/w500/v5d5z8K8WOnYR6QOFNA2CcyUTXu.jpg,hi,0.0,Flop,5.954242509439325,0
Naram Garam,1981,"Drama, Comedy",0,0,9,133,Film Group,2,https://image.tmdb.org/t/p/w500/yoBt6cziVCnf35hijHhMgO2qnes.jpg,hi,0.0,Flop,6.0,0
Saajan Ki Saheli,1981,"Family, Drama",0,0,2,150,,1,https://image.tmdb.org/t/p/w500/o8S9hPx7NXquczfWxXueOSuWfYa.jpg,hi,0.0,Flop,5.477121254719663,0
Sannata,1981,"Romance, Horror, Mystery",0,0,0,106,,7,https://image.tmdb.org/t/p/w500/Ar1xJreLvNzWVgU2lUaEhoEraB7.jpg,hi,0.0,Flop,5.0,0
Dard,1981,"Crime, Drama, Family",0,0,1,129,,8,https://image.tmdb.org/t/p/w500/remeHHwxn9sxNT9tBvt3Fam1gZO.jpg,hi,0.0,Flop,5.301029995663981,0
Aas Paas,1981,"Drama, Romance",0,0,2,160,Film Kunj,1,https://image.tmdb.org/t/p/w500/A3ZGBRAYkk2PTedHY4Sdfc55qWj.jpg,hi,0.0,Flop,5.477121254719663,0
Nakhuda,1981,"Drama, Family, Romance",0,0,0,112,Yash Raj Films,1,https://image.tmdb.org/t/p/w500/w8vV6W4uEaBlBLFX848a1g7Sf9R.jpg,hi,0.0,Flop,5.0,0
Ek Aur Ek Gyarah,1981,"Action, Thriller",0,0,0,153,,12,https://image.tmdb.org/t/p/w500/711DVG11ZR6aQG60ltR8QALhj07.jpg,hi,0.0,Flop,5.0,0
Ghungroo Ki Awaaz,1981,"Mystery, Drama, Horror",0,0,0,138,Navketan International Films,9,https://image.tmdb.org/t/p/w500/1BxWXMHlWDd1eJRnslpIz2DpoZf.jpg,hi,0.0,Flop,5.0,0
Bulundi,1981,"Action, Crime, Drama",554620,0,2,161,,1,https://image.tmdb.org/t/p/w500/6AnbUuZL1uEpQ5pXYf2dJcTGvo4.jpg,hi,-1.0,Flop,5.477121254719663,-554620
Biwi O Biwi,1981,"Romance, Comedy",0,0,1,0,R.K. Films,5,https://image.tmdb.org/t/p/w500/rzotNBHhwAZk6ZS3N0n6YUD0SNS.jpg,hi,0.0,Flop,5.301029995663981,0
Chashme Buddoor,1981,"Comedy, Romance",0,0,16,145,P. L. A. Productions,4,https://image.tmdb.org/t/p/w500/6J69y5YMvzPp3g1nHptG1bST8lq.jpg,hi,0.0,Flop,6.230448921378274,0
Harjaee,1981,Romance,0,0,0,128,Sonnar Films,7,https://image.tmdb.org/t/p/w500/lwwk93cUlU2l53uEMDh2KtPocuO.jpg,hi,0.0,Flop,5.0,0
Barsaat Ki Ek Raat,1981,"Romance, Drama, Crime, Thriller",0,0,5,148,Shakti Films,2,https://image.tmdb.org/t/p/w500/2iIOuzUiOMvXNYSo36qKISzrDNy.jpg,hi,0.0,Flop,5.778151250383644,0
Chakra,1981,Unknown,0,0,8,135,,3,https://image.tmdb.org/t/p/w500/5zOTTxgUwmoFrsQ0VegDm3H6lB2.jpg,hi,0.0,Flop,5.954242509439325,0
Meri Aawaz Suno,1981,"Action, Crime, Drama",0,0,3,153,NH Studioz,11,https://image.tmdb.org/t/p/w500/aFwAcUcCiYm5UJUtS2YkhkwJZV2.jpg,hi,0.0,Flop,5.6020599913279625,0
Hotel,1981,"Thriller, Mystery, Horror",0,0,3,137,,8,https://image.tmdb.org/t/p/w500/eN4VUCzC7SZR0o4yJM5wdtCfgkr.jpg,hi,0.0,Flop,5.6020599913279625,0
Paanch Qaidi,1981,"Action, Adventure, Drama",0,0,0,137,,1,https://image.tmdb.org/t/p/w500/25xmOgUUrK0jyWBONqsdaNWeQkm.jpg,hi,0.0,Flop,5.0,0
Death Penalty,1981,"Crime, Drama",0,0,0,0,,1,https://image.tmdb.org/t/p/w500/mB9HMfDmGyITgvN2WAqca2MPsq1.jpg,hi,0.0,Flop,5.0,0
Ahista Ahista,1981,Romance,0,0,0,0,,10,https://image.tmdb.org/t/p/w500/oWBShVTO35VGPGxVhTw2tdFI4aG.jpg,hi,0.0,Flop,5.0,0
Katilon Ke Kaatil,1981,"Action, Romance",0,0,1,0,,12,https://image.tmdb.org/t/p/w500/cbdEgwDNnXcPCzvDmozbmuAp0eE.jpg,hi,0.0,Flop,5.301029995663981,0
Hum Se Badkar Kaun,1981,"Thriller, Action, Drama",0,2812500,1,139,,3,https://image.tmdb.org/t/p/w500/3u6Q5c24GR8bFJnUTZP9o8aiZG.jpg,hi,0.0,Flop,5.301029995663981,2812500
Daasi,1981,Drama,0,0,0,138,,6,https://image.tmdb.org/t/p/w500/d9jsir6DXg0YijuxxhTxr9bmf1d.jpg,hi,0.0,Flop,5.0,0
Dahshat,1981,Horror,0,0,0,0,Ramsay Productions,6,https://image.tmdb.org/t/p/w500/l6347EmtHdg0JJC84DL4AsytSjd.jpg,hi,0.0,Flop,5.0,0
Be-Shaque,1981,"Thriller, Mystery",0,0,4,121,,12,https://image.tmdb.org/t/p/w500/3puPw55CQSzon21SzLNZvFKhKXj.jpg,hi,0.0,Flop,5.698970004336019,0
Khoon Aur Paani,1981,"Drama, Action, Thriller, Family",0,0,5,144,,4,https://image.tmdb.org/t/p/w500/3DWym5jUzrPUfkx9darcSVBLANC.jpg,hi,0.0,Flop,5.778151250383644,0
Ek Duuje Ke Liye,1981,"Drama, Romance",0,0,9,163,Prasad Art Pictures,6,https://image.tmdb.org/t/p/w500/qEh6ihTizXYc8QPcPSjEFi6Izty.jpg,hi,0.0,Flop,6.0,0
Chirutha,1981,Drama,0,0,0,110,National Film Development Corporation of India,1,https://image.tmdb.org/t/p/w500/9CHO3GgzvjbkkHm4HTHmaYyeOvN.jpg,hi,0.0,Flop,5.0,0
Khoon Ka Rishta,1981,Action,0,0,0,117,NH Studioz,12,,hi,0.0,Flop,5.0,0
Jwaala Daaku,1981,Action,0,0,0,100,,1,https://image.tmdb.org/t/p/w500/qS40aPC9JZLVgMXooF3Y3MtkI9X.jpg,hi,0.0,Flop,5.0,0
Armaan,1981,Unknown,0,0,1,131,Sagar Art International,11,https://image.tmdb.org/t/p/w500/2vvg2dYzfGB2mCeyEoI6PBtb75V.jpg,hi,0.0,Flop,5.301029995663981,0
Tajurba,1981,Unknown,0,0,1,0,,10,https://image.tmdb.org/t/p/w500/5lrnLq88gvcX1pLKbm61bLZGjMb.jpg,hi,0.0,Flop,5.301029995663981,0
Yeh Rishta Na Tootay,1981,"Crime, Drama",0,0,1,139,"Anandalakshmi Art Productions, Durgaa Films",7,,hi,0.0,Flop,5.301029995663981,0
Sahhas,1981,Action,0,0,0,133,,9,https://image.tmdb.org/t/p/w500/fRrUV31mZjjKoJIEpuMzGJM1Gvn.jpg,hi,0.0,Flop,5.0,0
Khuda Kasam,1981,Unknown,0,0,0,0,,10,https://image.tmdb.org/t/p/w500/pNiwhj22VF0mxHbX9OGwbEmwdas.jpg,hi,0.0,Flop,5.0,0
Kudrat,1981,"Romance, Drama, Mystery",0,0,2,164,,4,https://image.tmdb.org/t/p/w500/er41MfrANQR7bVvDXLoQH0sY3dT.jpg,hi,0.0,Flop,5.477121254719663,0
Chhuppa Chhuppi,1981,Comedy,0,0,0,0,,1,,hi,0.0,Flop,5.0,0
Jiyo To Aise Jiyo,1981,"Drama, Family",0,0,0,192,Rajshri Productions,1,https://image.tmdb.org/t/p/w500/cZJAi1oVQ0abWYAif653WwZftBr.jpg,hi,0.0,Flop,5.0,0
Main Aur Mera Hathi,1981,"Action, Drama",0,0,1,0,,12,https://image.tmdb.org/t/p/w500/7FRYRJc9zcnRtv3CA6Hjh85yrme.jpg,hi,0.0,Flop,5.301029995663981,0
Desert of a Thousand Lines,1981,Documentary,0,0,0,72,ZDF,1,https://image.tmdb.org/t/p/w500/h31cEgvrE4hIERdkH3WjN8jpl93.jpg,hi,0.0,Flop,5.0,0
Jeene ki arzoo,1981,Unknown,0,0,1,130,AVM Productions,12,https://image.tmdb.org/t/p/w500/2htp35faEDByzhwZnqIUak8iWkG.jpg,hi,0.0,Flop,5.301029995663981,0
Kasam Bhavani Ki,1981,Unknown,0,0,0,0,,1,,hi,0.0,Flop,5.0,0
Maan Gaye Ustaad,1981,Unknown,0,0,0,0,,1,https://image.tmdb.org/t/p/w500/mSdhigJ5rWvwe3PAP2yPM4clxdo.jpg,hi,0.0,Flop,5.0,0
Khwaja Ki Diwani,1981,Unknown,0,0,0,128,,8,https://image.tmdb.org/t/p/w500/lczBAruswRKnK4t4Mq0GcDQZfhm.jpg,hi,0.0,Flop,5.0,0
Laparwah,1981,"Action, Drama, Adventure",0,0,0,0,,1,https://image.tmdb.org/t/p/w500/oiOZ3Q2oTQqolXxQ6dJiHBucda2.jpg,hi,0.0,Flop,5.0,0
Itni Si Baat,1981,Unknown,0,0,0,0,,5,https://image.tmdb.org/t/p/w500/91Odi8JGj8wogcmTtYPitDCbWEf.jpg,hi,0.0,Flop,5.0,0
Shodh,1981,Horror,0,0,0,0,,2,,hi,0.0,Flop,5.0,0
Agni Pareeksha,1981,Unknown,0,0,0,0,,3,https://image.tmdb.org/t/p/w500/Sy4j3fuZtsT1p1Yt92iVPaaM7F.jpg,hi,0.0,Flop,5.0,0
Sansani: The Sensation,1981,"Horror, Crime, Drama, Thriller",0,0,0,0,,1,,hi,0.0,Flop,5.0,0
Mangalsutra,1981,"Thriller, Horror",0,0,1,139,,4,https://image.tmdb.org/t/p/w500/wkjmgM2yzzDcDn0ycv5V4n1Crbe.jpg,hi,0.0,Flop,5.301029995663981,0
Waqt Ki Deewar,1981,Unknown,0,0,0,0,,1,https://image.tmdb.org/t/p/w500/jApdo3krs6FqNEejEakAV6mlFh5.jpg,hi,0.0,Flop,5.0,0
Indian Talkie,1981,Unknown,0,0,0,21,Films Division of India,1,https://image.tmdb.org/t/p/w500/ydtAbf6ZIkgceEYYTQttTLQAWwQ.jpg,hi,0.0,Flop,5.0,0
Guru Suleman Chela Pahelwan,1981,Unknown,0,0,0,0,,1,https://image.tmdb.org/t/p/w500/ruSJuLEH26a262b7v70cFLkQUE5.jpg,hi,0.0,Flop,5.0,0
Mahabali Hanuman,1981,"Adventure, Fantasy, Family",0,0,0,130,,8,,hi,0.0,Flop,5.0,0
Ehsaan Aap Ka,1981,Unknown,0,0,0,0,,1,https://image.tmdb.org/t/p/w500/ixIKYbGtJvoc56W6VO8YjPAprCU.jpg,hi,0.0,Flop,5.0,0
Star,1982,"Drama, Family",0,0,63,128,,10,https://image.tmdb.org/t/p/w500/pU7oXmVdNPrzj2XOGIQ6ciMnH42.jpg,hi,0.0,Flop,6.8061799739838875,0
Spandan,1982,Drama,0,0,0,135,,7,,hi,0.0,Flop,5.0,0
Vidhaata,1982,"Action, Drama, Family",0,0,5,168,Trimurti Films Pvt. Ltd.,9,https://image.tmdb.org/t/p/w500/sDVV8ZmBnzwo3ZjW16jfwP56cdp.jpg,hi,0.0,Flop,5.778151250383644,0
Aadharshila,1982,Unknown,0,0,0,154,Ashok Films,7,https://image.tmdb.org/t/p/w500/blbIHdhFZkfc2BXLZ4YxwAgAIiL.jpg,hi,0.0,Flop,5.0,0
Aagaman,1982,Unknown,0,0,0,150,,1,https://image.tmdb.org/t/p/w500/ilwIVXPW1kImYZiWw4vSEJ0BiAK.jpg,hi,0.0,Flop,5.0,0
Namkeen,1982,Drama,0,0,1,129,,4,https://image.tmdb.org/t/p/w500/pqThTE6Pf1UjoVJxzZatzSzNaPt.jpg,hi,0.0,Flop,5.301029995663981,0
Dil... Akhir Dil Hai,1982,Unknown,0,0,0,150,,6,https://image.tmdb.org/t/p/w500/cPBblEDYUxLWKG6E7KPTs64gVtE.jpg,hi,0.0,Flop,5.0,0
Raaste Pyar Ke,1982,"Romance, Drama",0,0,1,126,,12,https://image.tmdb.org/t/p/w500/q2gzMae7hlTsSoNj8lXSxq6Amwn.jpg,hi,0.0,Flop,5.301029995663981,0
Ramnagri,1982,Unknown,0,0,0,0,,1,https://image.tmdb.org/t/p/w500/as4CWihilci1Zy7A5JjIvmx0t7q.jpg,hi,0.0,Flop,5.0,0
Disco Dancer,1982,"Music, Drama",0,106000000,30,134,B. Subhash Movie Unit,12,https://image.tmdb.org/t/p/w500/3vc1MMLflENJ8sHwbHjzedT07Hv.jpg,hi,0.0,Flop,6.491361693834273,106000000
Sitam,1982,Unknown,0,0,0,132,,1,https://image.tmdb.org/t/p/w500/7t1S4HooKWlcUs8LK8fEgWDANe7.jpg,hi,0.0,Flop,5.0,0
Yeh Vaada Raha,1982,"Drama, Romance",0,0,4,0,,4,https://image.tmdb.org/t/p/w500/pSdMYDlPp6VLJ5MREVP0oIY5XxD.jpg,hi,0.0,Flop,5.698970004336019,0
Nadiya Ke Paar,1982,"Drama, Romance",0,0,7,149,,1,https://image.tmdb.org/t/p/w500/1qhUaP7kqsbO7P6JWgjITtkWnfn.jpg,hi,0.0,Flop,5.903089986991944,0
Jeevan Dhaara,1982,"Family, Drama",0,0,1,138,,2,https://image.tmdb.org/t/p/w500/6OEIrk6JQSjNPfXEf5xJgtYmjDg.jpg,hi,0.0,Flop,5.301029995663981,0
Shakti,1982,"Action, Crime",0,0,18,165,M.R. Productions,9,https://image.tmdb.org/t/p/w500/2Gz21c2XNYIOWty9JaFMc3h825E.jpg,hi,0.0,Flop,6.278753600952829,0
Desh Premee,1982,"Action, Drama",0,0,6,174,,4,https://image.tmdb.org/t/p/w500/yeYI52zW2TOJ7uC3drxBzwXpYdN.jpg,hi,0.0,Flop,5.845098040014257,0
Namak Halaal,1982,"Action, Comedy, Mystery",0,0,27,179,"Chaudhry Enterprises, Prakash Mehra Productions",4,https://image.tmdb.org/t/p/w500/mPaT9BUc8RiBVdZ05VLTDuwdr56.jpg,hi,0.0,Flop,6.447158031342219,0
Khud-Daar,1982,"Action, Drama",0,0,3,169,,2,https://image.tmdb.org/t/p/w500/4nQ7eqlTJpmnYn0FeLptlunjOma.jpg,hi,0.0,Flop,5.6020599913279625,0
Angoor,1982,Comedy,0,0,29,136,A.R. Movies,3,https://image.tmdb.org/t/p/w500/wijF2sW1MDq9c1u5m9ezealO9KC.jpg,hi,0.0,Flop,6.477121254719663,0
Arth,1982,"Drama, Romance",0,0,12,138,Anu Arts,12,https://image.tmdb.org/t/p/w500/dtSdmEr5RVVWdg2zhsgv7yjqu0O.jpg,hi,0.0,Flop,6.113943352306837,0
Dard Ka Rishta,1982,Drama,0,0,0,152,Ajaanta Arts,1,https://image.tmdb.org/t/p/w500/8caaZ8CHhSyR0maFoc2CrdyqIFf.jpg,hi,0.0,Flop,5.0,0
Rajput,1982,"Action, Romance",0,0,2,0,,4,https://image.tmdb.org/t/p/w500/vWIJtDH1ZFSJ5iWPPcwuUYbWeU2.jpg,hi,0.0,Flop,5.477121254719663,0
Prem Rog,1982,"Drama, Music, Romance",0,0,12,172,"R.K. Films, K.R. Films Pvt. Ltd.",7,https://image.tmdb.org/t/p/w500/pwPAxZC7wK6PhUYhq2ZFYOrh6iK.jpg,hi,0.0,Flop,6.113943352306837,0
Vijeta,1982,Drama,0,0,2,151,Film Valas,3,https://image.tmdb.org/t/p/w500/soeLYpXlIFupYr51Q3oKNBUjHpx.jpg,hi,0.0,Flop,5.477121254719663,0
Pyaas,1982,Unknown,0,0,0,0,,1,,hi,0.0,Flop,5.0,0
Ashanti,1982,"Action, Adventure",0,0,4,0,,5,https://image.tmdb.org/t/p/w500/3HDZcH3H3W7FofwwOTNPgZu1VHI.jpg,hi,0.0,Flop,5.698970004336019,0
Samraat,1982,"Adventure, Romance",0,0,3,148,,11,https://image.tmdb.org/t/p/w500/lwt72ttGmSBYioOsd9juO0GCJ28.jpg,hi,0.0,Flop,5.6020599913279625,0
Teesri Aankh,1982,"Action, Thriller",0,0,2,177,,4,https://image.tmdb.org/t/p/w500/1bvbxTBPU5ClIwXLc1PIwiXkHFG.jpg,hi,0.0,Flop,5.477121254719663,0
Shaukeen,1982,Comedy,0,0,2,127,Senmit Movie Visuals,4,https://image.tmdb.org/t/p/w500/7C4sc58373ZonNAvTe7WWFma9xp.jpg,hi,0.0,Flop,5.477121254719663,0
Yeh to Kamaal Ho Gaya,1982,"Action, Comedy, Drama",0,0,1,136,,10,https://image.tmdb.org/t/p/w500/r5hhKFBVKtNqVYDaUqasPybSXuB.jpg,hi,0.0,Flop,5.301029995663981,0
Deedar-E-Yaar,1982,Unknown,0,0,2,0,,10,https://image.tmdb.org/t/p/w500/xpsYwzxrdBWiCq8R6FhsNxG9EIZ.jpg,hi,0.0,Flop,5.477121254719663,0
Saath Saath,1982,"Comedy, Romance",0,0,3,145,"The Film Company, National Film Development Corporation of India",3,https://image.tmdb.org/t/p/w500/kOd4IFry1sA5Vjl21VVEwAuo52N.jpg,hi,0.0,Flop,5.6020599913279625,0
Vakil Babu,1982,"Drama, Mystery",0,0,0,150,S. R. Films Combine,4,,hi,0.0,Flop,5.0,0
Bazaar,1982,Drama,0,0,6,121,New Wave Productions,3,https://image.tmdb.org/t/p/w500/2OT6ILOvQVtMFvrqdGGDT7RdpLr.jpg,hi,0.0,Flop,5.845098040014257,0
Kaamchor,1982,"Drama, Family",0,0,2,100,,12,https://image.tmdb.org/t/p/w500/AkmqIFqcGdjAKT8kv22dU7TBhtv.jpg,hi,0.0,Flop,5.477121254719663,0
Shriman Shrimati,1982,"Family, Comedy, Drama",0,0,3,0,,3,https://image.tmdb.org/t/p/w500/1RNIqvqn9nxMF852XFZNHS4ivxl.jpg,hi,0.0,Flop,5.6020599913279625,0
Bemisal,1982,"Family, Drama",0,0,0,142,Shri Lokenath Chitramandir,2,https://image.tmdb.org/t/p/w500/czTMPWr0FX8YMPbscuJ9Y6RuGgg.jpg,hi,0.0,Flop,5.0,0
Dil-E-Nadaan,1982,Unknown,0,0,1,0,,6,https://image.tmdb.org/t/p/w500/q1XIklQY6pI37xICsJ8NT05DBmT.jpg,hi,0.0,Flop,5.301029995663981,0
Swami Dada,1982,Unknown,0,0,1,161,,12,https://image.tmdb.org/t/p/w500/ikU1WTIL3RkzhBndV2TIzLaptjB.jpg,hi,0.0,Flop,5.301029995663981,0
Daulat,1982,"Action, Crime, Drama",0,0,1,150,,1,https://image.tmdb.org/t/p/w500/1kCIzNkom0U2ipmJyUMjOGum5wJ.jpg,hi,0.0,Flop,5.301029995663981,0
Krishnanattam,1982,Documentary,0,0,0,17,,1,https://image.tmdb.org/t/p/w500/9rP3XStD2nToe6ZF4exJBdw9Ars.jpg,hi,0.0,Flop,5.0,0
Sawaal,1982,Drama,0,0,0,129,Yash Raj Films,5,https://image.tmdb.org/t/p/w500/bzOOmX30AIaaozvLG5BU7VrQAMS.jpg,hi,0.0,Flop,5.0,0
Apna Bana Lo,1982,Drama,0,0,2,148,Amber Films,3,https://image.tmdb.org/t/p/w500/47R84lK7og5m0Z2CVoYcodVt5rF.jpg,hi,0.0,Flop,5.477121254719663,0
Bheegi Palkein,1982,Romance,0,0,0,123,Arya Pictures,8,https://image.tmdb.org/t/p/w500/7TUQ0IgvWqQdJqzVij9Dccfh4zw.jpg,hi,0.0,Flop,5.0,0
Katha,1982,"Comedy, Drama",0,0,7,141,Devki Chitra,12,https://image.tmdb.org/t/p/w500/7SeKSNKZgg51U9QaPuCvYl3HZml.jpg,hi,0.0,Flop,5.903089986991944,0
Aadat Se Majboor,1982,"Action, Crime, Drama",0,0,2,105,,7,https://image.tmdb.org/t/p/w500/2Jhz72xOGJVM9z6vI2okMjIIBva.jpg,hi,0.0,Flop,5.477121254719663,0
Chorni,1982,"Comedy, Drama",0,0,1,149,,2,https://image.tmdb.org/t/p/w500/kDqY8GWiqz9WauhrtwkdafdhHfM.jpg,hi,0.0,Flop,5.301029995663981,0
Bezubaan,1982,Romance,0,0,0,137,,12,https://image.tmdb.org/t/p/w500/n57ILIk9KDLIG4dd1B55UBjRqLB.jpg,hi,0.0,Flop,5.0,0
Dulha Bikta Hai,1982,"Family, Drama",0,0,1,150,,1,https://image.tmdb.org/t/p/w500/pF2AzHiIN9Ae9TVfCDdXreRQ7QL.jpg,hi,0.0,Flop,5.301029995663981,0
Raksha,1982,"Action, Thriller",0,0,1,127,Bharati International,2,https://image.tmdb.org/t/p/w500/9no6hG06XnjVPjV9fz3sFNf6sW0.jpg,hi,0.0,Flop,5.301029995663981,0
Ayaash,1982,Romance,0,0,0,131,,10,https://image.tmdb.org/t/p/w500/inQLNjr9w0w48kkn9UMDf3C9xsE.jpg,hi,0.0,Flop,5.0,0
Teri Maang Sitaron Se Bhar Doon,1982,Family,0,0,0,155,Raj Khosla Films,8,https://image.tmdb.org/t/p/w500/evhLxxp0pPUnmpKr9B6nmwuVtMz.jpg,hi,0.0,Flop,5.0,0
Rustom,1982,Unknown,0,0,0,139,,1,https://image.tmdb.org/t/p/w500/u5Sw9EaYDjlV4cKcDYNIPr360FF.jpg,hi,0.0,Flop,5.0,0
Baghavat,1982,"Drama, History",0,0,0,0,,8,https://image.tmdb.org/t/p/w500/3pgPdami6JZA7gi9uGghL4BmWjX.jpg,hi,0.0,Flop,5.0,0
Ustadi Ustad Se,1982,"Drama, Action, Crime, Romance",0,0,0,134,,2,https://image.tmdb.org/t/p/w500/btcCuI7ZCCF4jIBNJOG3aRd2AaD.jpg,hi,0.0,Flop,5.0,0
Log Kya Kahenge,1982,Drama,0,0,0,122,,1,https://image.tmdb.org/t/p/w500/eAroOGTOcWo9NB9bgjn9Dq8Vido.jpg,hi,0.0,Flop,5.0,0
Unique Relation,1982,Drama,0,0,0,134,Shree Jagdamba Productions,12,https://image.tmdb.org/t/p/w500/hX949zPSPOrkKFHQRdrK2O3JgXG.jpg,hi,0.0,Flop,5.0,0
Insaan,1982,Unknown,0,0,0,0,,6,https://image.tmdb.org/t/p/w500/2Xx5NOGYmW1SMMokiigaj86krBP.jpg,hi,0.0,Flop,5.0,0
Gopichand Jasoos,1982,"Comedy, Thriller",0,0,1,150,Dimple Films,2,https://image.tmdb.org/t/p/w500/sbiRfkLdR0S71yEKDET1yQGE0xN.jpg,hi,0.0,Flop,5.301029995663981,0
Farz Aur Kanoon,1982,"Action, Drama",0,0,0,161,,1,https://image.tmdb.org/t/p/w500/4Ukv3asLEhKc3Bd5tN8Sh4hVuyj.jpg,hi,0.0,Flop,5.0,0
Sanam Teri Kasam,1982,"Drama, Action, Romance, Family",0,0,3,0,Barkha Movies,5,https://image.tmdb.org/t/p/w500/nZ41viiRE7nYxCaPvSUNLFGZ25h.jpg,hi,0.0,Flop,5.6020599913279625,0
Aamne Samne,1982,"Action, Crime, Drama, Music",0,0,0,0,"Shakti Films, United Producers",1,https://image.tmdb.org/t/p/w500/cdOpsncg1w7avVSEhrr2mQVn00N.jpg,hi,0.0,Flop,5.0,0
Meharbaani,1982,Unknown,0,0,0,140,,5,https://image.tmdb.org/t/p/w500/vxIyvDTCK0Po7X25GFwyAk08Fak.jpg,hi,0.0,Flop,5.0,0
Teri Meri Kahani,1982,TV Movie,0,0,0,0,,1,,hi,0.0,Flop,5.0,0
Raj Mahal,1982,Unknown,0,0,1,0,,9,,hi,0.0,Flop,5.301029995663981,0
Dial 100,1982,"Action, Comedy, Romance, Drama, Crime",0,0,0,145,,4,,hi,0.0,Flop,5.0,0
Zakhmee Insaan,1982,"Crime, Action",0,0,0,0,Komal Art International,1,,hi,0.0,Flop,5.0,0
Sati Naag Kanya,1982,Unknown,0,0,0,0,Unity Pictures,1,,hi,0.0,Flop,5.0,0
Maut Ka Saya,1982,"Horror, Science Fiction",0,0,0,0,,6,https://image.tmdb.org/t/p/w500/3TTgytJz2xVosIRheF9Uzkubsp6.jpg,hi,0.0,Flop,5.0,0
Taaqat,1982,Unknown,0,0,0,0,,1,,hi,0.0,Flop,5.0,0
Sun Sajna,1982,"Drama, Family, Romance",0,0,0,138,Rajshri Productions,9,https://image.tmdb.org/t/p/w500/dSs3pAINby0vFejD7kOEwlpzgy1.jpg,hi,0.0,Flop,5.0,0
Gumsum,1982,Drama,0,0,0,98,Vishakha Films,1,,hi,0.0,Flop,5.0,0
Sumbandh,1982,"Action, Drama, Romance, Thriller",0,0,0,125,Seth Films International,1,https://image.tmdb.org/t/p/w500/1sXJBRR7X2YFgeuPUhjWiu3MsT4.jpg,hi,0.0,Flop,5.0,0
Islam in India,1982,Documentary,0,0,0,122,,1,https://image.tmdb.org/t/p/w500/nzj9khuaBkhcylB3RR5vTbRCdDz.jpg,hi,0.0,Flop,5.0,0
Sable,1982,Unknown,0,0,0,90,,1,https://image.tmdb.org/t/p/w500/mdUdvFGxnLYz8JV8VrRn7vqPIag.jpg,hi,0.0,Flop,5.0,0
Heeron Ka Chor,1982,Unknown,0,0,0,0,,6,,hi,0.0,Flop,5.0,0
Maine Jeena Seekh Liya,1982,Unknown,0,0,0,0,,1,https://image.tmdb.org/t/p/w500/loglCVgxtO8d4Q09IAx0rWjRFmF.jpg,hi,0.0,Flop,5.0,0
Mawaali,1983,"Action, Thriller",0,0,2,138,,11,https://image.tmdb.org/t/p/w500/3mwgs7UOcqSyt3pgHs05sXJxDSw.jpg,hi,0.0,Flop,5.477121254719663,0
Nishaan,1983,"Romance, Action, Drama, Family",0,0,2,150,Brar Productions,2,https://image.tmdb.org/t/p/w500/gjWz2goI07Tgejy71Rn7oMBc01G.jpg,hi,0.0,Flop,5.477121254719663,0
Betaab,1983,"Romance, Drama",0,0,8,155,,8,https://image.tmdb.org/t/p/w500/5JTJG3b2I6EZYhov18KE0Flknom.jpg,hi,0.0,Flop,5.954242509439325,0
Laalach,1983,"Drama, Thriller, Action",0,0,1,135,,1,https://image.tmdb.org/t/p/w500/sF1PGcIle0v21ja8WT4C2RNf9Fp.jpg,hi,0.0,Flop,5.301029995663981,0
Sookha,1983,Drama,0,0,0,119,,7,https://image.tmdb.org/t/p/w500/BpQl4GofPlIFOG88ITdgTOcAqA.jpg,hi,0.0,Flop,5.0,0
Hip Hip Hurray,1983,Drama,0,0,0,121,,12,https://image.tmdb.org/t/p/w500/x6RQZHc76dKFg7OrZ8WUiwiYQBc.jpg,hi,0.0,Flop,5.0,0
Siskiyan,1983,Thriller,0,0,0,0,,1,https://image.tmdb.org/t/p/w500/3Z6kDZqKpiQ9J28FI9Ryj0mCVac.jpg,hi,0.0,Flop,5.0,0
Taqdeer,1983,"Adventure, Drama",0,0,1,155,,2,https://image.tmdb.org/t/p/w500/uF93A4k6WaKC2O8tPWV1y0DLfkB.jpg,hi,0.0,Flop,5.301029995663981,0
Coolie,1983,"Action, Comedy, Drama",0,0,23,169,"Aasia Films Private Limited, M.K.D. Films Combine",12,https://image.tmdb.org/t/p/w500/rT2GUcSQYIopRw23mx09yWHKbZH.jpg,hi,0.0,Flop,6.380211241711606,0
Masoom,1983,"Drama, Family",0,0,26,138,Krsna Films Unit,1,https://image.tmdb.org/t/p/w500/a2PVNqiTbALVhyQVuqDMROy21Pt.jpg,hi,0.0,Flop,6.431363764158988,0
Hero,1983,Romance,0,0,13,173,Mukta Arts Ltd,12,https://image.tmdb.org/t/p/w500/cz0Zbdra2YbZlsmoTrslzRyrrBZ.jpg,hi,0.0,Flop,6.146128035678238,0
Jaane Bhi Do Yaaro,1983,"Comedy, Crime",14000,0,64,132,National Film Development Corporation of India,8,https://image.tmdb.org/t/p/w500/gidaBJsPuq0nTG7PI93mERZoVAh.jpg,hi,-1.0,Flop,6.812913356642856,-14000
Bade Dil Wala,1983,"Action, Drama, Crime",0,0,4,144,,9,https://image.tmdb.org/t/p/w500/xcg67lGMX9uBWN3cVEeRzIyZF0v.jpg,hi,0.0,Flop,5.698970004336019,0
Avtaar,1983,Drama,0,0,7,157,,3,https://image.tmdb.org/t/p/w500/czNlKKQywcyr8pzus90K4vp66w9.jpg,hi,0.0,Flop,5.903089986991944,0
Mandi,1983,"Comedy, Drama, Romance",0,0,7,167,Blaze Film Enterprises,2,https://image.tmdb.org/t/p/w500/euu0sbaZnW0ryCHKAjZfdGLeIQR.jpg,hi,0.0,Flop,5.903089986991944,0
Sadma,1983,"Drama, Romance",0,0,16,141,Sippy Films,7,https://image.tmdb.org/t/p/w500/5XJpcUUM3uN2QyGJowL1awY4mTX.jpg,hi,0.0,Flop,6.230448921378274,0
Nastik,1983,Action,0,0,6,151,Shemaroo Entertainment,2,https://image.tmdb.org/t/p/w500/radmm0hyoBMSs8FIbKxYBieHjHU.jpg,hi,0.0,Flop,5.845098040014257,0
Ardh Satya,1983,"Drama, Crime",0,0,17,123,Neo Films Associates,8,https://image.tmdb.org/t/p/w500/uBefh0aCQ3OJu48Fzk5CWPvBAhg.jpg,hi,0.0,Flop,6.2552725051033065,0
Souten,1983,"Drama, Romance",0,0,3,160,,6,https://image.tmdb.org/t/p/w500/pBtKnI3O6Z6yYIq4Sy1VAEdRfb.jpg,hi,0.0,Flop,5.6020599913279625,0
Woh 7 Din,1983,"Drama, Romance",0,0,7,139,,2,https://image.tmdb.org/t/p/w500/dQVT9A3iwejfsjRNrVSlvKqTL7e.jpg,hi,0.0,Flop,5.903089986991944,0
Kissi Se Na Kehna,1983,Comedy,0,0,7,141,Sahyog Chitra,12,https://image.tmdb.org/t/p/w500/zmSl3xudeqIKzgRvacQqkew8dHw.jpg,hi,0.0,Flop,5.903089986991944,0
Kalakaar,1983,"Drama, Music",0,0,0,0,,12,https://image.tmdb.org/t/p/w500/iD3TDyKoDSvqiqCgnHDhj6fCaFM.jpg,hi,0.0,Flop,5.0,0
Prem Tapasya,1983,Unknown,0,0,2,0,,4,https://image.tmdb.org/t/p/w500/9rA8L76Eyk312cCzK4IrDLpYfFK.jpg,hi,0.0,Flop,5.477121254719663,0
Naukar Biwi Ka,1983,"Family, Drama, Comedy",0,0,1,0,,8,https://image.tmdb.org/t/p/w500/yvJg121yIayVufNJhuQWwreNUl7.jpg,hi,0.0,Flop,5.301029995663981,0
Andhaa Kaanoon,1983,"Action, Drama",0,0,10,155,Laxmi Productions,4,https://image.tmdb.org/t/p/w500/4toRI99N5nRlFla2l6BulYrnwQx.jpg,hi,0.0,Flop,6.041392685158225,0
Rishta Kagaz Ka,1983,"Drama, Music",0,0,1,150,Goel Cine Corporation,1,https://image.tmdb.org/t/p/w500/eGrZZ2P2R1gNzWHfRATzG042ywr.jpg,hi,0.0,Flop,5.301029995663981,0
Rang Birangi,1983,"Comedy, Drama, Romance",0,0,4,121,Rajvi Pictures,4,https://image.tmdb.org/t/p/w500/rQCblOlhls54iwELMMkhI5cuIu3.jpg,hi,0.0,Flop,5.698970004336019,0
Ghungroo,1983,Unknown,0,0,0,0,,7,https://image.tmdb.org/t/p/w500/6LxRkMDSD8yjuV3MuJZ7lMzuU0Y.jpg,hi,0.0,Flop,5.0,0
Zara Si Zindagi,1983,Drama,0,0,1,0,Premalaya,1,https://image.tmdb.org/t/p/w500/pfOLytdLlk15mm1tnclGFyPUiE4.jpg,hi,0.0,Flop,5.301029995663981,0
Qayamat,1983,Unknown,0,0,1,139,,8,https://image.tmdb.org/t/p/w500/uKR27MM9LvuzpJazpPmz5CgSVQG.jpg,hi,0.0,Flop,5.301029995663981,0
Mazdoor,1983,Unknown,0,0,1,167,,10,https://image.tmdb.org/t/p/w500/tL5WaXFVWX2MvQGMhimZBKUyymu.jpg,hi,0.0,Flop,5.301029995663981,0
Chatpati,1983,Comedy,0,0,0,130,"Navratna Films, NH Studioz",1,https://image.tmdb.org/t/p/w500/bEax7vUJxZlFZ7MTUaSVAS0V481.jpg,hi,0.0,Flop,5.0,0
Paranoia,1983,Unknown,0,0,0,40,,4,,hi,0.0,Flop,5.0,0
Mahaan,1983,Action,0,0,3,176,,8,https://image.tmdb.org/t/p/w500/2iDA23Hblro3nJuRHo69Xfj0UdR.jpg,hi,0.0,Flop,5.6020599913279625,0
Pasand Apni Apni,1983,"Drama, Comedy, Romance",0,0,2,135,,1,https://image.tmdb.org/t/p/w500/hWiSRhafAkwL256PD3fb0aeQDbW.jpg,hi,0.0,Flop,5.477121254719663,0
Chor Police,1983,"Drama, Action, Music",0,0,0,0,,1,https://image.tmdb.org/t/p/w500/fF4awoqeW0powZSrqhYageO4tMe.jpg,hi,0.0,Flop,5.0,0
Woh Jo Hasina,1983,Romance,0,0,0,121,,7,https://image.tmdb.org/t/p/w500/fEzne54UXNb4hNZStJPs7bwtJcd.jpg,hi,0.0,Flop,5.0,0
Humse Na Jeeta Koi,1983,Comedy,0,0,0,120,,4,https://image.tmdb.org/t/p/w500/gnbbAjAbM3f90Ep07VwVduPdgkO.jpg,hi,0.0,Flop,5.0,0
Haadsaa,1983,"Action, Thriller, Drama",0,0,2,0,,1,https://image.tmdb.org/t/p/w500/sUT05SWNZlzuraXTIvcxEU2fvnb.jpg,hi,0.0,Flop,5.477121254719663,0
Ek Jaan Hain Hum,1983,Unknown,0,0,3,151,,9,https://image.tmdb.org/t/p/w500/AppbnDuCGQKsSiVpWBxvhfEbmZK.jpg,hi,0.0,Flop,5.6020599913279625,0
Godam,1983,Drama,0,0,4,140,National Film Development Corporation of India,4,https://image.tmdb.org/t/p/w500/54ovo112FEPDFUao3pIyI8XvDXg.jpg,hi,0.0,Flop,5.698970004336019,0
Shubh Kaamna,1983,"Comedy, Drama",0,0,0,138,,1,https://image.tmdb.org/t/p/w500/sIa029FYMhoXgzscUPfVy61SSn0.jpg,hi,0.0,Flop,5.0,0
Main Awara Hoon,1983,"Drama, Family",0,0,1,148,,12,https://image.tmdb.org/t/p/w500/a5qrmgD3soaYHU2UxhwKpjGRy6u.jpg,hi,0.0,Flop,5.301029995663981,0
Jeet Hamaari,1983,Action,0,0,1,0,Devar Films,5,https://image.tmdb.org/t/p/w500/pPntwk3DtZ74AtP6374AvhQ8wih.jpg,hi,0.0,Flop,5.301029995663981,0
During Holidays,1983,Drama,0,0,0,42,Film and Television Institute of India,1,,hi,0.0,Flop,5.0,0
Romance,1983,Romance,0,0,0,0,,1,https://image.tmdb.org/t/p/w500/wonuGbG2EVi9PmpLARDvD6ypTDa.jpg,hi,0.0,Flop,5.0,0
Dhrupad,1983,"Documentary, Music",0,0,4,72,"Infrakino Film, Films Division of India",10,https://image.tmdb.org/t/p/w500/zBy7Z4yg4UqZnBZMrHA1L7PjJEB.jpg,hi,0.0,Flop,5.698970004336019,0
Atript Atma,1983,Horror,0,0,0,0,,1,,hi,0.0,Flop,5.0,0
Saaransh,1984,Drama,0,0,14,137,Rajshri Productions,5,https://image.tmdb.org/t/p/w500/pSGvEfaQvKGyH1N8dQBt3F2lJKK.jpg,hi,0.0,Flop,6.176091259055681,0
Holi,1984,Drama,0,0,4,120,,8,https://image.tmdb.org/t/p/w500/mhNQ8YfJcUuMl9OPOcMlmtTJZH9.jpg,hi,0.0,Flop,5.698970004336019,0
Qaidi,1984,Unknown,0,0,2,0,,5,https://image.tmdb.org/t/p/w500/uPudPMdeU3rPSlQmQBsIG8CWlCH.jpg,hi,0.0,Flop,5.477121254719663,0
Giddh: The Vulture,1984,Drama,0,0,1,113,,1,https://image.tmdb.org/t/p/w500/sq1MkMYC520Tf4biH0c5nOSRRsW.jpg,hi,0.0,Flop,5.301029995663981,0
Lorie,1984,Drama,0,0,1,123,,6,https://image.tmdb.org/t/p/w500/6QgMWkva3UBJHQFbbdrkG3tgoaz.jpg,hi,0.0,Flop,5.301029995663981,0
Poster,1984,Drama,0,0,0,0,,1,https://image.tmdb.org/t/p/w500/1RcPrW2NXnAzeJz3aUqNtO2j7AO.jpg,hi,0.0,Flop,5.0,0
Jhutha Sach,1984,Drama,0,0,3,0,,11,https://image.tmdb.org/t/p/w500/1pjsHYjU7ZyP73RZNUumIHu8yWP.jpg,hi,0.0,Flop,5.6020599913279625,0
Raavan,1984,"Drama, Family",0,0,0,0,Johny Bakshi Films,9,,hi,0.0,Flop,5.0,0
Party,1984,Drama,0,0,9,113,National Film Development Corporation of India,4,https://image.tmdb.org/t/p/w500/bpwyMapM7f2gQKRIyJODW9doCBL.jpg,hi,0.0,Flop,6.0,0
Sharaabi,1984,"Drama, Romance",0,0,19,180,,10,https://image.tmdb.org/t/p/w500/9spEnoxSCLqMmXLiASWECfJ1IpN.jpg,hi,0.0,Flop,6.301029995663981,0
Duniya,1984,"Action, Drama",0,0,7,169,Dharma Productions,10,https://image.tmdb.org/t/p/w500/v5aMbrtPydInngFeqplfTp6c1xV.jpg,hi,0.0,Flop,5.903089986991944,0
Kasam Paida Karne Wale Ki,1984,Unknown,0,0,5,178,B. Subhash Movie Unit,4,https://image.tmdb.org/t/p/w500/83JAL8nITPBv9f2NigzTKzPs4Gq.jpg,hi,0.0,Flop,5.778151250383644,0
Raaj Tilak,1984,"Action, Drama",0,0,1,185,,8,https://image.tmdb.org/t/p/w500/qDLAcPRZJ1Momwt0ET1Fizr7vb9.jpg,hi,0.0,Flop,5.301029995663981,0
Ghar Ek Mandir,1984,"Family, Drama, Action, Romance",0,0,2,156,Tina Films International ]IN],3,https://image.tmdb.org/t/p/w500/qAGEjGCje2zGvbsathd28rW2io9.jpg,hi,0.0,Flop,5.477121254719663,0
Utsav,1984,Romance,0,0,7,145,Film Valas,8,https://image.tmdb.org/t/p/w500/mVfF6tRx943ptXH6EhURthgMkgp.jpg,hi,0.0,Flop,5.903089986991944,0
Mashaal,1984,Action,0,0,6,162,Yash Raj Films,1,https://image.tmdb.org/t/p/w500/zZbCbgHFK82StzGOJT4nppqc8Th.jpg,hi,0.0,Flop,5.845098040014257,0
Sunny,1984,"Drama, Romance",0,0,6,0,,9,https://image.tmdb.org/t/p/w500/4EOlk0esy0l5iKs7H8YgunoY65L.jpg,hi,0.0,Flop,5.845098040014257,0
Laila,1984,Romance,0,0,4,131,,9,https://image.tmdb.org/t/p/w500/oWNdUDU78oVpwwxmkKMdyI8k7ZP.jpg,hi,0.0,Flop,5.698970004336019,0
Jagir,1984,"Adventure, Romance",0,0,8,166,Pramod Films,10,https://image.tmdb.org/t/p/w500/2jCekvxS1zBmyJPt0nhohXjUxzj.jpg,hi,0.0,Flop,5.954242509439325,0
Hum Rahe Na Hum,1984,Drama,0,0,0,0,,6,https://image.tmdb.org/t/p/w500/7rqrjJgm9TbFOQSoal1LKoWZoUL.jpg,hi,0.0,Flop,5.0,0
Manzil Manzil,1984,"Family, Drama",0,0,5,160,,9,https://image.tmdb.org/t/p/w500/xCieZIDJb3O80vRpM0E4kwwXPZz.jpg,hi,0.0,Flop,5.778151250383644,0
Kala Devta,1984,Horror,0,0,0,0,,1,https://image.tmdb.org/t/p/w500/qWI86VYOgVclIhZvpPT9vUcETs9.jpg,hi,0.0,Flop,5.0,0
Sohni Mahiwal,1984,"Romance, Drama, Action",0,0,15,160,"Eagle Films, Sovinfilm, Uzbekfilm",6,https://image.tmdb.org/t/p/w500/koX9yh50Hq2zVsVpK0FYiijZAlk.jpg,hi,0.0,Flop,6.204119982655925,0
The Crossing,1984,Drama,0,0,8,141,Orchid Films,9,https://image.tmdb.org/t/p/w500/nEuzO8PS5Zwr2OUytGBNC1Bypbj.jpg,hi,0.0,Flop,5.954242509439325,0
Gangvaa,1984,"Action, Romance, Thriller",0,0,4,146,Dwarakish Chitra,9,https://image.tmdb.org/t/p/w500/gYCFzr9MH6yXVwcCI81upbe0U6m.jpg,hi,0.0,Flop,5.698970004336019,0
Hum Do Hamare Do,1984,"Drama, Family",0,0,0,0,,7,https://image.tmdb.org/t/p/w500/8gbE2ExBxZ6DHi7QunNLQFa3mqU.jpg,hi,0.0,Flop,5.0,0
Baazi,1984,Action,0,0,2,125,,4,https://image.tmdb.org/t/p/w500/buaJpTCdVX8HBgw24Ywyrqyxom0.jpg,hi,0.0,Flop,5.477121254719663,0
Pakhandee,1984,Unknown,0,0,0,0,,1,https://image.tmdb.org/t/p/w500/uulR8SDFztOuv8mZgZDOaSLf7L9.jpg,hi,0.0,Flop,5.0,0
Tohfa,1984,"Romance, Drama",0,0,2,160,,2,https://image.tmdb.org/t/p/w500/ngAWN7OemcNrjOGGiPL2XHjhL1Y.jpg,hi,0.0,Flop,5.477121254719663,0
Boxer,1984,"Action, Drama, Adventure",0,0,1,164,,2,https://image.tmdb.org/t/p/w500/uDLMXKQNbTcFn1NrQGIj5UeN6Yc.jpg,hi,0.0,Flop,5.301029995663981,0
Jeene Nahi Doonga,1984,"Action, Drama",0,0,1,0,,1,https://image.tmdb.org/t/p/w500/AdNeonaIlDtBut26mXvY4qLxyXG.jpg,hi,0.0,Flop,5.301029995663981,0
The Ruins,1984,Drama,0,0,5,106,Shree Bharat Lakhsmi Pictures,6,https://image.tmdb.org/t/p/w500/tqEALiv7kcYWHbkHfq0GKAWXQm0.jpg,hi,0.0,Flop,5.778151250383644,0
Karishmaa,1984,"Crime, Thriller",0,0,1,130,,11,https://image.tmdb.org/t/p/w500/x4jDm5FvpHzNZjt63n1niVvxdCO.jpg,hi,0.0,Flop,5.301029995663981,0
Hanste Khelte,1984,Crime,0,0,2,108,,3,https://image.tmdb.org/t/p/w500/61b1tRffsjVhKtvrRMCjDLh0DAB.jpg,hi,0.0,Flop,5.477121254719663,0
Meraa Dost Meraa Dushman,1984,Action,0,0,0,129,Johny Bakshi Films,11,https://image.tmdb.org/t/p/w500/o2mRDV1Y0XNeU5gJyxc2XG54tkv.jpg,hi,0.0,Flop,5.0,0
Anand aur Anand,1984,Unknown,0,0,3,0,,1,https://image.tmdb.org/t/p/w500/dxkJPZkeqnHtqKNpXe00wkPNzzz.jpg,hi,0.0,Flop,5.6020599913279625,0
Zameen Aasmaan,1984,Unknown,0,0,0,133,,6,https://image.tmdb.org/t/p/w500/5t5KHeknrBW1t18XrHxYbhNCPAj.jpg,hi,0.0,Flop,5.0,0
Haisiyat,1984,"Action, Drama, Romance",0,0,0,145,,8,https://image.tmdb.org/t/p/w500/t8bkKvDJhLKR9mn0xHKVAnVY27r.jpg,hi,0.0,Flop,5.0,0
Bandh Honth,1984,Drama,0,0,3,0,,1,,hi,0.0,Flop,5.6020599913279625,0
Yaadgaar,1984,"Action, Drama, Comedy",0,0,1,163,,7,https://image.tmdb.org/t/p/w500/btSZZU2xDVpve03Qsu0fKKxpki.jpg,hi,0.0,Flop,5.301029995663981,0
Andar Baahar,1984,"Action, Thriller",0,0,4,144,Uttam Chitra,9,https://image.tmdb.org/t/p/w500/s2ctdTQux6AJRG1jnOLryiHzBCc.jpg,hi,0.0,Flop,5.698970004336019,0
Meri Adalat,1984,"Action, Thriller",0,0,2,132,,1,https://image.tmdb.org/t/p/w500/ehHpp4OsoCIZjHBts0YXPRk67lg.jpg,hi,0.0,Flop,5.477121254719663,0
Yeh Ishq Nahin Aasaan,1984,Romance,0,0,0,138,,12,https://image.tmdb.org/t/p/w500/zbD25SY5SbdUUmP1VWXqbzYpVQ8.jpg,hi,0.0,Flop,5.0,0
Kunwari Bahu,1984,Drama,0,0,0,0,,7,,hi,0.0,Flop,5.0,0
Ek Nai Paheli,1984,"Romance, Family, Drama",0,0,2,146,P. S. R. Pictures,6,https://image.tmdb.org/t/p/w500/6bNVlpb3XiElriB0TljvvEBIzmw.jpg,hi,0.0,Flop,5.477121254719663,0
Kamla,1984,Drama,0,0,0,122,Smriti Pictures,8,https://image.tmdb.org/t/p/w500/z64JEiWL3HiU8QTbEEX3nSr7Eem.jpg,hi,0.0,Flop,5.0,0
Yeh Desh,1984,"Action, Drama",0,0,3,151,,2,https://image.tmdb.org/t/p/w500/mt9VTBe7ipegI97yR4eNo01Ozpp.jpg,hi,0.0,Flop,5.6020599913279625,0
Aaj Ki Awaz,1984,"Action, Drama",0,0,1,133,BR Films,9,https://image.tmdb.org/t/p/w500/gqAMskg2ozKljitbqag8RDOIR3t.jpg,hi,0.0,Flop,5.301029995663981,0
Bad Aur Badnaam,1984,"Family, Thriller",0,0,1,135,NH Studioz,1,https://image.tmdb.org/t/p/w500/rUup79qhmvi7OQwBS7hTDeZQrQi.jpg,hi,0.0,Flop,5.301029995663981,0
Tarang,1984,Drama,0,0,3,171,National Film Development Corporation of India,1,https://image.tmdb.org/t/p/w500/VLecTv0S7Y0QkM4vHlX67yrHsf.jpg,hi,0.0,Flop,5.6020599913279625,0
Seepeeyan,1984,Drama,0,0,0,0,,1,,hi,0.0,Flop,5.0,0
Abodh,1984,"Family, Drama",0,0,1,132,,8,https://image.tmdb.org/t/p/w500/qdzt778PizjbuVhLnlHHcq4v6rX.jpg,hi,0.0,Flop,5.301029995663981,0
Hum Hain Lajawab,1984,Unknown,0,0,0,0,,8,https://image.tmdb.org/t/p/w500/7jCl6IJr8kQikY9NkwGQkilfrTZ.jpg,hi,0.0,Flop,5.0,0
Jaag Utha Insan,1984,"Romance, Drama, Family",0,0,0,135,,7,https://image.tmdb.org/t/p/w500/hLpTlIUdGikMv1WNcbzZvGDxS9P.jpg,hi,0.0,Flop,5.0,0
Ab Ayega Mazaa,1984,Comedy,0,0,2,129,,4,,hi,0.0,Flop,5.477121254719663,0
Raktha Bandhan,1984,"Action, Comedy, Crime, Drama",0,0,0,126,Rajshri Productions,1,https://image.tmdb.org/t/p/w500/i1kX61HSzf2vusK0e3cDOrQ79aQ.jpg,hi,0.0,Flop,5.0,0
Asha Jyoti,1984,Thriller,0,0,0,142,,5,https://image.tmdb.org/t/p/w500/ez9KG1K4ZABq6A9N5uILi7H1L1B.jpg,hi,0.0,Flop,5.0,0
Ram Tera Desh,1984,Drama,0,0,0,140,NH Studioz,8,https://image.tmdb.org/t/p/w500/u1d5fgUO1v2ksmD5iVRQJA1VHcJ.jpg,hi,0.0,Flop,5.0,0
Sharara,1984,Unknown,0,0,0,135,,1,https://image.tmdb.org/t/p/w500/j4JYd6SXNtuMQYO7bBj8cLSvCC.jpg,hi,0.0,Flop,5.0,0
Insaaf Kaun Karega,1984,Unknown,0,0,3,0,,6,https://image.tmdb.org/t/p/w500/xTPbMectzKIgiGIAl8Fqy7qUT4r.jpg,hi,0.0,Flop,5.6020599913279625,0
Wanted: Dead or Alive,1984,"Action, Western",0,0,0,0,,1,https://image.tmdb.org/t/p/w500/5kkWQVA5EoUCnPYnR52169LheJW.jpg,hi,0.0,Flop,5.0,0
Inquilaab,1984,Action,0,0,6,152,,1,https://image.tmdb.org/t/p/w500/zgIevokLhAEQ6B0YWN0msF2QBdZ.jpg,hi,0.0,Flop,5.845098040014257,0
Teri Baahon Mein,1984,Romance,0,0,3,0,NH Studioz,6,https://image.tmdb.org/t/p/w500/anlvohHOYhJIXs68jVodbx7NYNY.jpg,hi,0.0,Flop,5.6020599913279625,0
Mohan Joshi Hazir Ho!,1984,Drama,0,0,0,130,Saeed Akhtar Mirza Productions,1,https://image.tmdb.org/t/p/w500/jzEGyqiZ8fgvMAFXQEdObihvzY4.jpg,hi,0.0,Flop,5.0,0
Kanoon Meri Mutthi Mein,1984,Action,0,0,0,0,,1,,hi,0.0,Flop,5.0,0
Kanoon Kya Karega,1984,"Action, Crime, Drama, Thriller",0,0,1,127,,7,https://image.tmdb.org/t/p/w500/dxwUfxa3LTl8MI50VihDbqprDcg.jpg,hi,0.0,Flop,5.301029995663981,0
Maati Maangey Khoon,1984,Drama,0,0,0,0,,1,https://image.tmdb.org/t/p/w500/9hmIPa8IM1y4u807GARLCAh8qPo.jpg,hi,0.0,Flop,5.0,0
Auspicious Wedding,1984,Unknown,0,0,0,5,,1,https://image.tmdb.org/t/p/w500/i7a1uPY9O9gd60Y4Ss7jfqj01fN.jpg,hi,0.0,Flop,5.0,0
Naya Kadam,1984,Unknown,0,0,0,128,,10,https://image.tmdb.org/t/p/w500/paEqKKFbkeKx81ATa3ogxGou8ip.jpg,hi,0.0,Flop,5.0,0
Jawaani,1984,"Romance, Drama",0,0,0,0,,1,https://image.tmdb.org/t/p/w500/gTDyKlUJPs8065hIOR1MZJ3Pa6J.jpg,hi,0.0,Flop,5.0,0
Zakhmi Sher,1984,"Action, Thriller",0,0,2,140,,9,https://image.tmdb.org/t/p/w500/9aHF5VOgRcFcKtMsophmR5S3NlM.jpg,hi,0.0,Flop,5.477121254719663,0
Divorce,1984,"Drama, Romance",0,0,0,193,NH Studioz,1,https://image.tmdb.org/t/p/w500/t5c4oDZ2aLJhDX8rvLpv2yE1YhH.jpg,hi,0.0,Flop,5.0,0
Grahasthi,1984,Unknown,0,0,0,133,Sonal Arts International,5,https://image.tmdb.org/t/p/w500/l9CMmATMOK0fbkGIiicDztMigeV.jpg,hi,0.0,Flop,5.0,0
Phulwari,1984,"Drama, Family",0,0,0,0,,9,,hi,0.0,Flop,5.0,0
Pyasa Shaitan,1984,Horror,0,0,0,100,"Jetspeed Movie Makers, Hargobindha Films",8,https://image.tmdb.org/t/p/w500/gq6v0JB50qst4AFgOu47qnRInBw.jpg,hi,0.0,Flop,5.0,0
Aasmaan,1984,"Drama, Mystery",0,0,0,145,,4,https://image.tmdb.org/t/p/w500/pU9b9dos69bYPiYgwAUCeXgHkrS.jpg,hi,0.0,Flop,5.0,0
Akalmand,1984,"Comedy, Romance, Thriller",0,0,0,132,,1,https://image.tmdb.org/t/p/w500/az9yuqLtfN9uqZwfQqRz0YtvlOl.jpg,hi,0.0,Flop,5.0,0
Debshishu,1985,Drama,0,0,0,97,National Film Development Corporation of India,10,https://image.tmdb.org/t/p/w500/ltzZA7jM7x9UWorYmasOEtd0d6Z.jpg,hi,0.0,Flop,5.0,0
Nasoor,1985,Drama,0,0,0,0,,5,,hi,0.0,Flop,5.0,0
Rao Saheb,1985,"Comedy, Drama",0,0,0,123,,1,https://image.tmdb.org/t/p/w500/qWIn7DzpIhdtDVWviFqZt57zua1.jpg,hi,0.0,Flop,5.0,0
Haveli,1985,"Horror, Crime, Thriller",0,0,2,119,S.A. Productions,1,,hi,0.0,Flop,5.477121254719663,0
Teri Meherbaniyan,1985,"Action, Crime, Drama",0,0,8,150,,8,https://image.tmdb.org/t/p/w500/hnLBGxqqCdxKnBbHC4nGVMdKh72.jpg,hi,0.0,Flop,5.954242509439325,0
Telephone,1985,Thriller,0,0,0,116,,8,https://image.tmdb.org/t/p/w500/fUVao8HvMJgZB8z1vH5U9DFb7N2.jpg,hi,0.0,Flop,5.0,0
Mohabbat,1985,Unknown,0,0,3,134,,6,https://image.tmdb.org/t/p/w500/aAD2n1rr3HTY8mCXUQP7rFAW5oh.jpg,hi,0.0,Flop,5.6020599913279625,0
Jhoothi,1985,"Drama, Comedy",0,0,3,139,,9,https://image.tmdb.org/t/p/w500/55m13nf44KO7pVSt7Aqy8CJL3d.jpg,hi,0.0,Flop,5.6020599913279625,0
The Wisdom Tree,1985,Drama,0,0,0,33,,1,https://image.tmdb.org/t/p/w500/e4sNWurVUHAbvV2ieR5qiY1nzFE.jpg,hi,0.0,Flop,5.0,0
Cheekh,1985,"Horror, Thriller",0,0,0,128,,1,https://image.tmdb.org/t/p/w500/uJhHDlHc4aqRIiBFICOk1TRXfXs.jpg,hi,0.0,Flop,5.0,0
Kaala Sooraj,1985,Action,0,0,0,136,,7,https://image.tmdb.org/t/p/w500/m3suNDQUJ38eWGnwKb1Tz5bkNNg.jpg,hi,0.0,Flop,5.0,0
Arjun,1985,"Drama, Action, Romance, Crime",0,0,8,154,,4,https://image.tmdb.org/t/p/w500/ULvER6xat5qiYV7Oxhw4OlV19N.jpg,hi,0.0,Flop,5.954242509439325,0
Mard,1985,"Action, Drama, History",0,0,17,177,,10,https://image.tmdb.org/t/p/w500/9GF0wzkQd1LcecHkuwe0BFulC2s.jpg,hi,0.0,Flop,6.2552725051033065,0
Ghulami,1985,"Action, Drama",0,0,3,171,,3,https://image.tmdb.org/t/p/w500/eV3PzmViW65DmRXtXt9y9s276fw.jpg,hi,0.0,Flop,5.6020599913279625,0
Ek Chitthi Pyar Bhari,1985,Unknown,0,0,2,140,,1,https://image.tmdb.org/t/p/w500/u3HW56aEe63cypCVghY1589DZAn.jpg,hi,0.0,Flop,5.477121254719663,0
Ram Teri Ganga Maili,1985,"Drama, Music, Romance",0,0,12,178,R.K. Films,8,https://image.tmdb.org/t/p/w500/gTE72sR6uP0IX3dB9q0aT4FnotL.jpg,hi,0.0,Flop,6.113943352306837,0
Meri Jung,1985,Drama,0,0,7,164,N.N Sippy Productions,8,https://image.tmdb.org/t/p/w500/iwOgiQbN9a9EJzPXnpZ7ANIcwBY.jpg,hi,0.0,Flop,5.903089986991944,0
India Cabaret,1985,Documentary,0,0,6,60,"AFI, The New York State Council of the Arts, Pinewood Foundation",1,https://image.tmdb.org/t/p/w500/izMCOyZ7LWalKQPdBdCK9wXAzWg.jpg,hi,0.0,Flop,5.845098040014257,0
Zamana,1985,Unknown,0,0,0,154,,11,https://image.tmdb.org/t/p/w500/chpp1fgoPwlOsRnr2mylJmicNKY.jpg,hi,0.0,Flop,5.0,0
Bepanaah,1985,"Drama, Family",0,0,2,156,,9,https://image.tmdb.org/t/p/w500/oVWaPMAO9C8ARxlfItAYk4DnyAC.jpg,hi,0.0,Flop,5.477121254719663,0
Rahi Badal Gaye,1985,Unknown,0,0,0,135,,4,https://image.tmdb.org/t/p/w500/eL5sFJYqvKkNWrD1tGG70ZZ4yXc.jpg,hi,0.0,Flop,5.0,0
Bhago Bhoot Aayaa,1985,"Horror, Comedy",0,0,0,126,Novena Cine Corporation,6,https://image.tmdb.org/t/p/w500/9ATgZ6Z76zyQbaVp1FCgCR6IZrn.jpg,hi,0.0,Flop,5.0,0
Hum Dono,1985,"Comedy, Romance, Music",0,0,0,0,,3,https://image.tmdb.org/t/p/w500/6rxQNmWEl3Idrrjf17hYpXblTqo.jpg,hi,0.0,Flop,5.0,0
Aghaat,1985,Crime,0,0,8,0,,8,https://image.tmdb.org/t/p/w500/t1hR0dGHbPSFA3eo07NjjUBnu3v.jpg,hi,0.0,Flop,5.954242509439325,0
Paththar,1985,Unknown,0,0,1,0,,1,https://image.tmdb.org/t/p/w500/uwCIhpKOTSD9XjUk48q3zJUAWTI.jpg,hi,0.0,Flop,5.301029995663981,0
Babu,1985,"Drama, Family",0,0,2,148,,10,https://image.tmdb.org/t/p/w500/opw1DLDSWqmURwJXykmvTBgQU3i.jpg,hi,0.0,Flop,5.477121254719663,0
Bewafai,1985,"Romance, Drama",0,0,1,0,,9,https://image.tmdb.org/t/p/w500/dPKs4cL9WKDgb373tIwLEflE3Fe.jpg,hi,0.0,Flop,5.301029995663981,0
Sanjog,1985,Drama,0,0,2,0,,1,https://image.tmdb.org/t/p/w500/73yBXgGW2uQlIahVmCZEZJJ7ktb.jpg,hi,0.0,Flop,5.477121254719663,0
Aitbaar,1985,"Thriller, Crime",0,0,6,133,Romesh Films,3,https://image.tmdb.org/t/p/w500/hSasAz9xRXcj5KsYfrDQoBKWQYL.jpg,hi,0.0,Flop,5.845098040014257,0
Yadon Ki Kasam,1985,Unknown,0,0,2,0,,5,https://image.tmdb.org/t/p/w500/lcJiRh0ilUQUQTnq0gqNWMTYFnD.jpg,hi,0.0,Flop,5.477121254719663,0
Sarfarosh,1985,Romance,0,0,0,157,,3,https://image.tmdb.org/t/p/w500/nh3DesAtEJ1434wzxe4Km3I16DP.jpg,hi,0.0,Flop,5.0,0
Sitamgar,1985,Romance,0,0,0,0,,6,https://image.tmdb.org/t/p/w500/587aKjml7RPXMp0e6COUVyx2Cl3.jpg,hi,0.0,Flop,5.0,0
Zulm Ka Badla,1985,"Action, Crime, Drama",0,0,0,119,Swarn Films,1,https://image.tmdb.org/t/p/w500/PHfjxsrb10tBsW3IXN8bmWXDqc.jpg,hi,0.0,Flop,5.0,0
Maha Shaktimaan,1985,Unknown,0,0,0,0,"Padmalaya Studios, Sashirekha Films",8,,hi,0.0,Flop,5.0,0
Ulta Seedha,1985,Comedy,0,0,1,0,,4,https://image.tmdb.org/t/p/w500/bzOFVw6Ft5k0bXCqMePlB47vook.jpg,hi,0.0,Flop,5.301029995663981,0
Pighalta Aasman,1985,Romance,0,0,2,0,,3,https://image.tmdb.org/t/p/w500/qp8p8WKxpjHxfXXVFYDifL2SOVn.jpg,hi,0.0,Flop,5.477121254719663,0
Damul,1985,Drama,0,0,3,106,,10,https://image.tmdb.org/t/p/w500/pd77KFof5RtoAXYc4sBhw2qFDmm.jpg,hi,0.0,Flop,5.6020599913279625,0
Jawaab,1985,"Romance, Thriller",0,0,0,0,Suchitra Films Pvt. Ltd.,4,https://image.tmdb.org/t/p/w500/8bB5mhe3UvEESEZWv1paLcc8yR9.jpg,hi,0.0,Flop,5.0,0
Aandhi-Toofan,1985,Drama,0,0,0,143,,3,https://image.tmdb.org/t/p/w500/wfM8Ng0SejxbGthQqsx3aCkb2bK.jpg,hi,0.0,Flop,5.0,0
Mati Manas,1985,"Drama, Documentary",0,0,7,91,"Infrakino Film, Handicraft Development Commission, National Film Development Corporation of India",3,https://image.tmdb.org/t/p/w500/deFt449UebqyJi4vePsNZbVMBmp.jpg,hi,0.0,Flop,5.903089986991944,0
Do Dilon Ki Dastaan,1985,Romance,0,0,1,0,,2,https://image.tmdb.org/t/p/w500/xOG2rMVKMNOyqkDMDOtufy8fzGn.jpg,hi,0.0,Flop,5.301029995663981,0
Ram Tere Kitne Nam,1985,Drama,0,0,0,158,,2,https://image.tmdb.org/t/p/w500/XbFkFWwUZb2TKR84BE7FodBfDm.jpg,hi,0.0,Flop,5.0,0
Sur Sangam,1985,Unknown,0,0,1,146,Vijaya Madhavi Combines,9,,hi,0.0,Flop,5.301029995663981,0
Sautela Pati,1985,"Romance, Drama",0,0,0,0,,11,,hi,0.0,Flop,5.0,0
Baadal,1985,"Family, Drama",3,0,4,130,,8,https://image.tmdb.org/t/p/w500/waAnnJFpb4tD9uK9SnG7Rtd3YCV.jpg,hi,-1.0,Flop,5.698970004336019,-3
Mujhe kasam hai,1985,Unknown,0,0,0,0,,1,,hi,0.0,Flop,5.0,0
Piya Milan,1985,Drama,0,0,0,143,,1,,hi,0.0,Flop,5.0,0
Wafadaar,1985,Unknown,0,0,1,150,,9,https://image.tmdb.org/t/p/w500/pz34sYOnYfItsUN0NU1FfnECcUg.jpg,hi,0.0,Flop,5.301029995663981,0
Chaar Maharathi,1985,Action,0,0,0,137,,9,https://image.tmdb.org/t/p/w500/zGbkbSTiZjduEF8FGcmrsd3r3wz.jpg,hi,0.0,Flop,5.0,0
Hoshiyar,1985,Unknown,0,0,1,0,,1,https://image.tmdb.org/t/p/w500/52pUyGitI2QkksiVbubr6PCv8e9.jpg,hi,0.0,Flop,5.301029995663981,0
The Unspoken,1985,Drama,0,0,0,135,,1,https://image.tmdb.org/t/p/w500/hIUuJoafPyAbAjUC8tYatlZIgkE.jpg,hi,0.0,Flop,5.0,0
Ramkali,1985,Unknown,0,0,1,0,,4,,hi,0.0,Flop,5.301029995663981,0
Bond 303,1985,"Thriller, Action",0,0,0,137,B.C. Devra Films,6,https://image.tmdb.org/t/p/w500/cYUdNSn4A4ACYpcm2Al8dmzbRjm.jpg,hi,0.0,Flop,5.0,0
Masterji,1985,"Romance, Music",0,0,2,178,"Aasia Films Private Limited, Shiv Shakthi Films",5,https://image.tmdb.org/t/p/w500/sBWdWsYuc3Oknf0BNnCfuOC2iua.jpg,hi,0.0,Flop,5.477121254719663,0
Haqeeqat,1985,"Crime, Drama",0,0,0,138,Vidya Shree Films,4,https://image.tmdb.org/t/p/w500/fVZMgiC9pAj0TZJfkHUWDN6WZgQ.jpg,hi,0.0,Flop,5.0,0
Meraa Ghar Mere Bacche,1985,"Family, Drama, Music",0,0,0,150,,8,https://image.tmdb.org/t/p/w500/pKHtmvj0odVRpmYe5Uoo1V7Gp1g.jpg,hi,0.0,Flop,5.0,0
Bahu Ki Awaaz,1985,Drama,0,0,0,147,,3,https://image.tmdb.org/t/p/w500/uewpVY1NUhj0zc2U1rtcSXcPHH8.jpg,hi,0.0,Flop,5.0,0
Kahani Phoolan Ki,1985,Unknown,0,0,0,0,,1,,hi,0.0,Flop,5.0,0
Surkhiyaan,1985,"Action, Romance, Drama, Crime",0,0,0,0,,2,https://image.tmdb.org/t/p/w500/6Sz5PaXMzv5yYpZDao2VbwdO0WH.jpg,hi,0.0,Flop,5.0,0
Maa Kasam,1985,Unknown,0,0,0,0,,11,https://image.tmdb.org/t/p/w500/eP0kgYLom9cGkwl4Z1dOlBH31qt.jpg,hi,0.0,Flop,5.0,0
Janam,1985,Drama,0,0,1,120,Mudra Videotech,12,https://image.tmdb.org/t/p/w500/qaWUAecLZdVScHEaD3hMpnK37yg.jpg,hi,0.0,Flop,5.301029995663981,0
Insaaf Main Karoonga,1985,Unknown,0,0,1,0,,11,https://image.tmdb.org/t/p/w500/elphFs01xTvLERBiwGxB2j2KTSD.jpg,hi,0.0,Flop,5.301029995663981,0
Mahaguru,1985,Unknown,0,0,1,0,,4,,hi,0.0,Flop,5.301029995663981,0
Aar Paar,1985,"Action, Romance",0,0,1,125,,12,https://image.tmdb.org/t/p/w500/gTUcijwxiO5DyKlE7YpQdDmhqcw.jpg,hi,0.0,Flop,5.301029995663981,0
Awara Baap,1985,"Drama, Family",0,0,0,0,,12,https://image.tmdb.org/t/p/w500/dundoAuX1zuooczCMQ5ZNP3UWVd.jpg,hi,0.0,Flop,5.0,0
Paisa Yeh Paisa,1985,Unknown,0,0,0,169,,10,https://image.tmdb.org/t/p/w500/qEOeLmJg7yUIkLcJb1KSpwFupHk.jpg,hi,0.0,Flop,5.0,0
Jaan Ki Baazi,1985,Unknown,0,0,1,0,,10,https://image.tmdb.org/t/p/w500/ihXHz7tYLMzvNMxdfNa2CcMuX4s.jpg,hi,0.0,Flop,5.301029995663981,0
Kabhi Ajnabi The,1985,"Romance, Drama",0,0,0,0,,3,,hi,0.0,Flop,5.0,0
Teri Pooja Kare Sansaar,1985,Drama,0,0,0,133,,1,,hi,0.0,Flop,5.0,0
Mahara Pihar Sasra,1985,Unknown,0,0,0,111,,7,https://image.tmdb.org/t/p/w500/d3neVVhli904z1npvCidD2HA5a5.jpg,hi,0.0,Flop,5.0,0
The Seer Who Walks Alone,1985,Documentary,0,0,5,50,,4,,hi,0.0,Flop,5.778151250383644,0
Chhora Haryane Ka,1985,Unknown,0,0,0,139,,6,,hi,0.0,Flop,5.0,0
Toofan Rani,1985,Unknown,0,0,1,126,,1,https://image.tmdb.org/t/p/w500/7jn7cODWzsrLL0rLViSYeRDqaCR.jpg,hi,0.0,Flop,5.301029995663981,0
Ek Daku Saher Mein,1985,Unknown,0,0,0,0,,8,https://image.tmdb.org/t/p/w500/aeTPol2aDJqpwEGWzSyNx48ZwHa.jpg,hi,0.0,Flop,5.0,0
Singhasan,1986,"Action, Adventure, Romance",0,0,1,162,Padmalaya Studios,3,https://image.tmdb.org/t/p/w500/5K5IDD4RfONMi0jNXhMnuPFqMVF.jpg,hi,0.0,Flop,5.301029995663981,0
Shart,1986,"Drama, Mystery, Thriller, Horror",0,0,0,135,,2,https://image.tmdb.org/t/p/w500/1SbSQWstFspAXtWyEoJfCK7LJiy.jpg,hi,0.0,Flop,5.0,0
Main Balwaan,1986,Action,0,0,0,130,,11,https://image.tmdb.org/t/p/w500/eqJEde5J4nlP0jxZhe9gKWfR754.jpg,hi,0.0,Flop,5.0,0
Nasihat,1986,Drama,0,0,1,155,,7,https://image.tmdb.org/t/p/w500/2BxNVCgjs6o1LwlMteMZBs98KuI.jpg,hi,0.0,Flop,5.301029995663981,0
Amrit,1986,Unknown,0,0,0,190,,6,https://image.tmdb.org/t/p/w500/6OjqoyQJ9KfPfJ6zHZjevS2aZNl.jpg,hi,0.0,Flop,5.0,0
Peechha Karro,1986,"Comedy, Thriller",0,0,0,125,Rajj Productions,6,https://image.tmdb.org/t/p/w500/su9YjZm2om9urJvAbSyD9C7sP1W.jpg,hi,0.0,Flop,5.0,0
Swarag Se Sunder,1986,"Family, Drama",0,0,1,163,,1,https://image.tmdb.org/t/p/w500/mA7Sn3PxwbPK7MzN6837GU03K03.jpg,hi,0.0,Flop,5.301029995663981,0
Babul,1986,Drama,0,0,0,162,,1,https://image.tmdb.org/t/p/w500/ckGA47nabGR0U76cxROpb1dFYDr.jpg,hi,0.0,Flop,5.0,0
Nagina,1986,"Romance, Fantasy, Action, Horror, Mystery",0,0,20,138,Emkay Enterprises,10,https://image.tmdb.org/t/p/w500/zzv7ZAwTEDyVgcmbEOZMjqBpG9F.jpg,hi,0.0,Flop,6.3222192947339195,0
Ankush,1986,Action,0,0,5,149,,7,https://image.tmdb.org/t/p/w500/pXukJVT2MNsRH82hYDcIZng3XzL.jpg,hi,0.0,Flop,5.778151250383644,0
Naseeb Apna Apna,1986,Comedy,0,0,6,140,,1,https://image.tmdb.org/t/p/w500/9mUHIlMP3xR7WFHoY9nifLCvZXA.jpg,hi,0.0,Flop,5.845098040014257,0
Sheesha,1986,Drama,0,0,2,129,,10,https://image.tmdb.org/t/p/w500/6QWeyXz7bcg0fzhZCu9DMbHm6Ei.jpg,hi,0.0,Flop,5.477121254719663,0
Janbaaz,1986,"Action, Romance, Crime",0,0,11,175,,6,https://image.tmdb.org/t/p/w500/ljsGHTRtVqLsyitbApe7mt8mQf6.jpg,hi,0.0,Flop,6.079181246047625,0
Aakhree Raasta,1986,"Crime, Action, Drama",0,0,14,164,Laxmi Productions,6,https://image.tmdb.org/t/p/w500/zeOByJ06LPHctubIWZzOfpdPzYQ.jpg,hi,0.0,Flop,6.176091259055681,0
Samundar,1986,"Crime, Adventure, Romance",0,0,7,0,,9,https://image.tmdb.org/t/p/w500/yAWi7RUyn6jCVC0NaOI2zjqmR0u.jpg,hi,0.0,Flop,5.903089986991944,0
Karma,1986,"Action, Adventure, Drama, Thriller",0,0,13,192,Mukta Arts Ltd,8,https://image.tmdb.org/t/p/w500/vN0o0M9ftz1yd3vFYTmb78ZvYoi.jpg,hi,0.0,Flop,6.146128035678238,0
Jaal,1986,"Action, Drama",0,0,6,159,"Eagle Films, United Producers",2,https://image.tmdb.org/t/p/w500/8tYigbGgFvmuw8z78yjlAkvo0NK.jpg,hi,0.0,Flop,5.845098040014257,0
Sultanat,1986,"Adventure, Romance",0,0,7,0,,3,https://image.tmdb.org/t/p/w500/uxp0zupfc0rr72XshfhWH6jC20h.jpg,hi,0.0,Flop,5.903089986991944,0
Ek Ruka Hua Faisla,1986,Drama,0,0,17,127,,7,https://image.tmdb.org/t/p/w500/p6c6AzKBN1VX7ZwP94IpXGpI73x.jpg,hi,0.0,Flop,6.2552725051033065,0
Saveray Wali Gaadi,1986,Drama,0,0,2,135,,3,https://image.tmdb.org/t/p/w500/qvgm3LswwMH99LmkK2CnirdUcXv.jpg,hi,0.0,Flop,5.477121254719663,0
Aurat,1986,"Drama, Crime",0,0,0,0,,1,https://image.tmdb.org/t/p/w500/f0DQpVjW1HgETZYQPfhxluuR0r1.jpg,hi,0.0,Flop,5.0,0
Ek Pal,1986,Drama,0,0,0,135,,11,https://image.tmdb.org/t/p/w500/pl5Dp0YCrMCrBMwRGpFQw8J0Atp.jpg,hi,0.0,Flop,5.0,0
Ghar Sansar,1986,"Drama, Family, Comedy",0,0,2,144,,7,https://image.tmdb.org/t/p/w500/ckJXAE59ZqRkisp0luLSdr0ZC1N.jpg,hi,0.0,Flop,5.477121254719663,0
Naam,1986,"Crime, Drama",0,0,4,180,,9,https://image.tmdb.org/t/p/w500/uqmVLT9dXl1Nwn7I6dp8DmTo3kL.jpg,hi,0.0,Flop,5.698970004336019,0
Ek Aur Sikander,1986,"Action, Drama",0,0,2,0,,10,https://image.tmdb.org/t/p/w500/i3EzPPiIGKNgxSjATtUwOKtJq09.jpg,hi,0.0,Flop,5.477121254719663,0
Ilzaam,1986,"Family, Drama",0,0,1,165,Vishaldeep International [IN],2,https://image.tmdb.org/t/p/w500/7gLNfJkirXYCodwmSZujRpqzuii.jpg,hi,0.0,Flop,5.301029995663981,0
Jeeva,1986,"Music, Thriller, Action",0,0,1,124,Rupam Chitra,12,https://image.tmdb.org/t/p/w500/cY1v5AVKlF0s11KxBSERENiK6DW.jpg,hi,0.0,Flop,5.301029995663981,0
Pyar Kiya Hai Pyar Karenge,1986,Unknown,0,0,1,0,,7,https://image.tmdb.org/t/p/w500/7chtHTlZUYCvr1KCFZn2I2O3z5t.jpg,hi,0.0,Flop,5.301029995663981,0
Ek Chadar Maili Si,1986,Unknown,0,0,2,155,,8,https://image.tmdb.org/t/p/w500/gIfd1txgzzb2O6xrYmnzGDH68FF.jpg,hi,0.0,Flop,5.477121254719663,0
Anubhav,1986,"Romance, Comedy, Drama",0,0,3,139,Shree Shiv Bhakti Films,12,https://image.tmdb.org/t/p/w500/1ymKSZigkvhD6gyqyYtF4HxxXLN.jpg,hi,0.0,Flop,5.6020599913279625,0
Tahkhana,1986,Horror,0,0,3,125,Ramsay Productions,12,https://image.tmdb.org/t/p/w500/UaQzxk5VhYy2aifzg10V25ZmRG.jpg,hi,0.0,Flop,5.6020599913279625,0
Genesis,1986,Drama,0,0,3,105,"Scarabee Films, Mrinal Sen Productions, Les Films de la Drève, Cactus Films",6,https://image.tmdb.org/t/p/w500/8jWsuK9rLOaaxll1hZ4vVBwPx91.jpg,hi,0.0,Flop,5.6020599913279625,0
Maa Beti,1986,"Family, Drama, Music",0,0,1,0,,1,https://image.tmdb.org/t/p/w500/1F7qbdkl3bZjv8VLkHXLNZUAny9.jpg,hi,0.0,Flop,5.301029995663981,0
Fire,1986,Unknown,0,0,0,0,,10,,hi,0.0,Flop,5.0,0
Dahleez,1986,"Drama, Action, Romance",0,0,2,161,NH Studioz,10,https://image.tmdb.org/t/p/w500/dR47qIzLIBimZVUmB9YI0gkxPpT.jpg,hi,0.0,Flop,5.477121254719663,0
Chameli Ki Shaadi,1986,"Comedy, Drama, Romance",0,0,4,137,,2,https://image.tmdb.org/t/p/w500/63oQbEExYTafwNqphV58b2F2cjW.jpg,hi,0.0,Flop,5.698970004336019,0
Avinash,1986,"Action, Crime, Drama",0,0,0,145,Umesh mehra's,12,https://image.tmdb.org/t/p/w500/gvMJY8FImovHIuTz859ev4wFzCn.jpg,hi,0.0,Flop,5.0,0
Mera Dharam,1986,"Action, Thriller",0,0,1,145,,5,https://image.tmdb.org/t/p/w500/ardyspbjoHOfcqhz55Z8putriNB.jpg,hi,0.0,Flop,5.301029995663981,0
Dharm Adhikari,1986,Unknown,0,0,3,152,,4,https://image.tmdb.org/t/p/w500/jXYs3WwUZCjq0GYvP5upEM4EfyI.jpg,hi,0.0,Flop,5.6020599913279625,0
Bhagwaan Dada,1986,Action,0,0,3,154,Film Kraft,4,https://image.tmdb.org/t/p/w500/gNF4XvbHsouWGBxpdkg0hUpPyuA.jpg,hi,0.0,Flop,5.6020599913279625,0
Love and God,1986,"Drama, Romance",0,0,0,141,,5,https://image.tmdb.org/t/p/w500/wF8N7U3isZ87YM3YsETJNzHyXq3.jpg,hi,0.0,Flop,5.0,0
Dilwaala,1986,Romance,0,0,2,135,Suresh Productions,2,https://image.tmdb.org/t/p/w500/g0YX3OGGLrMuTxmafGGY7XJL7ra.jpg,hi,0.0,Flop,5.477121254719663,0
Insaaf Ki Awaaz,1986,"Action, Drama",0,0,2,162,Suresh Productions,11,https://image.tmdb.org/t/p/w500/nqeZKjWWgazwKWh9K1daV9XFBhH.jpg,hi,0.0,Flop,5.477121254719663,0
Palay Khan,1986,Unknown,0,0,1,147,,1,https://image.tmdb.org/t/p/w500/oeZOebbNC1ri0zCfFy5GxuutYfV.jpg,hi,0.0,Flop,5.301029995663981,0
Om,1986,Horror,0,0,0,0,,1,https://image.tmdb.org/t/p/w500/vImjAOi3Ap4BzHlUKwH3pPqqHk.jpg,hi,0.0,Flop,5.0,0
Allah Rakha,1986,Unknown,0,0,3,165,,8,https://image.tmdb.org/t/p/w500/4MS6nGHW6ufvWRpjMcWAXDx3Vpx.jpg,hi,0.0,Flop,5.6020599913279625,0
Anokha Rishta,1986,"Drama, Romance",0,0,2,140,,8,https://image.tmdb.org/t/p/w500/lyJBqVUecHN1wSHstCuwB2xge5.jpg,hi,0.0,Flop,5.477121254719663,0
Kala Dhanda Goray Log,1986,"Drama, Family",0,0,2,159,A.A.A. Films,5,https://image.tmdb.org/t/p/w500/5TnqlUOPaqiPMW8imzzr8UDK4Y6.jpg,hi,0.0,Flop,5.477121254719663,0
Musafir,1986,"Drama, Documentary, History",0,0,0,0,Swastika Motion Pictures,1,,hi,0.0,Flop,5.0,0
Asli Naqli,1986,"Action, Drama",0,0,2,128,,10,https://image.tmdb.org/t/p/w500/8hAvHOaR9LHTePYktQkQFq6IxbX.jpg,hi,0.0,Flop,5.477121254719663,0
Sasti Dulhan Mahenga Dulha,1986,Unknown,0,0,0,148,,1,https://image.tmdb.org/t/p/w500/nFNP5nSHrJ502Q5MRcm6MPpUpbP.jpg,hi,0.0,Flop,5.0,0
Kahan Kahan Se Guzar Gaya,1986,Drama,0,0,0,0,,3,https://image.tmdb.org/t/p/w500/bSLtNFGPULCRRtEmFe2Eqj2AwI3.jpg,hi,0.0,Flop,5.0,0
Angaaray,1986,"Adventure, Crime, Romance",0,0,0,139,,1,https://image.tmdb.org/t/p/w500/xqZKs2XF98IfOnbiXb6htK6P0uQ.jpg,hi,0.0,Flop,5.0,0
Tan-Badan,1986,Drama,0,0,1,115,"Western Outdoor [IN], Glamour Color Labs [IN], K.L. Enterprises [IN], Lifestyles [IN], Famous Cine Laboratories & Studios, Loomba Arts [IN], Mehboob Recording Theatre [IN], N.C. Cine Service [IN], Patel Dresswala [IN], Ramchandra & Co. [IN], Sunetra [IN], Sunny Super Sound, Venus Records & Tapes",4,https://image.tmdb.org/t/p/w500/wYz76Jn3dAC7SCsMetxCYQONck5.jpg,hi,0.0,Flop,5.301029995663981,0
Dosti Dhushmani,1986,"Action, Drama",0,0,4,0,,10,https://image.tmdb.org/t/p/w500/aPHatu4dT9oHdU6xFJg4pP5QSkf.jpg,hi,0.0,Flop,5.698970004336019,0
Qatl,1986,"Action, Thriller",0,0,5,141,,1,https://image.tmdb.org/t/p/w500/oCGMScH2ZnrWdTjm08Vh2jO4S7k.jpg,hi,0.0,Flop,5.778151250383644,0
New Delhi Times,1986,"Drama, Mystery",0,0,2,123,P.K. Communications,1,https://image.tmdb.org/t/p/w500/niitgGCeWI56Q191kxkYqsS4bHn.jpg,hi,0.0,Flop,5.477121254719663,0
Karamdaata,1986,"Drama, Romance",0,0,3,134,,5,https://image.tmdb.org/t/p/w500/1h7l6gW8X0YKzZDXxxDfRVIz1Rv.jpg,hi,0.0,Flop,5.6020599913279625,0
Locket,1986,Unknown,0,0,2,0,,4,https://image.tmdb.org/t/p/w500/mZ2HZjAij4qGdeRPTog5GhQo1Du.jpg,hi,0.0,Flop,5.477121254719663,0
Fire and Flames,1986,"Action, Drama, Romance",0,0,0,147,Tirupati Pictures,1,https://image.tmdb.org/t/p/w500/fW6CV2H2r7fLAymQhm4O6kG9YKA.jpg,hi,0.0,Flop,5.0,0
Teesra Kinara,1986,Romance,0,0,0,0,,8,,hi,0.0,Flop,5.0,0
Love 86,1986,"Romance, Drama",0,0,2,145,Ultra Media & Entertainment [IN],2,https://image.tmdb.org/t/p/w500/6CB6CuHaQiWA1LmIrzqDmJZc4Sg.jpg,hi,0.0,Flop,5.477121254719663,0
Mazloom,1986,"Action, Crime, Drama",0,0,0,0,,9,https://image.tmdb.org/t/p/w500/fIzVoF6YXeMdDmopinX2RyblObK.jpg,hi,0.0,Flop,5.0,0
Kaanch Ki Deewar,1986,"Drama, Family",0,0,2,0,,1,,hi,0.0,Flop,5.477121254719663,0
Aap Ke Saath,1986,Unknown,0,0,4,0,,1,https://image.tmdb.org/t/p/w500/hY19B0ylTgsCQpDILkFvIdSfqkN.jpg,hi,0.0,Flop,5.698970004336019,0
Adhikar,1986,Unknown,0,0,0,0,,4,https://image.tmdb.org/t/p/w500/aJCyXt97CZ8rz9xu5M7MFdD2f4l.jpg,hi,0.0,Flop,5.0,0
Samay Ki Dhaara,1986,Drama,0,0,0,0,,1,https://image.tmdb.org/t/p/w500/yBoOjUS9QuxOWKztIQtQnxlj4Qx.jpg,hi,0.0,Flop,5.0,0
Kirayadar,1986,"Comedy, Drama",0,0,1,112,,5,https://image.tmdb.org/t/p/w500/s76rBQ8BBqtKY0xpdtzfVYpRV0M.jpg,hi,0.0,Flop,5.301029995663981,0
Anjuman,1986,Drama,0,0,0,127,,4,https://image.tmdb.org/t/p/w500/bbS5oYHlpqL6DsDeE9g5GsACH3i.jpg,hi,0.0,Flop,5.0,0
Maqaar,1986,Action,0,0,0,0,,1,https://image.tmdb.org/t/p/w500/8Zqf4AnVHXWhGCurE6na32DKzfZ.jpg,hi,0.0,Flop,5.0,0
Pyar Ke Do Pal,1986,"Action, Drama",0,0,3,153,,8,https://image.tmdb.org/t/p/w500/tWqO118LKDE5cAujWj2xzTeR8Sd.jpg,hi,0.0,Flop,5.6020599913279625,0
Massey Sahib,1986,Drama,0,0,0,119,National Film Development Corporation of India,4,https://image.tmdb.org/t/p/w500/oFqhcrngrwD3QZD634ZBqcneXiD.jpg,hi,0.0,Flop,5.0,0
Swati,1986,Romance,0,0,0,156,,5,https://image.tmdb.org/t/p/w500/2x7uwiGoAvKTa0ydxdnaVO39IUB.jpg,hi,0.0,Flop,5.0,0
Zindagani,1986,"Action, Drama",0,0,0,135,,7,https://image.tmdb.org/t/p/w500/uYzHma46KJdTYaBG5iYoDzSbXD2.jpg,hi,0.0,Flop,5.0,0
Duty,1986,Action,0,0,0,134,,9,,hi,0.0,Flop,5.0,0
Mohabbat Ki Kasam,1986,Unknown,0,0,0,0,,1,https://image.tmdb.org/t/p/w500/y3JAYVjx61585uwTD79eiyQ1ylh.jpg,hi,0.0,Flop,5.0,0
Baat Ban Jaye,1986,"Romance, Comedy",0,0,0,135,Jay International,1,https://image.tmdb.org/t/p/w500/mgEXNLCYcA8yHpwzXO2ILgq2hz8.jpg,hi,0.0,Flop,5.0,0
Vikram Vetal,1986,Fantasy,0,0,0,0,,1,,hi,0.0,Flop,5.0,0
Trikon Ka Chauta Kon,1986,Drama,0,0,0,110,,1,https://image.tmdb.org/t/p/w500/xl1VeHtEJxnpV17rvI2jOYnto9L.jpg,hi,0.0,Flop,5.0,0
Var Var Vari,1986,Unknown,0,0,0,25,Film & Television Institute of India,1,https://image.tmdb.org/t/p/w500/r34vTC21KVJPYE0ileJnO3HHs7Z.jpg,hi,0.0,Flop,5.0,0
Car Thief,1986,Action,0,0,0,150,Zeena Films,12,https://image.tmdb.org/t/p/w500/i74eCxUDWdMWxVKziCme8ygsSaJ.jpg,hi,0.0,Flop,5.0,0
Badkaar,1986,Unknown,0,0,0,137,,1,https://image.tmdb.org/t/p/w500/bKpu8q2V1eVKVJlCFMlP1DfbKLH.jpg,hi,0.0,Flop,5.0,0
Aadamkhor,1986,Unknown,0,0,0,144,,1,https://image.tmdb.org/t/p/w500/iieuIEKzcz2i1CqiGX5FpmKNHqU.jpg,hi,0.0,Flop,5.0,0
Azaadi Ki Ore,1986,"Documentary, Comedy",0,0,1,104,Doordarshan,8,https://image.tmdb.org/t/p/w500/2Uf4p2AKPRvJTEiqP9Mmixmk6GF.jpg,hi,0.0,Flop,5.301029995663981,0
Sadaa Suhagan,1986,Unknown,0,0,0,150,Vidya Shree Films,3,https://image.tmdb.org/t/p/w500/4YSyYXJFkknfCAAmK1SpuU2g9ZQ.jpg,hi,0.0,Flop,5.0,0
Daku Bijlee,1986,Unknown,0,0,0,0,,8,,hi,0.0,Flop,5.0,0
Chaalbaaz,1986,Unknown,0,0,0,0,,12,,hi,0.0,Flop,5.0,0
Kismetwala,1986,Unknown,0,0,0,0,,7,https://image.tmdb.org/t/p/w500/2tZxUtqm7344YFrb0ZVkmZK28Wc.jpg,hi,0.0,Flop,5.0,0
What Has Happened to This City?,1986,Documentary,0,0,3,95,,2,https://image.tmdb.org/t/p/w500/k6Ir9nPM0E7w0FDqynNreWDSlQI.jpg,hi,0.0,Flop,5.6020599913279625,0
Kee Banu Duniyan Daa,1986,Unknown,0,0,0,0,,1,,hi,0.0,Flop,5.0,0
Warli Walking Picture,1986,"Documentary, Animation",0,0,0,0,,1,https://image.tmdb.org/t/p/w500/kEWWPw6FreegcsCLhSFonC2AO6K.jpg,hi,0.0,Flop,5.0,0
Param Dharam,1987,"Action, Drama",0,0,2,125,,11,https://image.tmdb.org/t/p/w500/jKXdc2f090nMkXeVdHS9JhmKNNT.jpg,hi,0.0,Flop,5.477121254719663,0
Jalwa,1987,"Thriller, Action",0,0,2,134,,6,https://image.tmdb.org/t/p/w500/rZ6cY3PEPBex7wTZsxt6NwIwcFV.jpg,hi,0.0,Flop,5.477121254719663,0
Mr. India,1987,"Action, Science Fiction, Drama",0,0,108,179,Narsimha Enterprises,5,https://image.tmdb.org/t/p/w500/nqDJ8vuVFYymUhOUKcGCZoHy4tu.jpg,hi,0.0,Flop,7.037426497940624,0
Kachchi Kali,1987,Drama,0,0,0,130,,7,https://image.tmdb.org/t/p/w500/iTFcSPRqgox9fjL6Dr5MmkLxIr3.jpg,hi,0.0,Flop,5.0,0
Loha,1987,Unknown,0,0,2,0,,1,https://image.tmdb.org/t/p/w500/81NAUwD1JcoKDZDI6VtqD0yb0IV.jpg,hi,0.0,Flop,5.477121254719663,0
Dacait,1987,"Action, Crime, Drama",0,0,4,158,Rahul Theatres International,4,https://image.tmdb.org/t/p/w500/9eqT2CkWCKPtSPDImxbla8PVmc4.jpg,hi,0.0,Flop,5.698970004336019,0
Jaan Hatheli Pe,1987,"Action, Drama",0,0,0,0,,8,https://image.tmdb.org/t/p/w500/4yuc29BpOFWhaF8WX23zDmvMqHe.jpg,hi,0.0,Flop,5.0,0
Dance Dance,1987,"Action, Music",0,0,16,153,B. Subhash Movie Unit,5,https://image.tmdb.org/t/p/w500/k4bPDJ6Ru6rVEBqz9IypX2XkjuW.jpg,hi,0.0,Flop,6.230448921378274,0
Khudgarz,1987,"Drama, Family",0,0,5,171,Film Kraft,7,https://image.tmdb.org/t/p/w500/cuHRw6h20gpVfOy3F4abVzhSxcz.jpg,hi,0.0,Flop,5.778151250383644,0
Sindoor,1987,"Family, Drama",0,0,2,166,Tina Films [IN],7,https://image.tmdb.org/t/p/w500/1yTKMQaz1LHeQbJhzs17H8bRYj5.jpg,hi,0.0,Flop,5.477121254719663,0
Mirch Masala,1987,"Drama, Thriller",0,0,17,121,National Film Development Corporation of India,2,https://image.tmdb.org/t/p/w500/9lY52bfpPrnwhZOctMZX8qDfPOI.jpg,hi,0.0,Flop,6.2552725051033065,0
Ijaazat,1987,"Romance, Drama",0,0,9,137,Vaishno Films,10,https://image.tmdb.org/t/p/w500/6b8bMbbVYDcw78m2ts0d6PMC2HO.jpg,hi,0.0,Flop,6.0,0
Sutradhar,1987,Drama,0,0,0,124,,1,https://image.tmdb.org/t/p/w500/nRUW5xFeG6byTsgoKgLLietZOvT.jpg,hi,0.0,Flop,5.0,0
Insaaf,1987,"Drama, Action",0,0,3,147,Aditya Productions and Entertainment,6,https://image.tmdb.org/t/p/w500/l0CFH229pwjauJQXK6XUcPQG2Jo.jpg,hi,0.0,Flop,5.6020599913279625,0
Hifazat,1987,"Action, Romance",0,0,1,138,,9,https://image.tmdb.org/t/p/w500/slTYs01aQA9afFnXZA7ZvG388J.jpg,hi,0.0,Flop,5.301029995663981,0
Pratighaat,1987,Drama,0,0,1,164,Usha Kiran Movies,3,https://image.tmdb.org/t/p/w500/gjzBb8sdBNRz9GNnA4Boi229Xn2.jpg,hi,0.0,Flop,5.301029995663981,0
Insaniyat Ke Dushman,1987,"Action, Drama",0,0,0,145,,1,https://image.tmdb.org/t/p/w500/x1PrM5yvMpSKK7cBPsocQUzWMm2.jpg,hi,0.0,Flop,5.0,0
Parivaar,1987,"Drama, Romance",0,0,2,144,,6,https://image.tmdb.org/t/p/w500/et1ECWIql3FbufrDzlUoWPUXWEm.jpg,hi,0.0,Flop,5.477121254719663,0
Muqaddar Ka Faisla,1987,Unknown,0,0,1,172,Dharma Productions,6,https://image.tmdb.org/t/p/w500/9T3zz7ol2AZjphUoH4vIFwKmC16.jpg,hi,0.0,Flop,5.301029995663981,0
Sadak Chhap,1987,Unknown,0,0,2,0,,1,,hi,0.0,Flop,5.477121254719663,0
7 Saal Baad,1987,"Horror, Music",0,0,1,127,,7,https://image.tmdb.org/t/p/w500/3ajto4KCd64Px3SYXfqOxFrmmRS.jpg,hi,0.0,Flop,5.301029995663981,0
Diljalaa,1987,Unknown,0,0,1,0,,8,https://image.tmdb.org/t/p/w500/9N9CccIyawaxLEkx4TAONUUvFv9.jpg,hi,0.0,Flop,5.301029995663981,0
Watan Ke Rakhwale,1987,"Action, Thriller, Drama",0,0,3,154,,8,https://image.tmdb.org/t/p/w500/wlhKHXd1HDc4GRNdmrZ71aix2I2.jpg,hi,0.0,Flop,5.6020599913279625,0
Khooni Mahal,1987,Horror,0,0,0,126,,5,https://image.tmdb.org/t/p/w500/aJJAcLzDrXkI6Wzbj73Xgo2dzvE.jpg,hi,0.0,Flop,5.0,0
Sansar,1987,Drama,0,0,2,114,,4,https://image.tmdb.org/t/p/w500/o5OFJIUy7TatVr5LnFRCsGNgol3.jpg,hi,0.0,Flop,5.477121254719663,0
Pyar Ki Jeet,1987,"Comedy, Drama",0,0,2,152,,4,https://image.tmdb.org/t/p/w500/yzTMJHpSe209qzPUiMSs2qr4KT4.jpg,hi,0.0,Flop,5.477121254719663,0
Kachhi Jawani,1987,"Thriller, Drama",0,0,0,95,,1,https://image.tmdb.org/t/p/w500/vQbmz86HDXjtHX4qvpremq0nydX.jpg,hi,0.0,Flop,5.0,0
Himmat Aur Mehanat,1987,"Action, Drama, Comedy",0,0,2,0,,11,https://image.tmdb.org/t/p/w500/8sail7qzntmi3MUPTGMtMZ7LCh.jpg,hi,0.0,Flop,5.477121254719663,0
Apne Apne,1987,Romance,0,0,1,0,,3,https://image.tmdb.org/t/p/w500/9YV8HgovqOq58iU7c57iJtOAcC3.jpg,hi,0.0,Flop,5.301029995663981,0
Rajlakshmi,1987,Drama,0,0,0,0,,8,https://image.tmdb.org/t/p/w500/33YHMwbZuq1yJwoX45yqJqzTrFM.jpg,hi,0.0,Flop,5.0,0
Aaj,1987,Drama,0,0,1,116,Anu Arts,11,,hi,0.0,Flop,5.301029995663981,0
Inaam Dus Hazaar,1987,Unknown,0,0,4,0,,2,https://image.tmdb.org/t/p/w500/q2O9Niddr66YZhMuUyeQuRdYhTl.jpg,hi,0.0,Flop,5.698970004336019,0
Kudrat Ka Kanoon,1987,Unknown,0,0,3,0,,10,https://image.tmdb.org/t/p/w500/dLwGBr8bAXb2kKUrE91V1BnQmL9.jpg,hi,0.0,Flop,5.6020599913279625,0
Uttar Dakshin,1987,Unknown,0,0,3,0,,11,https://image.tmdb.org/t/p/w500/hWL05s5jMBSyIqDvhxwyVMt9dsA.jpg,hi,0.0,Flop,5.6020599913279625,0
Raahee,1987,"Action, Crime, Drama, Romance",0,0,0,0,,5,https://image.tmdb.org/t/p/w500/rfLxCVksLf8g8nliWh2zhE0xOKv.jpg,hi,0.0,Flop,5.0,0
Ghar Mein Ram Gali Mein Shyam,1987,"Drama, Family, Action",0,0,0,136,,12,https://image.tmdb.org/t/p/w500/j1XRr9JtIa5vsvFmePB5adNATSD.jpg,hi,0.0,Flop,5.0,0
Kamagni,1987,Drama,0,0,2,134,,1,https://image.tmdb.org/t/p/w500/q9sOZZci7SkDVF9qTlTTAlcRDW2.jpg,hi,0.0,Flop,5.477121254719663,0
Raat Ke Andhere Mein,1987,"Horror, Mystery",0,0,0,110,,1,https://image.tmdb.org/t/p/w500/5OmsQBq6WgV1eR5F5Erlv2D2HXx.jpg,hi,0.0,Flop,5.0,0
Pyar Ke Kabil,1987,"Romance, Drama, Family",0,0,0,0,,2,https://image.tmdb.org/t/p/w500/xeDZUsrdkg37qXq3i5oBADitpBZ.jpg,hi,0.0,Flop,5.0,0
Woh Din Aayega,1987,Drama,0,0,0,122,,1,https://image.tmdb.org/t/p/w500/rkvdLmx88xzh31LP0AyIra4FqbO.jpg,hi,0.0,Flop,5.0,0
Kalyug Aur Ramayan,1987,Unknown,0,0,0,0,,8,https://image.tmdb.org/t/p/w500/mDkel8LTklvelRLd0qQ2op6wPVn.jpg,hi,0.0,Flop,5.0,0
Nazrana,1987,Unknown,0,0,1,0,,1,https://image.tmdb.org/t/p/w500/yH5lvf6pNfRCSF0EkwEyNxtvxGJ.jpg,hi,0.0,Flop,5.301029995663981,0
Mohre,1987,Unknown,0,0,2,104,Kalpachitra,1,https://image.tmdb.org/t/p/w500/kSUsVaNZBM0kYe4USreV242yrK6.jpg,hi,0.0,Flop,5.477121254719663,0
Insaf Ki Pukar,1987,"Action, Drama",0,0,0,146,Shivkala Movies,12,https://image.tmdb.org/t/p/w500/fVcFCkT6RfRqy5gi3iMQypTHxb9.jpg,hi,0.0,Flop,5.0,0
Mera Yaar Mera Dushman,1987,"Action, Drama",0,0,0,0,,5,https://image.tmdb.org/t/p/w500/pHeV1OTUKUK162S3smNs0AlhEMf.jpg,hi,0.0,Flop,5.0,0
Dak Bangla,1987,Horror,0,0,3,109,,5,https://image.tmdb.org/t/p/w500/atUuquyeAhdCqkJxa1ENPQ2R0he.jpg,hi,0.0,Flop,5.6020599913279625,0
Andhaa Yudh,1987,"Action, Drama, Thriller",0,0,1,138,,1,https://image.tmdb.org/t/p/w500/ezas1jbpuaO6smtFReBs9nYuUEp.jpg,hi,0.0,Flop,5.301029995663981,0
Tera Karam Mera Dharam,1987,Unknown,0,0,0,120,,4,https://image.tmdb.org/t/p/w500/98QRGULOle1PwP5peEqQYkuZHTz.jpg,hi,0.0,Flop,5.0,0
Kaun Jeeta Kaun Haara,1987,"Comedy, Drama",0,0,2,0,,10,https://image.tmdb.org/t/p/w500/7vSchx47EK876avbLPIzIsj3UZ8.jpg,hi,0.0,Flop,5.477121254719663,0
This Is Not Our Destination,1987,Drama,0,0,0,132,,1,,hi,0.0,Flop,5.0,0
Majaal,1987,Romance,0,0,0,158,,4,https://image.tmdb.org/t/p/w500/drlKUA0ixcXMqeATYpDcsOzy1sY.jpg,hi,0.0,Flop,5.0,0
Mera Karam Mera Dharam,1987,Drama,0,0,0,125,,7,https://image.tmdb.org/t/p/w500/bmPSBJvF0zjxpzFHT7E6aOmpnUy.jpg,hi,0.0,Flop,5.0,0
Ek Aur Khoon,1987,Horror,0,0,0,0,Vision International Productions,1,https://image.tmdb.org/t/p/w500/rrCZ7GuvghaMPhxltQ9QQVGCXlp.jpg,hi,0.0,Flop,5.0,0
Mahananda,1987,Romance,0,0,0,130,,1,,hi,0.0,Flop,5.0,0
Itihaas,1987,Unknown,0,0,0,138,NH Studioz,3,https://image.tmdb.org/t/p/w500/9ibzd2wsctUqbFZXnAL8ZacWlpV.jpg,hi,0.0,Flop,5.0,0
Khooni Darinda,1987,Horror,0,0,0,0,,1,,hi,0.0,Flop,5.0,0
The Eight Column Affair,1987,Unknown,0,0,3,30,Film and Television Institute of India,1,,hi,0.0,Flop,5.6020599913279625,0
Yaari Jatt Di,1987,Unknown,0,0,0,0,,6,,hi,0.0,Flop,5.0,0
Hamidabai Ki Kothi,1987,Unknown,0,0,0,90,,1,,hi,0.0,Flop,5.0,0
The Sacrifice of Babulal Bhuiyan,1987,Documentary,0,0,0,64,Media Workshop,1,,hi,0.0,Flop,5.0,0
Megha Aa,1987,Unknown,0,0,0,123,Swati Cine Production,9,https://image.tmdb.org/t/p/w500/rN1I3lcEmBJSRUQCxX3JMr05qhn.jpg,hi,0.0,Flop,5.0,0
Shahenshah,1988,Action,0,0,26,180,Vision Film,1,https://image.tmdb.org/t/p/w500/2ZUpj73MzEh2YwVzJNVUqBSu2LZ.jpg,hi,0.0,Flop,6.431363764158988,0
Falak,1988,"Drama, Action, Crime",0,0,1,166,,4,https://image.tmdb.org/t/p/w500/34RX0lZlXIKjamIzCkh76NiEbzl.jpg,hi,0.0,Flop,5.301029995663981,0
Tamacha,1988,"Action, Romance",0,0,2,165,,3,https://image.tmdb.org/t/p/w500/7prH1gotBVKpUWGV0H00BUPH6qx.jpg,hi,0.0,Flop,5.477121254719663,0
Trishagni,1988,"Drama, Romance",0,0,4,114,National Film Development Corporation of India,4,https://image.tmdb.org/t/p/w500/dbu5NUngb4vLaFahO9KbIsjO0SZ.jpg,hi,0.0,Flop,5.698970004336019,0
Rukhsat,1988,Romance,0,0,2,0,,6,https://image.tmdb.org/t/p/w500/tJZhZyE6Cexq8lq3plH1OTERHyA.jpg,hi,0.0,Flop,5.477121254719663,0
Kanwarlal,1988,Unknown,0,0,1,150,,7,https://image.tmdb.org/t/p/w500/qLcmFJnlVwPWDRNfCnitLVmRNue.jpg,hi,0.0,Flop,5.301029995663981,0
The Unending Flow,1988,Documentary,0,0,0,60,,1,,hi,0.0,Flop,5.0,0
New Delhi,1988,Unknown,0,0,1,143,,12,https://image.tmdb.org/t/p/w500/1a0XeLe5PAv2AR2Dzppn6rIhSsj.jpg,hi,0.0,Flop,5.301029995663981,0
Veerana,1988,"Action, Drama, Horror",0,0,16,135,Sai Om Productions,5,https://image.tmdb.org/t/p/w500/u4XUTCxdi9YqYqqJ1cOoXNIMH1U.jpg,hi,0.0,Flop,6.230448921378274,0
Salaam Bombay!,1988,"Crime, Drama",450000,7434176,117,113,"Doordarshan, Cadrage, Forum Films, La Sept Cinéma, Mirabai Films, National Film Development Corporation of India, Film4 Productions",8,https://image.tmdb.org/t/p/w500/405GFXA7NKwVxqP9WHD5RaKZ84C.jpg,hi,15.520391111111111,Hit,7.071882007306126,6984176
Dayavan,1988,"Action, Crime, Drama",0,0,7,174,F.K. International,10,https://image.tmdb.org/t/p/w500/fxsxZQxCKeRsWavVr572MXFxaBT.jpg,hi,0.0,Flop,5.903089986991944,0
The Deceivers,1988,Adventure,0,346297,31,102,"Merchant Ivory Productions, Michael White Productions, Cinecom Pictures, Film Four International, Master Film Productions",9,https://image.tmdb.org/t/p/w500/dwno7eKJbzNZ2prc5wI1istvnyj.jpg,hi,0.0,Flop,6.505149978319906,346297
Janam Janam,1988,Unknown,0,0,1,144,,9,,hi,0.0,Flop,5.301029995663981,0
Qayamat Se Qayamat Tak,1988,"Drama, Romance",0,0,54,162,"Nasir Hussain Films, United Producers",7,https://image.tmdb.org/t/p/w500/rWF3RMf7SKfZx5CObQusnemnhmU.jpg,hi,0.0,Flop,6.740362689494244,0
Khoon Bhari Maang,1988,Romance,0,0,11,172,Filmkraft,9,https://image.tmdb.org/t/p/w500/qI1lglqzP0y1lSG9z9Ly9smpD8u.jpg,hi,0.0,Flop,6.079181246047625,0
Tezaab,1988,Drama,0,0,18,174,,11,https://image.tmdb.org/t/p/w500/vwXVAAxuyDNfUSxYPS6YqRm80Cm.jpg,hi,0.0,Flop,6.278753600952829,0
Gangaa Jamunaa Saraswathi,1988,"Action, Drama, Romance",0,0,6,187,"Raam Raj Kalamandir, Raasi Kalamandir",12,https://image.tmdb.org/t/p/w500/cMOCDG5imInIKlx4tbFrH8JeL9w.jpg,hi,0.0,Flop,5.845098040014257,0
Shiva Shakti,1988,"Drama, Action, Crime",0,0,1,146,FG Film Group [IN],3,https://image.tmdb.org/t/p/w500/3WLgAr4o5L1plQ5JvnfYGfPN3tz.jpg,hi,0.0,Flop,5.301029995663981,0
Gunahon Ka Faisla,1988,Unknown,0,0,0,169,,8,https://image.tmdb.org/t/p/w500/YFDjLfZLoCZI7LMPZqOgXfalLv.jpg,hi,0.0,Flop,5.0,0
Commando,1988,"Drama, Action, Romance",0,0,6,144,M.R. Productions,12,https://image.tmdb.org/t/p/w500/1295XvBsb2EVVAh1poz6CWljAnC.jpg,hi,0.0,Flop,5.845098040014257,0
Tamas,1988,"Drama, History",0,0,2,298,Blaze Entertainment Pvt. Ltd.,8,https://image.tmdb.org/t/p/w500/4j8r3m4hn02qAElcRf06VP4usHP.jpg,hi,0.0,Flop,5.477121254719663,0
Yateem,1988,"Drama, Action",0,0,6,173,,12,https://image.tmdb.org/t/p/w500/socdFH0C3W0KDe5ePxPZQssdcgm.jpg,hi,0.0,Flop,5.845098040014257,0
Vijay,1988,"Drama, Action, Romance",0,0,5,172,Yash Raj Films,8,https://image.tmdb.org/t/p/w500/487Qj9UgxOiT8Jz7dcesuBx9pki.jpg,hi,0.0,Flop,5.778151250383644,0
Biwi Ho To Aisi,1988,"Comedy, Drama",0,0,9,155,Crystal Films Pvt. Ltd.,8,https://image.tmdb.org/t/p/w500/1R7UUA0W5M1ke1zSNdC1sPCbTXo.jpg,hi,0.0,Flop,6.0,0
Ram-Avtar,1988,"Drama, Adventure",0,0,5,0,,5,https://image.tmdb.org/t/p/w500/t1F3Ig5EE1fe7Y2heox8d9708up.jpg,hi,0.0,Flop,5.778151250383644,0
Aakhri Adaalat,1988,"Action, Crime",0,0,6,148,,6,https://image.tmdb.org/t/p/w500/x7lC9TpyGFdnNQAq6N94yxkBE9m.jpg,hi,0.0,Flop,5.845098040014257,0
Sone Pe Suhaaga,1988,Romance,0,0,1,154,,8,https://image.tmdb.org/t/p/w500/ghm7t8WyVRNE2Hb5cGf3jr7gV65.jpg,hi,0.0,Flop,5.301029995663981,0
Khatron Ke Khiladi,1988,Action,0,0,3,0,,5,,hi,0.0,Flop,5.6020599913279625,0
Waqt Ki Awaz,1988,"Action, Crime, Drama",0,0,5,155,,7,https://image.tmdb.org/t/p/w500/wAU0zZyZdpzLyxWPtHL0unM5FCa.jpg,hi,0.0,Flop,5.778151250383644,0
Kabzaa,1988,"Action, Crime, Drama",0,0,1,135,,5,https://image.tmdb.org/t/p/w500/w42lRSLlnwc3WJG8bUG8YDxabcb.jpg,hi,0.0,Flop,5.301029995663981,0
Ganga Tere Desh Mein,1988,Action,0,0,2,0,B.M.B. Pictures,10,https://image.tmdb.org/t/p/w500/1za2VRpC6AYEipWTjwTmIp4aLmd.jpg,hi,0.0,Flop,5.477121254719663,0
Shoorveer,1988,Unknown,0,0,0,0,,5,https://image.tmdb.org/t/p/w500/viWKDoagLf8MfoX4w5YhCB6BL8U.jpg,hi,0.0,Flop,5.0,0
Hum Farishte Nahin,1988,"Action, Thriller",0,0,0,0,Shree Nautankiwala,1,https://image.tmdb.org/t/p/w500/6JpLa7ETbBWAJ152AzPs1NkUWf8.jpg,hi,0.0,Flop,5.0,0
Hero Hiralal,1988,"Action, Comedy, Drama",0,0,2,154,,10,https://image.tmdb.org/t/p/w500/AgFaPwhqBQ9g4d4QrZM3qe6J2RB.jpg,hi,0.0,Flop,5.477121254719663,0
Shukriyaa,1988,"Drama, Romance",0,0,0,139,The Roop Enterprise,4,https://image.tmdb.org/t/p/w500/3JnsWXoSTRJ9CevlbZygCDI0KUK.jpg,hi,0.0,Flop,5.0,0
Sagar Sangam,1988,"Drama, Action",0,0,2,120,,2,https://image.tmdb.org/t/p/w500/d7buPYUyUsMqe8EMtVXDht1Hdjj.jpg,hi,0.0,Flop,5.477121254719663,0
Sherni,1988,"Drama, Action",0,0,2,146,,5,https://image.tmdb.org/t/p/w500/7vHJQTQvVcXA6mSDSRL2QRFYxjR.jpg,hi,0.0,Flop,5.477121254719663,0
Paap Ki Duniya,1988,Adventure,0,0,4,145,,3,https://image.tmdb.org/t/p/w500/pm6w6OLXBkwpE6pyASrTGjx12YL.jpg,hi,0.0,Flop,5.698970004336019,0
Woh Phir Aayegi,1988,"Horror, Mystery, Thriller",0,0,2,139,Jayvijay Enterprises,9,https://image.tmdb.org/t/p/w500/ipuU2Zo3rrYGSSCvIA2AGgXYska.jpg,hi,0.0,Flop,5.477121254719663,0
Akarshan,1988,"Romance, Drama",0,0,2,135,,2,,hi,0.0,Flop,5.477121254719663,0
Pyar Ka Mandir,1988,"Drama, Family",0,0,3,0,,3,https://image.tmdb.org/t/p/w500/bAdgThzLacgdpFmHnktkEoert5E.jpg,hi,0.0,Flop,5.6020599913279625,0
Graveyard,1988,Horror,0,0,1,135,MKB Films Combines,6,https://image.tmdb.org/t/p/w500/9fP2du5jK81dggr1z6TMKU0Q1DW.jpg,hi,0.0,Flop,5.301029995663981,0
Charanon Ki Saugandh,1988,Unknown,0,0,1,0,,4,https://image.tmdb.org/t/p/w500/ap9xR3Pyh3hXucYMtsZsCMmTJfi.jpg,hi,0.0,Flop,5.301029995663981,0
Dariya Dil,1988,Drama,0,0,4,146,,1,https://image.tmdb.org/t/p/w500/7nyaHxNrB4OmIsbdsMAh29vMMjH.jpg,hi,0.0,Flop,5.698970004336019,0
Zakhmi Aurat,1988,Action,0,0,2,0,Manta Movies,9,https://image.tmdb.org/t/p/w500/3ToLWg2oQdN91A6uK5miRxLUCP2.jpg,hi,0.0,Flop,5.477121254719663,0
Gone to Waste,1988,"Action, Crime",0,0,0,136,,1,https://image.tmdb.org/t/p/w500/kNAJiEInlnQF0it1WgsmHivq28S.jpg,hi,0.0,Flop,5.0,0
Mohabbat Ke Dushman,1988,Unknown,0,0,3,0,,5,https://image.tmdb.org/t/p/w500/g9UnjAMbEPj6HB8vGvR0CI3DW3j.jpg,hi,0.0,Flop,5.6020599913279625,0
Paap Ko Jalaa Kar Raakh Kar Doonga,1988,"Action, Drama",0,0,1,0,,9,https://image.tmdb.org/t/p/w500/pMAf0PfuZkp9nqHrdLKocefQG7a.jpg,hi,0.0,Flop,5.301029995663981,0
Gharwali Baharwali,1988,Family,0,0,2,0,,1,,hi,0.0,Flop,5.477121254719663,0
Pestonjee,1988,"Comedy, Drama",0,0,7,125,"Adlabs Films Ltd., National Film Development Corporation of India",3,https://image.tmdb.org/t/p/w500/pvdmljaox6L27uDNkIu6twcK0yQ.jpg,hi,0.0,Flop,5.903089986991944,0
Jeete Hain Shaan Se,1988,"Drama, Action",0,0,2,0,,1,https://image.tmdb.org/t/p/w500/voX0TXjRoE4aB0XoF4iMY5sBa7D.jpg,hi,0.0,Flop,5.477121254719663,0
Ghar Ghar Ki Kahani,1988,"Comedy, Drama, Family",0,0,3,155,,6,https://image.tmdb.org/t/p/w500/5CcTsbspcKXynC6azLM8O8PcwOu.jpg,hi,0.0,Flop,5.6020599913279625,0
Saazish,1988,Action,0,0,2,140,,7,https://image.tmdb.org/t/p/w500/4FIXzSUM8UJXWUetXNLBYVHaSCL.jpg,hi,0.0,Flop,5.477121254719663,0
Mera Shikaar,1988,Unknown,0,0,0,0,,1,,hi,0.0,Flop,5.0,0
Kab Tak Chup Rahungi,1988,Drama,0,0,0,136,,1,https://image.tmdb.org/t/p/w500/eid8QoVPRB9uzMOlm4DJ3lEzTiJ.jpg,hi,0.0,Flop,5.0,0
Aaj Ke Angaarey,1988,"Music, Action",0,0,0,128,,5,https://image.tmdb.org/t/p/w500/wGJRXUbMMk6iqgGni7X17dDQYKk.jpg,hi,0.0,Flop,5.0,0
Mulzim,1988,Drama,0,0,0,156,Padmalaya Studios,3,https://image.tmdb.org/t/p/w500/hUAUjuNIeDljg0LA8QwmfK2ZEgF.jpg,hi,0.0,Flop,5.0,0
Namumkin,1988,"Drama, Mystery",0,0,0,0,,1,https://image.tmdb.org/t/p/w500/COrPok8yBl8NMzNbmqOtnI8fZV.jpg,hi,0.0,Flop,5.0,0
Today's Robin Hood,1988,"History, Comedy",0,0,1,111,Gaurang Films,2,https://image.tmdb.org/t/p/w500/1DCOqMhT9rUu2kwwro753YQuxVo.jpg,hi,0.0,Flop,5.301029995663981,0
Dharamyudh,1988,Mystery,0,0,1,132,,11,https://image.tmdb.org/t/p/w500/uDkNgQvXnyBJq4K19dYeHAIGwMn.jpg,hi,0.0,Flop,5.301029995663981,0
Om Dar-B-Dar,1988,"Drama, Fantasy, Comedy",0,0,10,101,National Film Development Corporation of India,2,https://image.tmdb.org/t/p/w500/xEXzSx9P7f40rntpsRgn1dZegVX.jpg,hi,0.0,Flop,6.041392685158225,0
7 Bijliyan,1988,Action,0,0,0,180,,1,https://image.tmdb.org/t/p/w500/u5Pp789xJWWHtcjmrGXFZtCIDy5.jpg,hi,0.0,Flop,5.0,0
Mera Muqaddar,1988,Action,0,0,0,138,,6,https://image.tmdb.org/t/p/w500/2pSNtxDURUHVvtoRUiCVXnPvyWo.jpg,hi,0.0,Flop,5.0,0
Zalzala,1988,Western,0,0,0,0,,5,https://image.tmdb.org/t/p/w500/rPjDfLdtGUh0qsjD6EDn1cYClrK.jpg,hi,0.0,Flop,5.0,0
Rihaee,1988,Drama,0,0,1,0,,8,https://image.tmdb.org/t/p/w500/6ol7WBwuloxub3dRgMP1CRG6b98.jpg,hi,0.0,Flop,5.301029995663981,0
Agnee,1988,"Family, Action, Drama",0,0,2,135,Filmyug,11,https://image.tmdb.org/t/p/w500/u8VNkC1ge0bHNi7VcSUi1OCG8Jb.jpg,hi,0.0,Flop,5.477121254719663,0
Hamara Khandaan,1988,"Drama, Romance",0,0,2,154,,6,https://image.tmdb.org/t/p/w500/9yJLHVXMNAMGAvubjp7XYHGPCgh.jpg,hi,0.0,Flop,5.477121254719663,0
Khoon Bahaa Ganga Mein,1988,Unknown,0,0,0,0,,1,,hi,0.0,Flop,5.0,0
Qatil,1988,Unknown,0,0,0,0,,1,https://image.tmdb.org/t/p/w500/rY6GxO31t91UfjZDBDNmnJtgwl6.jpg,hi,0.0,Flop,5.0,0
Ek Aadmi,1988,Unknown,0,0,0,0,,1,,hi,0.0,Flop,5.0,0
Gharana,1988,"Drama, Family, Romance",0,0,2,169,,12,https://image.tmdb.org/t/p/w500/siH5vByeIJBezZUsRWxkFkrN7Tj.jpg,hi,0.0,Flop,5.477121254719663,0
Intaqaam,1988,Drama,0,0,1,138,,11,https://image.tmdb.org/t/p/w500/jbYXZewq20vIDOo8Wg7nZytc4Ah.jpg,hi,0.0,Flop,5.301029995663981,0
Libaas,1988,Drama,0,0,0,137,,1,https://image.tmdb.org/t/p/w500/9YWYJQAfn7slV293EbqjmgQ4xoY.jpg,hi,0.0,Flop,5.0,0
Aurat Teri Yehi Kahani,1988,Drama,0,0,0,130,,1,https://image.tmdb.org/t/p/w500/tRj0fvJkEbCDfvOtkAh8D6qHLt0.jpg,hi,0.0,Flop,5.0,0
Main Zinda Hoon,1988,Drama,0,0,8,114,"National Film Development Corporation of India, Doordarshan",6,https://image.tmdb.org/t/p/w500/A6NuzqYC6j5Lu1jJuOOl1GXoBa2.jpg,hi,0.0,Flop,5.954242509439325,0
Waaris,1988,Drama,0,0,3,150,,5,https://image.tmdb.org/t/p/w500/qj8FlA6VfZzBgNib5KRChOstAVU.jpg,hi,0.0,Flop,5.6020599913279625,0
Mardon Wali Baat,1988,Unknown,0,0,0,0,,1,https://image.tmdb.org/t/p/w500/pXLzvyTZbEEsJaodmrI9KeSdZyT.jpg,hi,0.0,Flop,5.0,0
Mardangi,1988,"Action, Thriller",0,0,0,130,Ranjit Films,1,https://image.tmdb.org/t/p/w500/qjUyVIljVDumAvTyFBnMMQeKOg9.jpg,hi,0.0,Flop,5.0,0
Hum To Chale Pardes,1988,Drama,0,0,0,137,,7,https://image.tmdb.org/t/p/w500/xCsEMeptp3Yl7H7PFCXUsKf4ZAQ.jpg,hi,0.0,Flop,5.0,0
Tohfa Mohabbat Ka,1988,Drama,0,0,0,0,,7,https://image.tmdb.org/t/p/w500/pK8iSs5EZj1PsBNearQ6GubYTYJ.jpg,hi,0.0,Flop,5.0,0
Bhopal: Beyond Genocide,1988,Documentary,0,0,0,0,,9,https://image.tmdb.org/t/p/w500/831c1YPYPRIk0PPYyjjEdmko3si.jpg,hi,0.0,Flop,5.0,0
Aage Ki Soch,1988,Comedy,0,0,4,137,,1,https://image.tmdb.org/t/p/w500/zygnD7LZhGNkQ4WICw1lv3gIFFd.jpg,hi,0.0,Flop,5.698970004336019,0
Vasundhara,1988,Drama,0,0,0,120,,1,,hi,0.0,Flop,5.0,0
Bedroom Story,1988,"Horror, Drama",0,0,0,0,,1,https://image.tmdb.org/t/p/w500/vCh5pZlRpn7AhnQutyTj1r28TqR.jpg,hi,0.0,Flop,5.0,0
Khooni Aankhen,1988,Horror,0,0,0,102,,1,,hi,0.0,Flop,5.0,0
Do Waqt Ki Roti,1988,Action,0,0,0,143,NH Studioz,12,https://image.tmdb.org/t/p/w500/3bxfIU8qwR7A7aJTfPgr9f31upp.jpg,hi,0.0,Flop,5.0,0
Yeh Pyar Nahin,1988,Drama,0,0,0,151,,1,,hi,0.0,Flop,5.0,0
Padosi Ki Biwi,1988,Unknown,0,0,0,135,,1,https://image.tmdb.org/t/p/w500/rblgBryaUyu8PAstk17C9g07ZIv.jpg,hi,0.0,Flop,5.0,0
Lamberdar,1988,Unknown,0,0,0,104,,7,,hi,0.0,Flop,5.0,0
Pyaasi Atma,1988,Unknown,0,0,0,128,,4,https://image.tmdb.org/t/p/w500/3svoy9qEzYYJiO5SnPnF32PDS50.jpg,hi,0.0,Flop,5.0,0
Zulm Ko Jala Doonga,1988,Unknown,0,0,0,0,,6,https://image.tmdb.org/t/p/w500/hbX30dsMk0PaHkcckzz7lYiEuoY.jpg,hi,0.0,Flop,5.0,0
Toofan,1989,Unknown,0,0,11,174,M.K.D. Films Combine,8,https://image.tmdb.org/t/p/w500/fvWYIGtwbYBdjsjl5fLsMVcbPLP.jpg,hi,0.0,Flop,6.079181246047625,0
Eeshwar,1989,"Drama, Family",0,0,3,147,,2,https://image.tmdb.org/t/p/w500/oHpahU36IRBwLsdXrCCAQCO9SVc.jpg,hi,0.0,Flop,5.6020599913279625,0
Sach,1989,Drama,0,0,0,0,,6,https://image.tmdb.org/t/p/w500/zgdlHPXylxiAjhV5l11rXfck0Ba.jpg,hi,0.0,Flop,5.0,0
Paraya Ghar,1989,Unknown,0,0,0,0,,6,https://image.tmdb.org/t/p/w500/rhBDOB0WEbA0lqo5NvaKprRQo09.jpg,hi,0.0,Flop,5.0,0
Love Love Love,1989,Romance,0,0,4,146,,8,https://image.tmdb.org/t/p/w500/wPV4DmZgyZDrlgJlrRTBMALCAxe.jpg,hi,0.0,Flop,5.698970004336019,0
Parinati,1989,Unknown,0,0,0,125,National Film Development Corporation of India,3,https://image.tmdb.org/t/p/w500/7CGMy5Cs8iAn1SfToi0rzMjG7c1.jpg,hi,0.0,Flop,5.0,0
Batwara,1989,"Action, Drama",0,0,3,181,,7,https://image.tmdb.org/t/p/w500/cx0EIAglUKPMHN1HaBQj7Y7aKJg.jpg,hi,0.0,Flop,5.6020599913279625,0
Khoj,1989,Unknown,0,0,3,119,,7,https://image.tmdb.org/t/p/w500/dgKTBNC4AeY2IPLDoKYdncQP7qc.jpg,hi,0.0,Flop,5.6020599913279625,0
Touhean,1989,Unknown,0,0,0,0,,4,https://image.tmdb.org/t/p/w500/pvaBxNqgGV7YERQdvpNTn7zJzVr.jpg,hi,0.0,Flop,5.0,0
Tridev,1989,"Crime, Action",0,0,17,173,Trimurti Films Pvt. Ltd.,7,https://image.tmdb.org/t/p/w500/ytxwoZLN9F2JAcnsSE3ABgMWEWs.jpg,hi,0.0,Flop,6.2552725051033065,0
Chandni,1989,"Drama, Romance",0,0,17,179,Yash Raj Films,9,https://image.tmdb.org/t/p/w500/4CDmZFSPddbsXUt2lhjxQbxjNcQ.jpg,hi,0.0,Flop,6.2552725051033065,0
Vardi,1989,Action,0,0,3,164,,1,https://image.tmdb.org/t/p/w500/5fhn3x0l3geUWdXHrT0R9jjX6oc.jpg,hi,0.0,Flop,5.6020599913279625,0
Chaalbaaz,1989,"Action, Comedy, Drama",0,0,10,155,,12,https://image.tmdb.org/t/p/w500/jq1f7uVoQBfKVwKQqsXDV998ftJ.jpg,hi,0.0,Flop,6.041392685158225,0
Maine Pyar Kiya,1989,"Romance, Drama, Comedy",0,0,133,192,Rajshri Productions,12,https://image.tmdb.org/t/p/w500/aqZ9CEbXVLrEVAZFpT2F7PAE7dV.jpg,hi,0.0,Flop,7.127104798364808,0
Ram Lakhan,1989,"Action, Drama",0,0,22,174,"Mukta Arts Ltd, Suneha Arts",1,https://image.tmdb.org/t/p/w500/nDqAx0z6u8KJ4arJy40eaKTXB8M.jpg,hi,0.0,Flop,6.361727836017593,0
Parinda,1989,"Action, Crime, Drama",0,0,22,154,Vidhu Vinod Chopra Productions,11,https://image.tmdb.org/t/p/w500/5iVDKpzPr1egzNsKjIDL2maVEe5.jpg,hi,0.0,Flop,6.361727836017593,0
Mujrim,1989,"Drama, Action",0,0,5,162,F.c.mehra's,7,https://image.tmdb.org/t/p/w500/xrmOrAbQBrRbUF6vbulH5uWfCFM.jpg,hi,0.0,Flop,5.778151250383644,0
Jung Baaz,1989,"Action, Crime",0,0,2,144,,6,https://image.tmdb.org/t/p/w500/iuGbGJ3jixFpLE6CZO3b90yk1Gi.jpg,hi,0.0,Flop,5.477121254719663,0
Nigahen: Nagina Part II,1989,"Drama, Fantasy, Horror",0,0,7,140,,7,https://image.tmdb.org/t/p/w500/plOOzk2CtsrqwDO4nUCHdW3l2QZ.jpg,hi,0.0,Flop,5.903089986991944,0
Gair Kanooni,1989,"Drama, Action, Comedy",0,0,2,150,"Glamour Color Labs [IN], S.M.S. Productions [IN]",3,https://image.tmdb.org/t/p/w500/nhBuN82VP5DLrvH7k6REtVhPxSy.jpg,hi,0.0,Flop,5.477121254719663,0
Raakh,1989,"Action, Crime, Drama, Thriller",0,0,2,153,"Emotion Picture Company, Saritha Films, Second Image Enterprise",9,https://image.tmdb.org/t/p/w500/aWbd57CEvNKkKvUFGflmijciKBt.jpg,hi,0.0,Flop,5.477121254719663,0
Bhrashtachar,1989,"Action, Crime, Drama",0,0,4,0,,11,https://image.tmdb.org/t/p/w500/gSptJWN9w1siQnUIna8b1MHI30G.jpg,hi,0.0,Flop,5.698970004336019,0
Mahaadev,1989,"Action, Drama",0,0,1,135,,5,https://image.tmdb.org/t/p/w500/zUSqhkyi5JK9iOBlJnCtHxrfH54.jpg,hi,0.0,Flop,5.301029995663981,0
Purani Haveli,1989,Horror,0,0,5,145,Ramsay Productions,7,https://image.tmdb.org/t/p/w500/vs0GKtl9cuyAwhZ1KhpHF4NhmX5.jpg,hi,0.0,Flop,5.778151250383644,0
Pheka Pheki,1989,Unknown,0,0,2,154,,12,,hi,0.0,Flop,5.477121254719663,0
Do Qaidi,1989,"Action, Romance",0,0,6,158,Heera International,2,https://image.tmdb.org/t/p/w500/r0wRi6hX0v8nmfSVXIvthPzcmtI.jpg,hi,0.0,Flop,5.845098040014257,0
Saaya,1989,Horror,0,0,1,180,,1,https://image.tmdb.org/t/p/w500/cBefUbiTpQCKFTdqeqgXsPfnQpb.jpg,hi,0.0,Flop,5.301029995663981,0
Jaadugar,1989,Comedy,0,0,8,173,,8,https://image.tmdb.org/t/p/w500/cc4RECDRqhxA33gPbt5tcPq4VgC.jpg,hi,0.0,Flop,5.954242509439325,0
Rakhwala,1989,Unknown,0,0,1,0,,5,https://image.tmdb.org/t/p/w500/9FmjLm0OeTnPWKix17njBArVS6q.jpg,hi,0.0,Flop,5.301029995663981,0
Suryaa: An Awakening,1989,"Action, Romance",0,0,2,0,,1,https://image.tmdb.org/t/p/w500/gc7MF6XaxrGWi57vHBlOAQBSjkH.jpg,hi,0.0,Flop,5.477121254719663,0
Sachai Ki Taqat,1989,"Drama, Action",0,0,1,127,Shemaroo Video Pvt. Ltd. [IN],6,https://image.tmdb.org/t/p/w500/unRILZg2EdAQq7Cbley18Ynk8XS.jpg,hi,0.0,Flop,5.301029995663981,0
Shehzaade,1989,Unknown,0,0,1,0,,10,https://image.tmdb.org/t/p/w500/fXrKg8qlX4M1XgbSkno9md6NnDg.jpg,hi,0.0,Flop,5.301029995663981,0
Dost,1989,Drama,0,0,1,163,Bhanodaya production,8,https://image.tmdb.org/t/p/w500/2K8wQiJAopQmuzSAQZc3Sxa7tm4.jpg,hi,0.0,Flop,5.301029995663981,0
Daddy,1989,"TV Movie, Drama",0,0,3,135,,1,https://image.tmdb.org/t/p/w500/ssSjI3OZ1vvMqFHk5OTC5vCD3nf.jpg,hi,0.0,Flop,5.6020599913279625,0
Bahurani,1989,"Drama, Family",0,0,1,147,,12,https://image.tmdb.org/t/p/w500/kJlmYmUm4bGibPRf663HuSzncmt.jpg,hi,0.0,Flop,5.301029995663981,0
Hathyar,1989,Unknown,0,0,4,180,,1,https://image.tmdb.org/t/p/w500/6dCnQKkVSOkPOmptHAarriR7Hvz.jpg,hi,0.0,Flop,5.698970004336019,0
Taaqatwar,1989,Unknown,0,0,2,0,,6,https://image.tmdb.org/t/p/w500/h8OO0OoYSV93Fm73axZ8m2l77aM.jpg,hi,0.0,Flop,5.477121254719663,0
Hum Bhi Insaan Hain,1989,"Action, Crime, Drama",0,0,1,149,,2,https://image.tmdb.org/t/p/w500/cedw6l3fI2y4uOBzJTWyXtEjF7X.jpg,hi,0.0,Flop,5.301029995663981,0
Majboor,1989,Unknown,0,0,2,143,,3,https://image.tmdb.org/t/p/w500/gzUenZ3HQICEN8bQItNkH7NpW6m.jpg,hi,0.0,Flop,5.477121254719663,0
Umeed,1989,Comedy,0,0,0,53,,1,https://image.tmdb.org/t/p/w500/hfjstUu9rweO7F4jfw4CGEBu8iz.jpg,hi,0.0,Flop,5.0,0
Bees Saal Baad,1989,Horror,0,0,2,141,Nishi Productions,2,https://image.tmdb.org/t/p/w500/9VIqMPbERYie5W6cdkR5K6cYNwp.jpg,hi,0.0,Flop,5.477121254719663,0
Ladaai,1989,"Action, Drama",0,0,0,0,,11,https://image.tmdb.org/t/p/w500/yyVLypYRHhmAJF8et0SqaZLZULy.jpg,hi,0.0,Flop,5.0,0
Ilaaka,1989,"Action, Drama",0,0,7,155,,4,https://image.tmdb.org/t/p/w500/1IHto68OAJsOKfOz2rbWPOwn2jQ.jpg,hi,0.0,Flop,5.903089986991944,0
Kamla Ki Maut,1989,Drama,0,0,4,95,"National Film Development Corporation of India, Cineye Films",1,https://image.tmdb.org/t/p/w500/ArKdD4WFEzduHoyvUN3BVHwexf5.jpg,hi,0.0,Flop,5.698970004336019,0
Souten Ki Beti,1989,Unknown,0,0,2,136,,6,https://image.tmdb.org/t/p/w500/ySnlE4kfNdUIPsh3r5qraMpnazY.jpg,hi,0.0,Flop,5.477121254719663,0
Mahal,1989,Horror,0,0,0,116,,1,https://image.tmdb.org/t/p/w500/sLqEwCkTs8337WL1W8tF2THUv2h.jpg,hi,0.0,Flop,5.0,0
Nache Nagin Gali Gali,1989,Horror,0,0,1,131,,1,https://image.tmdb.org/t/p/w500/izcILTwcqI3qLlHv5k9BZ2IKVBi.jpg,hi,0.0,Flop,5.301029995663981,0
Gentleman,1989,"Comedy, Action, Drama",0,0,1,0,,7,https://image.tmdb.org/t/p/w500/vi1kuAVMNiDVMcwMKe9EjEJgavU.jpg,hi,0.0,Flop,5.301029995663981,0
Prem Pratigyaa,1989,"Action, Drama, Romance",0,0,2,157,,5,https://image.tmdb.org/t/p/w500/1zIgM4hU6pBLAwjvoHvRM73tTPa.jpg,hi,0.0,Flop,5.477121254719663,0
Dana Paani,1989,Drama,0,0,1,0,,6,https://image.tmdb.org/t/p/w500/ykdvqEREYa6ITAlTdt8VNdwlCuz.jpg,hi,0.0,Flop,5.301029995663981,0
Aakhri Baazi,1989,"Action, Crime, Drama",0,0,1,0,,4,https://image.tmdb.org/t/p/w500/xjLsv6RlOq39ynEBUmFMaioq2jc.jpg,hi,0.0,Flop,5.301029995663981,0
Guru,1989,"Crime, Action, Drama",0,0,3,174,Shiv Shakthi Productions Pvt. Ltd. Madras,2,https://image.tmdb.org/t/p/w500/uJCGUz6e6w9i6Iv4JqjiJ6MMgXG.jpg,hi,0.0,Flop,5.6020599913279625,0
Kala Bazaar,1989,"Action, Drama",0,0,4,160,,9,https://image.tmdb.org/t/p/w500/r59iE6145Pseeg0kXmFUEyNCPoe.jpg,hi,0.0,Flop,5.698970004336019,0
Nafrat Ki Aandhi,1989,Unknown,0,0,2,0,,3,https://image.tmdb.org/t/p/w500/78CVNq24pGS40qF0Zcw4wtJLmIO.jpg,hi,0.0,Flop,5.477121254719663,0
"Suddenly, One Day",1989,Drama,0,0,9,102,National Film Development Corporation of India,9,https://image.tmdb.org/t/p/w500/n6puOYicfTZ4ByoSNkbCAZW4dVh.jpg,hi,0.0,Flop,6.0,0
Hisaab Khoon Ka,1989,"Thriller, Action",0,0,3,135,Surendra mohan's,7,https://image.tmdb.org/t/p/w500/mencyrUlFryeK4KlqH1ioU1iNcu.jpg,hi,0.0,Flop,5.6020599913279625,0
Sau Saal Baad,1989,Horror,0,0,0,123,,1,https://image.tmdb.org/t/p/w500/1riScLHxhSvj3dcJSN4UhgmQktf.jpg,hi,0.0,Flop,5.0,0
Gawaahi,1989,"Drama, Mystery, Crime",0,0,0,111,,8,https://image.tmdb.org/t/p/w500/l3UmgshVHd7pvfVinWgjO5X5E0s.jpg,hi,0.0,Flop,5.0,0
Wohi Bhayanak Raat,1989,Horror,0,0,0,82,,1,https://image.tmdb.org/t/p/w500/h2vebxTLRbKvCeTIOALfzUEFrst.jpg,hi,0.0,Flop,5.0,0
Daata,1989,"Action, Drama, Romance",0,0,4,163,Sultan Productions,6,https://image.tmdb.org/t/p/w500/xqy6FtqfYTmV2K7Moh0XcntTiIo.jpg,hi,0.0,Flop,5.698970004336019,0
Billoo Baadshah,1989,"Drama, Action, Crime",0,0,0,148,Preeta Arts International,4,https://image.tmdb.org/t/p/w500/3mgMEZokZ11EqrrIXftQbPCRazp.jpg,hi,0.0,Flop,5.0,0
Hum Intezaar Karenge,1989,Unknown,0,0,1,140,,5,https://image.tmdb.org/t/p/w500/tzeTXF3qDQiWJpq8dIFbeOUnR88.jpg,hi,0.0,Flop,5.301029995663981,0
Jaisi Karni Waisi Bharni,1989,Drama,0,0,3,168,,6,https://image.tmdb.org/t/p/w500/t0rs6dhCjZCgsOBHKi4fZQ2xzW4.jpg,hi,0.0,Flop,5.6020599913279625,0
Mil Gayee Manzil Mujhe,1989,Unknown,0,0,2,135,,1,https://image.tmdb.org/t/p/w500/zTazEhHEb2AeRwDZVZDNNxzqZoZ.jpg,hi,0.0,Flop,5.477121254719663,0
Main Tera Dushman,1989,Unknown,0,0,3,155,,2,https://image.tmdb.org/t/p/w500/pZMgELzaXoKyC5U8iarLZRicmCz.jpg,hi,0.0,Flop,5.6020599913279625,0
Abhimanyu,1989,"Action, Comedy, Drama",0,0,1,168,"NH Studioz, Navjeevan Productions",6,https://image.tmdb.org/t/p/w500/6UzUBDPss6RM0CnBx8HOmNArgvn.jpg,hi,0.0,Flop,5.301029995663981,0
Don't Cry for Salim the Lame,1989,"Crime, Drama",0,0,9,111,National Film Development Corporation of India,5,https://image.tmdb.org/t/p/w500/4yZhOdiME6hobTizFaz4yFrv0Oi.jpg,hi,0.0,Flop,6.0,0
Mitti Aur Sona,1989,Unknown,0,0,1,163,,7,https://image.tmdb.org/t/p/w500/7oL02vOOlDLA5rFCMxMK8aHTj2b.jpg,hi,0.0,Flop,5.301029995663981,0
Gola Barood,1989,Unknown,0,0,0,0,,8,https://image.tmdb.org/t/p/w500/tR3AmnBaKy3Zc8oz9cdtXlQUST9.jpg,hi,0.0,Flop,5.0,0
Kanoon Apna Apna,1989,"Action, Drama, Crime",0,0,1,162,,10,https://image.tmdb.org/t/p/w500/qjzGUZ47PDSbUBfNBzXCBApvDcC.jpg,hi,0.0,Flop,5.301029995663981,0
Paap Ka Ant,1989,"Action, Drama",0,0,1,0,,12,https://image.tmdb.org/t/p/w500/dantlSZ9iAiEPgh6w7DCJFjCxqa.jpg,hi,0.0,Flop,5.301029995663981,0
Aag Se Khelenge,1989,Unknown,0,0,3,150,,9,https://image.tmdb.org/t/p/w500/wNajbvHGoATbv5wbxM5TU0SCmQ1.jpg,hi,0.0,Flop,5.6020599913279625,0
Clerk,1989,Unknown,0,0,4,0,,3,https://image.tmdb.org/t/p/w500/k2g09heOQoa09PPtS9D7AaNlzIu.jpg,hi,0.0,Flop,5.698970004336019,0
Bade Ghar Ki Beti,1989,Unknown,0,0,3,0,,4,https://image.tmdb.org/t/p/w500/jHf44xkb3iokH5Gh4A0FzZMgoxj.jpg,hi,0.0,Flop,5.6020599913279625,0
Farz Ki Jung,1989,Action,0,0,3,0,,3,https://image.tmdb.org/t/p/w500/uSayTPfixPvDVV8YGjvZeO6XHIQ.jpg,hi,0.0,Flop,5.6020599913279625,0
Lashkar,1989,Unknown,0,0,2,0,,9,https://image.tmdb.org/t/p/w500/nKWbN5JH5EgehBXfCUW6RWpXlGc.jpg,hi,0.0,Flop,5.477121254719663,0
Akhri Muqabla,1989,Unknown,0,0,0,0,,1,https://image.tmdb.org/t/p/w500/yuCqgEubxdz6YySyrfp6E9ITobO.jpg,hi,0.0,Flop,5.0,0
Asmaan Se Ooncha,1989,"Family, Action, Drama",0,0,2,140,,2,https://image.tmdb.org/t/p/w500/zhx8dgVHkQXDrWgiRWLF2Q7nMAr.jpg,hi,0.0,Flop,5.477121254719663,0
Ghabrahat,1989,Horror,0,0,0,0,,1,https://image.tmdb.org/t/p/w500/nrsHxyBRmqh6Z23sZ0tiiRSLQnU.jpg,hi,0.0,Flop,5.0,0
Khooni Murdaa,1989,"Mystery, Horror, Fantasy",0,0,1,127,,2,https://image.tmdb.org/t/p/w500/sJGzEjPW5I4XMYSDuNz93838asY.jpg,hi,0.0,Flop,5.301029995663981,0
Garibon Ka Daata,1989,"Drama, Action",0,0,0,135,"Rajiv kumar's, Rajiv kumar's",5,https://image.tmdb.org/t/p/w500/6eKeO2dlCLXCY8fexW6bu225V4M.jpg,hi,0.0,Flop,5.0,0
Oonch Neech Beech,1989,"Drama, Family",0,0,0,126,J.V. Films,7,https://image.tmdb.org/t/p/w500/h79L9oCcqj2ULXHhwVlmXyONDwb.jpg,hi,0.0,Flop,5.0,0
Galiyon Ka Badshah,1989,"Drama, Action, Crime",0,0,0,135,,9,https://image.tmdb.org/t/p/w500/vZYFfjUK4ZTLUTVSkJgYfh78oZ9.jpg,hi,0.0,Flop,5.0,0
Santosh,1989,"Drama, Family",0,0,0,145,,2,https://image.tmdb.org/t/p/w500/l42fcfptFniWfCYYL4c9GldJ8UT.jpg,hi,0.0,Flop,5.0,0
Abhi To Main Jawan Hoon,1989,Unknown,0,0,21,0,,1,,hi,0.0,Flop,6.342422680822207,0
Goonj,1989,Unknown,0,0,0,0,,3,https://image.tmdb.org/t/p/w500/67vnxA7Cu0h94JYn0wzbMNrEm5z.jpg,hi,0.0,Flop,5.0,0
Meeting a Milestone,1989,Documentary,0,0,0,88,National Film Development Corporation of India,7,https://image.tmdb.org/t/p/w500/3HbtLQXPS4yiYUbhEBlWQBjLRKB.jpg,hi,0.0,Flop,5.0,0
Wasta,1989,Unknown,0,0,0,0,Suyogni International,1,,hi,0.0,Flop,5.0,0
Khooni Saaya,1989,Horror,0,0,0,0,,1,,hi,0.0,Flop,5.0,0
Meri zabaan,1989,"Action, Drama, Thriller",0,0,1,140,,1,https://image.tmdb.org/t/p/w500/x6Uukdrw8ttFteXa1fT2tMX0TGI.jpg,hi,0.0,Flop,5.301029995663981,0
Mahan Karz,1989,Drama,0,0,0,17,Christian Films & Television International Association,1,https://image.tmdb.org/t/p/w500/ezvK2HVwajNYq9G7sANyQi1oPxW.jpg,hi,0.0,Flop,5.0,0
The Khayal Saga,1989,"Drama, Music",0,0,4,103,"Bombay Cinematograph, Madhya Pradesh Film Development",1,https://image.tmdb.org/t/p/w500/yBI10nkwL49tw0sG92xM9tELu42.jpg,hi,0.0,Flop,5.698970004336019,0
Kaanoon Ki Awaaz,1989,Unknown,0,0,0,0,,5,https://image.tmdb.org/t/p/w500/hLSNLfCdX7hMaNxrVek24kZcvx2.jpg,hi,0.0,Flop,5.0,0
Elaan-E-Jung,1989,Unknown,0,0,1,0,,8,,hi,0.0,Flop,5.301029995663981,0
Apna Ghar,1989,Unknown,0,0,0,0,,1,,hi,0.0,Flop,5.0,0
Tere Bina Kya Jeena,1989,Unknown,0,0,0,0,,6,,hi,0.0,Flop,5.0,0
Maha-Sangram,1990,"Romance, Action, Crime, Drama",0,0,2,150,Neha Arts,12,https://image.tmdb.org/t/p/w500/k7wHMzxbzGzDptfYNV378UYCP4A.jpg,hi,0.0,Flop,5.477121254719663,0
Doodh Ka Karz,1990,"Action, Drama, Fantasy",0,0,8,168,,8,https://image.tmdb.org/t/p/w500/lIkogF6oBzW4ktkK6htctJTQ2js.jpg,hi,0.0,Flop,5.954242509439325,0
Baaghi: A Rebel for Love,1990,"Action, Drama, Romance",0,0,10,157,,12,https://image.tmdb.org/t/p/w500/rmKu3ZUUipA0NFjhck8cE6Lf5Hj.jpg,hi,0.0,Flop,6.041392685158225,0
Death of a Doctor,1990,Drama,0,0,10,133,National Film Development Corporation of India,1,https://image.tmdb.org/t/p/w500/v8gqQhFNjnRUTmSzUQRCRnhtaTL.jpg,hi,0.0,Flop,6.041392685158225,0
Deewana Mujh Sa Nahin,1990,Drama,0,0,6,130,,8,https://image.tmdb.org/t/p/w500/fLjOCzCuSjbrnnsdZ6Aev1QcJ6Z.jpg,hi,0.0,Flop,5.845098040014257,0
Hum Se Na Takrana,1990,"Horror, Action, Crime, Drama",0,0,0,145,Bahry Films,6,https://image.tmdb.org/t/p/w500/oUKx7OGgKIwUbogysSrTUYShQ2o.jpg,hi,0.0,Flop,5.0,0
Awaargi,1990,Drama,0,0,3,149,Swaraajya Shree Movies [IN],1,https://image.tmdb.org/t/p/w500/aWUbrlwErgcEfHp3zezjEIVbkzK.jpg,hi,0.0,Flop,5.6020599913279625,0
Khatarnaak,1990,Unknown,0,0,0,141,,1,https://image.tmdb.org/t/p/w500/vWNrb1GvzcE2S38w6p5qp1nKoJ3.jpg,hi,0.0,Flop,5.0,0
Shandaar,1990,"Action, Drama",0,0,4,135,,3,https://image.tmdb.org/t/p/w500/zycAwwQjmKzJ8b48LRsoej9e5Hi.jpg,hi,0.0,Flop,5.698970004336019,0
Izzatdaar,1990,"Action, Crime",0,0,1,165,,3,https://image.tmdb.org/t/p/w500/6hgIAPv77qQIz1UUxNnnCpGb6tq.jpg,hi,0.0,Flop,5.301029995663981,0
Meri Lalkaar,1990,Unknown,0,0,0,0,Mangla Films,2,https://image.tmdb.org/t/p/w500/y2Qfnz0ZmCMHKbI3zZnkftv8GWH.jpg,hi,0.0,Flop,5.0,0
Awwal Number,1990,Unknown,0,0,7,138,,6,https://image.tmdb.org/t/p/w500/mh5SmoFFu7hnFKEXJLWxWR5CkkY.jpg,hi,0.0,Flop,5.903089986991944,0
Kali Ganga,1990,Unknown,0,0,0,0,,1,,hi,0.0,Flop,5.0,0
Jurm,1990,"Crime, Romance, Action",0,0,0,142,Vishesh Films,7,https://image.tmdb.org/t/p/w500/nxkCmxstJ26LCmFJNO5bxGUvvFk.jpg,hi,0.0,Flop,5.0,0
Jeene Do,1990,Unknown,0,0,4,113,,1,https://image.tmdb.org/t/p/w500/cWCdpaq2ezzWBLUHHrste42asEd.jpg,hi,0.0,Flop,5.698970004336019,0
Baap Numbri Beta Dus Numbri,1990,Comedy,0,0,7,147,Magnum Films International,1,https://image.tmdb.org/t/p/w500/75LSgHvJXYTYYghiLYSilUTEsWD.jpg,hi,0.0,Flop,5.903089986991944,0
Amba,1990,"Family, Crime, Drama",0,0,0,153,,8,https://image.tmdb.org/t/p/w500/vTBqn51ndNdCWjeYPl4v1PlDbT1.jpg,hi,0.0,Flop,5.0,0
C.I.D.,1990,"Drama, Action",0,0,2,147,Kamal Films International,5,https://image.tmdb.org/t/p/w500/i38geiHIqpkE6UyImw7b3TmojWv.jpg,hi,0.0,Flop,5.477121254719663,0
Pathar Ke Insan,1990,Unknown,0,0,2,140,,1,https://image.tmdb.org/t/p/w500/tUfMaNopLw0cRkBzkmzO5gq0f4h.jpg,hi,0.0,Flop,5.477121254719663,0
Zakhmi Zameen,1990,"Action, Drama",0,0,1,139,,9,https://image.tmdb.org/t/p/w500/ePhw0t2Ns0zXvxfLfz1rU8o4mTe.jpg,hi,0.0,Flop,5.301029995663981,0
Jaan Lada Denge,1990,Unknown,0,0,0,0,,1,https://image.tmdb.org/t/p/w500/bQ9ifbyVzcTMa2cZyPWvzGeWkqz.jpg,hi,0.0,Flop,5.0,0
Pyar Ka Devta,1990,"Family, Drama, Action",0,0,3,0,Amu enterprises,1,https://image.tmdb.org/t/p/w500/xZ0ICOh4vcbTAsCIuzFMDBLwXKx.jpg,hi,0.0,Flop,5.6020599913279625,0
Dushman,1990,Drama,0,0,2,146,,1,https://image.tmdb.org/t/p/w500/5p1GAazDoI0QzumWT8oonhHaLN.jpg,hi,0.0,Flop,5.477121254719663,0
Pyar Ka Karz,1990,"Action, Comedy, Drama",0,0,3,143,,3,https://image.tmdb.org/t/p/w500/99eWpBkJYRquOnLo7YhtvxeUEHj.jpg,hi,0.0,Flop,5.6020599913279625,0
Taqdeer Ka Tamasha,1990,"Action, Romance",0,0,0,171,,1,https://image.tmdb.org/t/p/w500/qDdH0bl1BbJjznsSuWcCvyDD6Vb.jpg,hi,0.0,Flop,5.0,0
Gunahon ka devta,1990,Action,0,0,0,149,,7,https://image.tmdb.org/t/p/w500/7ETiEDajnZFf6ETwYbUfgCBN2k1.jpg,hi,0.0,Flop,5.0,0
Jamai Raja,1990,"Drama, Comedy",0,0,5,166,Vijayalakshmi Art Pictures,10,https://image.tmdb.org/t/p/w500/diJ6U0UC7ypc6nAPo462NVhyj2d.jpg,hi,0.0,Flop,5.778151250383644,0
Shaitani Ilaaka,1990,Horror,0,0,0,0,Ramsay Productions,4,https://image.tmdb.org/t/p/w500/zvG6CV0ecJymU3cVVIq6uoMLH7R.jpg,hi,0.0,Flop,5.0,0
Sailaab,1990,"Action, Romance",0,0,4,0,,8,https://image.tmdb.org/t/p/w500/jcLKD3YWqCGUnUTFXczoDUm9lhH.jpg,hi,0.0,Flop,5.698970004336019,0
Pyar Ke Naam Qurban,1990,"Action, Crime, Drama",0,0,5,134,,1,https://image.tmdb.org/t/p/w500/bdnZD8MjS9JMZUN1UOOH1t0QRt2.jpg,hi,0.0,Flop,5.778151250383644,0
Raiszaada,1990,Drama,0,0,1,149,,12,https://image.tmdb.org/t/p/w500/w3XGnehICF7DtWIuFLv8VrlQNal.jpg,hi,0.0,Flop,5.301029995663981,0
Kroadh,1990,Unknown,0,0,5,0,,3,https://image.tmdb.org/t/p/w500/wC9brU0C228aE0Fvn03XalkXjkP.jpg,hi,0.0,Flop,5.778151250383644,0
Amavas Ki Raat,1990,Horror,0,0,0,128,,1,https://image.tmdb.org/t/p/w500/611zfzAjHPcgUSYlFn1RUkbb0BC.jpg,hi,0.0,Flop,5.0,0
Kafan,1990,Horror,0,0,0,147,Roop Combine,8,https://image.tmdb.org/t/p/w500/rTxFbgHP4LCCfoHtKHbzf0cz9Q5.jpg,hi,0.0,Flop,5.0,0
Mera Pati Sirf Mera Hai,1990,Unknown,0,0,1,143,,1,https://image.tmdb.org/t/p/w500/n7pTVbhAxLZcoXItQwoRKqmxvSY.jpg,hi,0.0,Flop,5.301029995663981,0
Agneekaal,1990,"Action, Crime, Drama",0,0,2,161,,10,https://image.tmdb.org/t/p/w500/rfGwUdHv1swc5q0QMNS7qeSbbS2.jpg,hi,0.0,Flop,5.477121254719663,0
Azaad Desh Ke Gulam,1990,"Action, Drama",0,0,2,150,,4,https://image.tmdb.org/t/p/w500/f6Qeu4PtJK4PDpElLNVNFFdeAc0.jpg,hi,0.0,Flop,5.477121254719663,0
Naaka Bandi,1990,"Action, Crime, Drama, Romance",0,0,4,0,,5,https://image.tmdb.org/t/p/w500/ffUUSDTjYErLi7hQGEklr2hvLn6.jpg,hi,0.0,Flop,5.698970004336019,0
Jeevan Ek Sanghursh,1990,Romance,0,0,1,159,,8,https://image.tmdb.org/t/p/w500/uTtM20E9dues80rlmqUJTnWxxax.jpg,hi,0.0,Flop,5.301029995663981,0
Disha,1990,Unknown,0,0,0,135,National Film Development Corporation of India,1,https://image.tmdb.org/t/p/w500/zlUEZfPkQfSmHmYWzQZECWbg2VX.jpg,hi,0.0,Flop,5.0,0
Pati Parmeshwar,1990,Unknown,0,0,0,0,,6,https://image.tmdb.org/t/p/w500/41lyoYoIJTjJfhyPev8HYnH3vnW.jpg,hi,0.0,Flop,5.0,0
Pyasi Nigahen,1990,"Horror, Thriller",0,0,1,127,,1,https://image.tmdb.org/t/p/w500/q2pYDQhDla8hXmF6uYEOsXv77IB.jpg,hi,0.0,Flop,5.301029995663981,0
Jawani Zindabad,1990,Unknown,0,0,4,160,,7,https://image.tmdb.org/t/p/w500/mPfECdeBX0ULMQohPt2qXjo2UDh.jpg,hi,0.0,Flop,5.698970004336019,0
Apmaan Ki Aag,1990,"Action, Drama",0,0,0,0,,12,https://image.tmdb.org/t/p/w500/vUJYy7tyMjyr6K2a9iPQopE3H86.jpg,hi,0.0,Flop,5.0,0
Roti Kee Keemat,1990,"Action, Crime, Drama",0,0,0,130,,10,https://image.tmdb.org/t/p/w500/8IHNMs8GaDbdvsAvAJ7VMcBZGu4.jpg,hi,0.0,Flop,5.0,0
Banglow No. 666,1990,Horror,0,0,0,0,,1,https://image.tmdb.org/t/p/w500/iOrkJYFSKSxzggSPZuzqHhzcTMZ.jpg,hi,0.0,Flop,5.0,0
Karishma Kali Kaa,1990,"Thriller, Drama, Crime, Mystery",0,0,0,0,,8,https://image.tmdb.org/t/p/w500/A07qkFCZiEhB6cJZs3BtVkVHDh0.jpg,hi,0.0,Flop,5.0,0
Vidrohi,1990,Unknown,0,0,0,0,,3,https://image.tmdb.org/t/p/w500/83MtQPPT6Dp9h3OPtDj2xmlboA5.jpg,hi,0.0,Flop,5.0,0
Drishti,1990,Drama,0,0,4,171,Udbhav,8,https://image.tmdb.org/t/p/w500/o2FbcTn1rFNfrJqGPWFaWRgbIen.jpg,hi,0.0,Flop,5.698970004336019,0
Bahaar Aane Tak,1990,Family,0,0,2,145,,12,https://image.tmdb.org/t/p/w500/dkAG9Vn46ASflCSfBO1q67XVrC3.jpg,hi,0.0,Flop,5.477121254719663,0
Veeru Dada,1990,Unknown,0,0,0,0,,1,,hi,0.0,Flop,5.0,0
Triyatri,1990,Drama,0,0,1,120,Children's Film Society of India,1,https://image.tmdb.org/t/p/w500/jctImId8YZwbMK5PI9XuR05boR3.jpg,hi,0.0,Flop,5.301029995663981,0
Aandhiyan,1990,Romance,0,0,0,145,,6,https://image.tmdb.org/t/p/w500/hAXpqdQdjMJYolBCIgVdPXwJaKf.jpg,hi,0.0,Flop,5.0,0
Aag Aur Shabab,1990,Unknown,0,0,0,101,,1,https://image.tmdb.org/t/p/w500/g4Zh4jB9vnFZAVWLIUvgc7VTILu.jpg,hi,0.0,Flop,5.0,0
Thodasa Roomani Ho Jaayen,1990,Unknown,0,0,1,143,,11,,hi,0.0,Flop,5.301029995663981,0
Abu Kaliya,1990,"Action, Crime, Mystery",0,0,0,127,,1,https://image.tmdb.org/t/p/w500/yekl8crtnEIm0lwyljV5TTK3ww5.jpg,hi,0.0,Flop,5.0,0
Eyes of Stone,1990,Documentary,10638,0,0,94,FilmSixteen,3,https://image.tmdb.org/t/p/w500/x68DFpQcUT264z9rm0Wg478VKso.jpg,hi,-1.0,Flop,5.0,-10638
Siddheshwari,1990,Documentary,0,0,7,92,"Infrakino Film, Films Division of India",2,https://image.tmdb.org/t/p/w500/aoTQ8lgKfLF71tEAV4X9Fa7eATw.jpg,hi,0.0,Flop,5.903089986991944,0
Kaafila,1990,Unknown,0,0,0,0,,9,https://image.tmdb.org/t/p/w500/tflUCK42GyYyDw2hb10S1SxRwSz.jpg,hi,0.0,Flop,5.0,0
Atishbaz,1990,Unknown,0,0,0,0,,1,,hi,0.0,Flop,5.0,0
In Memory of Friends,1990,Documentary,0,0,1,61,,4,https://image.tmdb.org/t/p/w500/p76aQ98HgHlgxWUQYT6ksKB1wn7.jpg,hi,0.0,Flop,5.301029995663981,0
Haar Jeet,1990,Unknown,0,0,0,0,,1,,hi,0.0,Flop,5.0,0
Yaadon Ke Mausam,1990,Romance,0,0,0,0,,7,https://image.tmdb.org/t/p/w500/bUFIZjjFjhxdvoPNpDS3rvVTuY4.jpg,hi,0.0,Flop,5.0,0
Reincarnation Case of Suresh Verma,1990,Documentary,0,0,0,17,BBC,1,https://image.tmdb.org/t/p/w500/wDYf1mh3aD5GbB7YLxv3ovJ0KEp.jpg,hi,0.0,Flop,5.0,0
Teri Talash Mein,1990,Horror,0,0,0,134,,12,https://image.tmdb.org/t/p/w500/Zfm9VtGo0cA6CWY72i1rHeMhmT.jpg,hi,0.0,Flop,5.0,0
Kunwari Dulhan,1991,"Thriller, Drama",0,0,0,78,,1,https://image.tmdb.org/t/p/w500/uYNadPUxOtyaMetqz0zhOtueTz1.jpg,hi,0.0,Flop,5.0,0
Akayla,1991,"Thriller, Action, Drama",0,0,7,180,,11,https://image.tmdb.org/t/p/w500/6z4z9IBhvS30flG17Ov93NDWBiC.jpg,hi,0.0,Flop,5.903089986991944,0
Haque,1991,Thriller,0,0,0,120,,1,https://image.tmdb.org/t/p/w500/ulAuyFEENogFODahkkkf50hiE6r.jpg,hi,0.0,Flop,5.0,0
Jhoothi Shaan,1991,"Drama, Action, Adventure",0,0,0,141,,12,https://image.tmdb.org/t/p/w500/qpAiFJzgQd2SepWuoFYajfwQbnz.jpg,hi,0.0,Flop,5.0,0
Shankra,1991,Unknown,0,0,2,0,,3,https://image.tmdb.org/t/p/w500/uQOwp7JRPliocEebQRBPFX6s0aI.jpg,hi,0.0,Flop,5.477121254719663,0
Jeevan Daata,1991,Unknown,0,0,0,120,,12,https://image.tmdb.org/t/p/w500/rnznhhQ3qLvLXDXFgDWMcTp598g.jpg,hi,0.0,Flop,5.0,0
100 Days,1991,"Romance, Thriller",0,0,10,161,Jayvijay Enterprises,5,https://image.tmdb.org/t/p/w500/pZJcxCrwjBl9bRLwOD8u5HfDT0x.jpg,hi,0.0,Flop,6.041392685158225,0
Taru,1991,Animation,0,0,0,20,Children's Film Society of India,3,,hi,0.0,Flop,5.0,0
Hafta Bandh,1991,Action,0,0,1,145,,1,,hi,0.0,Flop,5.301029995663981,0
Khooni Raat,1991,Horror,0,0,0,0,,1,https://image.tmdb.org/t/p/w500/g9HRUxkZ9ZyzEkyNxTN9cC80mej.jpg,hi,0.0,Flop,5.0,0
Yodha,1991,"Drama, Action",0,0,3,142,Cineyugg Entertainment Pvt. Ltd.,2,https://image.tmdb.org/t/p/w500/nsiVE2dtwZITpnUxafDQtb4t8z8.jpg,hi,0.0,Flop,5.6020599913279625,0
Love,1991,"Action, Romance",0,0,19,153,,11,https://image.tmdb.org/t/p/w500/aRbBltP71wvWA1C5Mk2iI9KZmI3.jpg,hi,0.0,Flop,6.301029995663981,0
Afsana Pyar Ka,1991,"Drama, Romance",0,0,6,145,,4,https://image.tmdb.org/t/p/w500/kzTyUVgySmNsgDweBB19FFoCHIh.jpg,hi,0.0,Flop,5.845098040014257,0
Narsimha,1991,Action,0,0,6,186,,7,https://image.tmdb.org/t/p/w500/KyeS7VRIh1v5gcmY4YekSIty1x.jpg,hi,0.0,Flop,5.845098040014257,0
Saudagar,1991,Drama,0,0,13,213,Mukta Arts Ltd,8,https://image.tmdb.org/t/p/w500/yHK8wCbRiIrpQslQ0G1kni8MbJx.jpg,hi,0.0,Flop,6.146128035678238,0
Saajan,1991,"Drama, Romance",0,0,36,181,Divya Films Combines,8,https://image.tmdb.org/t/p/w500/wg4WBjFhYZeLaaQhE3NeFyfTn2Y.jpg,hi,0.0,Flop,6.568201724066995,0
Hum,1991,"Romance, Action",0,0,37,184,Dharma Productions,2,https://image.tmdb.org/t/p/w500/blnhL1cIxjjLgNdlDA8tIbvbCCO.jpg,hi,0.0,Flop,6.57978359661681,0
Ajooba,1991,"Action, Adventure, Fantasy",0,0,15,178,"Gorky Film Studios, Aasia Films Private Limited",4,https://image.tmdb.org/t/p/w500/Ai4kr0EVDnEwIvD4r5RKVkNFu7b.jpg,hi,0.0,Flop,6.204119982655925,0
Banjaran,1991,"Drama, Romance",0,0,3,0,,11,https://image.tmdb.org/t/p/w500/hB8kAdK5JDvkIIEsTJaRSas8unx.jpg,hi,0.0,Flop,5.6020599913279625,0
Phool Aur Kaante,1991,"Action, Romance, Drama",0,0,15,180,,11,https://image.tmdb.org/t/p/w500/lNxSSYUK2RZtTo9rKCyzVq1twzM.jpg,hi,0.0,Flop,6.204119982655925,0
Jigarwala,1991,"Drama, Action",0,0,3,132,,1,https://image.tmdb.org/t/p/w500/2GwEeK5pBxUgiJomK0CxxoXYyXG.jpg,hi,0.0,Flop,5.6020599913279625,0
Ajooba Kudrat Ka,1991,"Adventure, Fantasy, Horror",0,0,1,0,,1,,hi,0.0,Flop,5.301029995663981,0
Dil Hai Ke Manta Nahin,1991,"Romance, Comedy",0,0,25,154,"T-Series, Vishesh Films",1,https://image.tmdb.org/t/p/w500/8fFgE7DnHbQZ2t0W6doLxQxYiuH.jpg,hi,0.0,Flop,6.414973347970818,0
Pyasi Apsara,1991,Horror,0,0,0,105,,1,https://image.tmdb.org/t/p/w500/fNfx1YPUrU0WCZ6ioGiA3oqGutS.jpg,hi,0.0,Flop,5.0,0
Henna,1991,"Drama, Romance, Music",0,0,10,184,R.K. Films,6,https://image.tmdb.org/t/p/w500/vChTvHPB01q4XnrR6wVGAh26pqd.jpg,hi,0.0,Flop,6.041392685158225,0
Shikari,1991,"Action, Drama",0,0,6,162,Eagle Films,4,https://image.tmdb.org/t/p/w500/rwshNBnumgRbdX1nd7uIPca2Hg7.jpg,hi,0.0,Flop,5.845098040014257,0
Lamhe,1991,"Drama, Romance",0,0,24,187,Yash Raj Films,11,https://image.tmdb.org/t/p/w500/aw9xd5GhQkyaAsTblNi3XydvEcK.jpg,hi,0.0,Flop,6.3979400086720375,0
Kurbaan,1991,"Family, Action",0,0,4,192,,5,https://image.tmdb.org/t/p/w500/mJSCUBiHlMIrIsawUQr39tKWbYF.jpg,hi,0.0,Flop,5.698970004336019,0
Pyar Hua Chori Chori,1991,Unknown,0,0,2,155,,1,https://image.tmdb.org/t/p/w500/i6hh17aM7gNm0jb3HAGxPuu05bu.jpg,hi,0.0,Flop,5.477121254719663,0
Pratigyabadh,1991,"Action, Drama",0,0,3,125,BR Films,7,https://image.tmdb.org/t/p/w500/nUF33rZ5bkwg4z8ibzNCqBw01rs.jpg,hi,0.0,Flop,5.6020599913279625,0
Benaam Badsha,1991,Action,0,0,5,0,,4,https://image.tmdb.org/t/p/w500/jEhEkdhilcs7G6F0vqj1zxH5JHQ.jpg,hi,0.0,Flop,5.778151250383644,0
Dancer,1991,Action,0,0,1,153,,8,https://image.tmdb.org/t/p/w500/3Sg5Y1SVqRNicuthoeCyCu2bmcr.jpg,hi,0.0,Flop,5.301029995663981,0
Sadak,1991,"Romance, Thriller, Action",0,0,22,127,Vishesh Films,12,https://image.tmdb.org/t/p/w500/fFESWq8YQHRrwSJ9K8ThAxlDCx.jpg,hi,0.0,Flop,6.361727836017593,0
Patthar Ke Phool,1991,"Romance, Action",0,0,8,161,Sippy Films,2,https://image.tmdb.org/t/p/w500/sUfAAyeBVQdWzagQKmIKwDfFvZU.jpg,hi,0.0,Flop,5.954242509439325,0
Prahaar,1991,Unknown,0,0,11,166,,1,https://image.tmdb.org/t/p/w500/1k45jZdMMo7i8GuMI749lEu5Kkr.jpg,hi,0.0,Flop,6.079181246047625,0
Saathi,1991,"Action, Romance, Drama",0,0,4,175,,9,https://image.tmdb.org/t/p/w500/tmo5U7TstiIxStIFzVdZkfJPfmU.jpg,hi,0.0,Flop,5.698970004336019,0
Suno Re Kissa,1991,TV Movie,0,0,0,25,"Doordarshan, Prasar Bharati Corporation",1,https://image.tmdb.org/t/p/w500/dFNbZ5hi99gqzdbhKLuYSK6BAOP.jpg,hi,0.0,Flop,5.0,0
Deshwasi,1991,"Action, Crime, Drama",0,0,0,145,VIP Films Combine,4,https://image.tmdb.org/t/p/w500/yLHX0ElW4hLqBsbVg77Z25irMy3.jpg,hi,0.0,Flop,5.0,0
Trinetra,1991,Action,0,0,2,0,,7,https://image.tmdb.org/t/p/w500/cdw6kaZ38CgsQt6htG34H2EhLC3.jpg,hi,0.0,Flop,5.477121254719663,0
Bhabhi,1991,Romance,0,0,2,0,,8,https://image.tmdb.org/t/p/w500/wJfO9tuSTMjT3W17ERlYNwvqooa.jpg,hi,0.0,Flop,5.477121254719663,0
First Love Letter,1991,"Drama, Romance",0,0,0,165,,9,https://image.tmdb.org/t/p/w500/7zBIKkniLmklScYXaVqtNRrFfSO.jpg,hi,0.0,Flop,5.0,0
Sanam Bewafa,1991,"Drama, Family",0,0,11,161,Saawan Kumar Productions,1,https://image.tmdb.org/t/p/w500/mnou9y9BgH7JVmsozvuqGxVPULc.jpg,hi,0.0,Flop,6.079181246047625,0
Ghar Parivaar,1991,Drama,0,0,0,130,,1,https://image.tmdb.org/t/p/w500/u5VkpJ6WLXFzPBhY6xSfa7hc0wx.jpg,hi,0.0,Flop,5.0,0
Saugandh,1991,Drama,0,0,3,148,,1,https://image.tmdb.org/t/p/w500/cejQCb1TBi15I8dVtUHUUzwRIGo.jpg,hi,0.0,Flop,5.6020599913279625,0
Pyaar Ka Saaya,1991,"Music, Drama, Thriller",0,0,3,133,B. Subhash Movie Unit,11,https://image.tmdb.org/t/p/w500/3Ku9FGCMNPMZs6mKZMNpZyZDyZL.jpg,hi,0.0,Flop,5.6020599913279625,0
Lakshmanrekha,1991,Unknown,0,0,5,0,,12,https://image.tmdb.org/t/p/w500/eQPBwZzVlFeTJMDce1OqZiTNUWw.jpg,hi,0.0,Flop,5.778151250383644,0
Numbri Aadmi,1991,Unknown,0,0,2,155,,1,https://image.tmdb.org/t/p/w500/dpaz1EOmEUZsDrEb0bModCJHcHi.jpg,hi,0.0,Flop,5.477121254719663,0
Phool Bane Angaray,1991,Action,0,0,3,166,B.M.B. Pictures,7,https://image.tmdb.org/t/p/w500/jLGhcJu9TEG255Aaj9AIQS2icOG.jpg,hi,0.0,Flop,5.6020599913279625,0
Sau Crore,1991,Unknown,0,0,1,0,,12,https://image.tmdb.org/t/p/w500/woVTc7TMz80BKMS4JkoMTZjzLsV.jpg,hi,0.0,Flop,5.301029995663981,0
Prem Qaidi,1991,"Romance, Action",0,0,1,157,,6,https://image.tmdb.org/t/p/w500/rjRzMaQReJosxWIsmpwKl4EiFBw.jpg,hi,0.0,Flop,5.301029995663981,0
Nazar,1991,Drama,0,0,12,84,National Film Development Corporation of India,3,https://image.tmdb.org/t/p/w500/imbhArLoT22FpCFlzebRVdIYj4S.jpg,hi,0.0,Flop,6.113943352306837,0
Qurbani Rang Layegi,1991,Unknown,0,0,0,0,,5,https://image.tmdb.org/t/p/w500/4GNGZC31zm9OtploSPhenfUEJ8A.jpg,hi,0.0,Flop,5.0,0
Ek Ghar,1991,Drama,0,0,0,98,National Film Development Corporation of India,1,https://image.tmdb.org/t/p/w500/5Jo8yp5QC6wubIJ7Na6RQ9pwNOI.jpg,hi,0.0,Flop,5.0,0
Dharavi,1991,"Drama, Crime",0,0,3,111,"National Film Development Corporation of India, Doordarshan",9,https://image.tmdb.org/t/p/w500/5iEngeLhcEW7K3Ms2kCWK9HyfXq.jpg,hi,0.0,Flop,5.6020599913279625,0
Jungle Beauty,1991,"Action, Adventure, Music",0,0,0,135,,8,https://image.tmdb.org/t/p/w500/zOIJ0dOJuXSjMDi1wm9wFNQYAQM.jpg,hi,0.0,Flop,5.0,0
Pratikar,1991,"Action, Drama",0,0,2,0,,8,https://image.tmdb.org/t/p/w500/4wlKkqag440TftkyPMZTMkWC6cZ.jpg,hi,0.0,Flop,5.477121254719663,0
Aakhri Cheekh,1991,Horror,0,0,1,0,Ramsay Productions,5,https://image.tmdb.org/t/p/w500/kyoB0646DlnRucQp140C8DImz6t.jpg,hi,0.0,Flop,5.301029995663981,0
Farishtay,1991,Unknown,0,0,5,0,,2,https://image.tmdb.org/t/p/w500/3eaQ2OpL2z9rasDFWHTp95kjp8W.jpg,hi,0.0,Flop,5.778151250383644,0
Kasba,1991,Drama,0,0,4,121,National Film Development Corporation of India,1,https://image.tmdb.org/t/p/w500/96T4PtTfj2Fh5DWDONRQCGQWLSA.jpg,hi,0.0,Flop,5.698970004336019,0
Baharon Ke Manzil,1991,Music,0,0,0,135,,8,https://image.tmdb.org/t/p/w500/nRsRmcuQmbeBu9SUlFbTWoHmEnP.jpg,hi,0.0,Flop,5.0,0
Yaara Dildara,1991,"Romance, Drama, Family",0,0,0,150,Mirza Brothers Films Pvt. Ltd.,12,https://image.tmdb.org/t/p/w500/fcspFb4umEdzOW5HUkyopJjquDy.jpg,hi,0.0,Flop,5.0,0
House No. 13,1991,Horror,0,0,0,110,DVF Investments,8,https://image.tmdb.org/t/p/w500/d1J3yCfFzhiwr5AMvNBTX7ANPzL.jpg,hi,0.0,Flop,5.0,0
Hatyarin,1991,Horror,0,0,0,129,,3,https://image.tmdb.org/t/p/w500/7qx3VBvwniFqirrr694G78499UA.jpg,hi,0.0,Flop,5.0,0
Pita,1991,Drama,0,0,0,150,,1,https://image.tmdb.org/t/p/w500/KbghAmg4KqRpjN1klJbBmYUzrX.jpg,hi,0.0,Flop,5.0,0
Do Matwale,1991,Unknown,0,0,0,0,,5,https://image.tmdb.org/t/p/w500/rSlf7farrF2zmhRKE8YHU4l7JMP.jpg,hi,0.0,Flop,5.0,0
Inspector Dhanush,1991,"Action, Drama",0,0,0,150,Sri Kamakshi Films,12,https://image.tmdb.org/t/p/w500/6khZoLijr64j1UkHHFeNUNpS6WW.jpg,hi,0.0,Flop,5.0,0
Indrajeet,1991,"Action, Crime, Drama, Family",0,0,4,0,,8,https://image.tmdb.org/t/p/w500/bS4Q827YXJZa7aiMYGIcMx29W2h.jpg,hi,0.0,Flop,5.698970004336019,0
Vishnu-Devaa,1991,Unknown,0,0,2,0,,2,https://image.tmdb.org/t/p/w500/qLsyb9UfemSPPcxocnVRRvLhkOf.jpg,hi,0.0,Flop,5.477121254719663,0
Kaun Kare Kurbanie,1991,"Action, Drama",0,0,1,0,,8,https://image.tmdb.org/t/p/w500/9bXvdlqYTq83F5d2DM2QAbMmzuM.jpg,hi,0.0,Flop,5.301029995663981,0
Khooni Panja,1991,Horror,100000,500000,2,130,Talwar International,1,https://image.tmdb.org/t/p/w500/lQtHAuqrVoZU6QgMiOm6mRarl7N.jpg,hi,4.0,Hit,5.477121254719663,400000
Pyar Bhara Dil,1991,"Drama, Romance",0,0,0,147,,11,https://image.tmdb.org/t/p/w500/ofBPe406LjXNYGWeOv79X0jcGTo.jpg,hi,0.0,Flop,5.0,0
Jumma Chumma In London,1991,Unknown,0,0,0,0,,1,https://image.tmdb.org/t/p/w500/oeTygOtRON7X8AtG7SudomBbsx0.jpg,hi,0.0,Flop,5.0,0
Rupaye Dus Karod,1991,"Action, Drama",0,0,0,0,,11,https://image.tmdb.org/t/p/w500/wXXCDxhBer1gGlBCYRUGAYI6d81.jpg,hi,0.0,Flop,5.0,0
Roohani Taaqat,1991,Horror,0,0,1,119,,1,https://image.tmdb.org/t/p/w500/wPeOzzYYS18tG8IlrfoEyAIfZFK.jpg,hi,0.0,Flop,5.301029995663981,0
Diksha,1991,Drama,0,0,5,120,National Film Development Corporation of India,1,https://image.tmdb.org/t/p/w500/oDUYCXDQV2YHytmPknc0yGcObYn.jpg,hi,0.0,Flop,5.778151250383644,0
Swayam,1991,Drama,0,0,0,121,,1,,hi,0.0,Flop,5.0,0
Aayee Milan Ki Raat,1991,Unknown,0,0,0,0,,4,https://image.tmdb.org/t/p/w500/45hk4Cy4hL6lTeFyUxey6Wn0HUy.jpg,hi,0.0,Flop,5.0,0
Kasam Kali Ki,1991,Unknown,0,0,0,0,,1,,hi,0.0,Flop,5.0,0
Khilaaf,1991,Unknown,0,0,1,0,,1,https://image.tmdb.org/t/p/w500/5HKHcNTEihqcyKgcaiMlch3diTh.jpg,hi,0.0,Flop,5.301029995663981,0
Izzat,1991,Action,0,0,1,156,,6,https://image.tmdb.org/t/p/w500/r6qE5bV2lfZwXQFrikW94rOJxS0.jpg,hi,0.0,Flop,5.301029995663981,0
Karz Chukana Hai,1991,Drama,0,0,1,165,,4,https://image.tmdb.org/t/p/w500/h0zGiiLzVIW5nBuViJki0mRJS6O.jpg,hi,0.0,Flop,5.301029995663981,0
"Raman Raghav - A City, A Killer",1991,Unknown,0,0,1,92,,1,https://image.tmdb.org/t/p/w500/iCsRb9F2XhpvDLfD4CpfdK7RDgf.jpg,hi,0.0,Flop,5.301029995663981,0
Rukmavati's Mansion,1991,Drama,0,0,0,132,,1,https://image.tmdb.org/t/p/w500/f08CyquL4u4uoaKVKMOkVlGv4GM.jpg,hi,0.0,Flop,5.0,0
Jeena Teri Gali Mein,1991,Unknown,0,0,1,0,,5,https://image.tmdb.org/t/p/w500/AfEhmnUeg2Yi7W7OCyTNDqe7YJj.jpg,hi,0.0,Flop,5.301029995663981,0
Something Like a War,1991,Documentary,0,0,0,63,"ONF | NFB, Channel Four Films, D&N FILM PRODUCTION, Equal Media Ltd.",1,https://image.tmdb.org/t/p/w500/bAFXORCPalz8kNaM2k6HHM8Myxf.jpg,hi,0.0,Flop,5.0,0
Ramgarh Ke Sholay,1991,"Action, Comedy, Crime",0,0,1,123,Charmi Films,6,https://image.tmdb.org/t/p/w500/bgaIwx1GnDprMRVnXAoFwxkUnsQ.jpg,hi,0.0,Flop,5.301029995663981,0
Laal Paree,1991,Unknown,0,0,0,107,,1,https://image.tmdb.org/t/p/w500/2MujRAh4HEcjPbdKpU8TIGNLCV0.jpg,hi,0.0,Flop,5.0,0
Lahu Luhan,1991,Unknown,0,0,0,136,,1,https://image.tmdb.org/t/p/w500/i7xpbqpccOPEO0ig3sBBLTkBhiA.jpg,hi,0.0,Flop,5.0,0
Meet Mere Man Ke,1991,"Action, Drama",0,0,0,150,,11,https://image.tmdb.org/t/p/w500/p9zXlZcScVmnfIEQF6G5ErxoQcq.jpg,hi,0.0,Flop,5.0,0
Ek Saas Zindagi,1991,Unknown,0,0,0,0,,7,,hi,0.0,Flop,5.0,0
Subedaar,1991,Unknown,0,0,0,0,,1,https://image.tmdb.org/t/p/w500/hm136QtPU3vH5wM3srbRjotS3Gb.jpg,hi,0.0,Flop,5.0,0
Naamcheen,1991,Unknown,0,0,2,0,,12,,hi,0.0,Flop,5.477121254719663,0
Iraada,1991,Unknown,0,0,0,0,,3,,hi,0.0,Flop,5.0,0
Vansh,1992,"Action, Crime, Drama",0,0,3,160,Verma Films Combine,1,https://image.tmdb.org/t/p/w500/7gpQBloBSbgymQLU4RCZpp23bVE.jpg,hi,0.0,Flop,5.6020599913279625,0
Ghar Jamai,1992,"Comedy, Family",0,0,2,148,,10,https://image.tmdb.org/t/p/w500/4BxUIj0MXg0cp2UiJkLvlYQrw4s.jpg,hi,0.0,Flop,5.477121254719663,0
Humshakal,1992,"Action, Comedy, Drama",0,0,0,138,Filma International,7,https://image.tmdb.org/t/p/w500/x7z6UaODeCnZTgpdVFdbZg9yMt0.jpg,hi,0.0,Flop,5.0,0
Lambu Dada,1992,"Action, Crime, Drama",0,0,0,142,Balaji Films,1,,hi,0.0,Flop,5.0,0
Heer Ranjha,1992,"Drama, Romance",0,0,1,159,,8,https://image.tmdb.org/t/p/w500/5bEiMJUkt5WANB6UoyhOKcf8re2.jpg,hi,0.0,Flop,5.301029995663981,0
Deewana,1992,"Action, Comedy, Crime, Drama, Romance",0,12000000,42,163,Mayank Arts,6,https://image.tmdb.org/t/p/w500/8liOcHgcghI3aQFxq8QCGKKqQKX.jpg,hi,0.0,Flop,6.633468455579586,12000000
Prem Deewane,1992,"Action, Romance",0,0,3,167,,1,https://image.tmdb.org/t/p/w500/yOsxK8n4GgzNPbbtMAWq8G232VT.jpg,hi,0.0,Flop,5.6020599913279625,0
Yalgaar,1992,"Action, Drama",0,0,6,185,,10,https://image.tmdb.org/t/p/w500/AvjxdGJhg1dQMCOfpxzioPPr0pf.jpg,hi,0.0,Flop,5.845098040014257,0
Dushman Zamana,1992,Unknown,0,0,2,0,,10,https://image.tmdb.org/t/p/w500/i8yw66c1lCejZ222JjxNK3sBVvV.jpg,hi,0.0,Flop,5.477121254719663,0
Jo Jeeta Wohi Sikandar,1992,Drama,0,0,95,174,Nasir Hussain Films,5,https://image.tmdb.org/t/p/w500/ua2QjZneNg6FsxrccsTkLy1wnwc.jpg,hi,0.0,Flop,6.982271233039569,0
Vishwatma,1992,Unknown,0,0,11,173,Trimurti Films Pvt. Ltd.,1,https://image.tmdb.org/t/p/w500/nb4FKjLfuHwQeGkANULU4saRCWC.jpg,hi,0.0,Flop,6.079181246047625,0
Jigar,1992,"Action, Drama, Romance",0,0,6,172,"Salim's, Aftab Pictures",1,https://image.tmdb.org/t/p/w500/uWDpye3njNiwegY00rlV57IiC3i.jpg,hi,0.0,Flop,5.845098040014257,0
Chamatkar,1992,"Romance, Comedy",0,0,56,171,"Eagle Films, United Producers",7,https://image.tmdb.org/t/p/w500/tJlGNBkE0DNQ9iLkHMY2gsCOza3.jpg,hi,0.0,Flop,6.7558748556724915,0
Khuda Gawah,1992,"Romance, Action, Adventure",0,0,21,193,Glamour Films,5,https://image.tmdb.org/t/p/w500/nMtKj4P766IjQ3zJwHFkzvgPZBZ.jpg,hi,0.0,Flop,6.342422680822207,0
Karm Yodha,1992,Thriller,0,0,0,157,,1,https://image.tmdb.org/t/p/w500/l2mAukgeKLWEnZ5LW8AYJfrmO6p.jpg,hi,0.0,Flop,5.0,0
Junoon,1992,Horror,0,0,7,129,Vishesh Films,9,https://image.tmdb.org/t/p/w500/uDLGI6LfkgxtvHsXdTyFRcHVoZU.jpg,hi,0.0,Flop,5.903089986991944,0
Ek Ladka Ek Ladki,1992,"Comedy, Romance, Drama",0,0,8,162,,6,https://image.tmdb.org/t/p/w500/ndg8XIpYDFztjE2BbUopyc6GI9a.jpg,hi,0.0,Flop,5.954242509439325,0
Beta,1992,"Drama, Family",0,0,18,155,Maruti International,4,https://image.tmdb.org/t/p/w500/1RUOf9MCf8PsKxrefcwFqb0JCKL.jpg,hi,0.0,Flop,6.278753600952829,0
Aaj Ka Goonda Raaj,1992,"Thriller, Action",0,0,3,147,,7,https://image.tmdb.org/t/p/w500/nsSbOv8yGXfyXrQEbPrUab6tx8o.jpg,hi,0.0,Flop,5.6020599913279625,0
Apradhi,1992,"Action, Crime, Drama",0,0,2,159,,10,https://image.tmdb.org/t/p/w500/pUCH6Wwa53BVH7ZykE38fnuncpY.jpg,hi,0.0,Flop,5.477121254719663,0
Deedar,1992,Unknown,0,0,2,120,,8,https://image.tmdb.org/t/p/w500/AqoebimNASvlpwqzAzc3KB7kx8G.jpg,hi,0.0,Flop,5.477121254719663,0
Bol Radha Bol,1992,"Comedy, Thriller, Romance",0,0,12,164,Neha Arts,7,https://image.tmdb.org/t/p/w500/z67ucNu2Yq8fjUzkeLFaKU69JmL.jpg,hi,0.0,Flop,6.113943352306837,0
Nishchaiy,1992,"Action, Crime",0,0,2,153,Bhappi Sonie Productions,7,https://image.tmdb.org/t/p/w500/qsN6Ju3IMt5c8KMaCFyFDi2PvJe.jpg,hi,0.0,Flop,5.477121254719663,0
Khel,1992,Comedy,0,0,12,145,,10,https://image.tmdb.org/t/p/w500/cUFdWhQ6AO8V9fzLKZLI0UbVKF7.jpg,hi,0.0,Flop,6.113943352306837,0
Shola Aur Shabnam,1992,"Action, Romance",0,0,9,167,,1,https://image.tmdb.org/t/p/w500/chuyRvvnvgs1oW1hLIYMwGJpO6n.jpg,hi,0.0,Flop,6.0,0
Dil Aashna Hai,1992,Romance,1100000,11000000,13,164,H. M. Creations,10,https://image.tmdb.org/t/p/w500/zKCbrXhRqBYpbw7H6JtqMbVqSBK.jpg,hi,9.0,Hit,6.146128035678238,9900000
Panaah,1992,Unknown,0,0,1,156,,2,https://image.tmdb.org/t/p/w500/aMtnblHwGUwXcGHPaD2Tb2IWtLF.jpg,hi,0.0,Flop,5.301029995663981,0
Khiladi,1992,"Thriller, Romance",0,0,30,159,,6,https://image.tmdb.org/t/p/w500/Adar3XOiv7ckSbxnIWgsbb9XNGu.jpg,hi,0.0,Flop,6.491361693834273,0
Jaagruti,1992,Action,0,2000000,4,149,,7,https://image.tmdb.org/t/p/w500/fxncbQIk8kIBsjQW2fFbVRGj9te.jpg,hi,0.0,Flop,5.698970004336019,2000000
Balwaan,1992,"Action, Crime",0,0,4,142,Jayraj Productions,9,https://image.tmdb.org/t/p/w500/ktxYI6fNKnXDD1OsnNXI49AdfYL.jpg,hi,0.0,Flop,5.698970004336019,0
Raat,1992,"Drama, Horror, Thriller",0,0,11,127,RGV Film Factory,2,https://image.tmdb.org/t/p/w500/krQAgqZuxMZ2szXSTzZsOrJOKHZ.jpg,hi,0.0,Flop,6.079181246047625,0
Suryavanshi,1992,"Fantasy, Action",0,0,7,174,Sainath Films,2,https://image.tmdb.org/t/p/w500/lL7EaJNdXeFR8LkgnBQgPAneq8U.jpg,hi,0.0,Flop,5.903089986991944,0
Zindagi Ek Juaa,1992,Unknown,0,0,4,174,,5,,hi,0.0,Flop,5.698970004336019,0
Bekhudi,1992,"Action, Crime, Drama",0,0,1,0,,7,https://image.tmdb.org/t/p/w500/jLe0N3NfEwOIsIcIGm1zHHmPeoy.jpg,hi,0.0,Flop,5.301029995663981,0
Bloody Dracula,1992,Horror,0,0,0,109,,1,https://image.tmdb.org/t/p/w500/nOf8LAqHykY0JFdMe2Y0GemTFM7.jpg,hi,0.0,Flop,5.0,0
Isi Ka Naam Zindagi,1992,Unknown,0,0,6,140,,2,https://image.tmdb.org/t/p/w500/lIiM1mWkoN9ThEDx63cA8UM5aLv.jpg,hi,0.0,Flop,5.845098040014257,0
Yaad Rakhegi Duniya,1992,Unknown,0,0,3,0,,3,https://image.tmdb.org/t/p/w500/58Jsc16n371THuGaLDAeQxvv6fH.jpg,hi,0.0,Flop,5.6020599913279625,0
Umar 55 Ki Dil Bachpan Ka,1992,Unknown,0,0,3,151,,8,https://image.tmdb.org/t/p/w500/9v8HxMESzv0mv8YBMN7LSei6Ftn.jpg,hi,0.0,Flop,5.6020599913279625,0
Muskurahat,1992,Unknown,0,0,7,180,,10,https://image.tmdb.org/t/p/w500/pH2nYZxXvcm2GHbtoWy9fsUmqSC.jpg,hi,0.0,Flop,5.903089986991944,0
Kal Ki Awaz,1992,Action,0,0,1,0,United Producers,8,https://image.tmdb.org/t/p/w500/n4EFy4dV8Sh9GH1wxbaI1YqQT6T.jpg,hi,0.0,Flop,5.301029995663981,0
Jaanam,1992,"Romance, Drama",0,0,3,127,Vishesh Films,11,https://image.tmdb.org/t/p/w500/mLFCXTzLbLKd8cvElNhraLhN4kZ.jpg,hi,0.0,Flop,5.6020599913279625,0
Baaz,1992,"Drama, Action",0,0,1,0,,11,,hi,0.0,Flop,5.301029995663981,0
Tyagi,1992,Drama,0,0,3,142,,5,https://image.tmdb.org/t/p/w500/a8mutRhVnkGk5LPrzBKjscmVMSs.jpg,hi,0.0,Flop,5.6020599913279625,0
Dil Ka Kya Kasoor,1992,"Romance, Drama",0,0,4,157,,1,https://image.tmdb.org/t/p/w500/ooe07XsDasNjHW64UCUqRnk329Y.jpg,hi,0.0,Flop,5.698970004336019,0
Virodhi,1992,Unknown,0,0,1,0,,4,https://image.tmdb.org/t/p/w500/xklZAh2pkhj1Eo1PJ5Z6iTA1wGm.jpg,hi,0.0,Flop,5.301029995663981,0
Mere Sajana Saath Nibhana,1992,"Drama, Music",0,0,3,141,B.M.B. Pictures,1,https://image.tmdb.org/t/p/w500/rgFNzZ7NGVzv2Z2i6wKhRjNtkQL.jpg,hi,0.0,Flop,5.6020599913279625,0
Radha Ka Sangam,1992,Drama,0,0,0,156,Sri Nirmala Devi Productions [IN],7,https://image.tmdb.org/t/p/w500/87CUhmWTM1bj6ejZfTX9x1EVM6X.jpg,hi,0.0,Flop,5.0,0
Maa,1992,Horror,0,0,5,146,,1,https://image.tmdb.org/t/p/w500/nl8Op9nY8mAbpX2xOhO7ZtTymKq.jpg,hi,0.0,Flop,5.778151250383644,0
Mehboob Mere Mehboob,1992,"Drama, Romance",0,0,0,145,,7,,hi,0.0,Flop,5.0,0
Dil Hi To Hai,1992,Unknown,0,0,3,164,,9,https://image.tmdb.org/t/p/w500/3Hh08NUBC1CJriCOssWeUIVbVpd.jpg,hi,0.0,Flop,5.6020599913279625,0
Aasmaan Se Gira,1992,"Adventure, Comedy, Romance",0,0,0,88,Children's Film Society of India,9,https://image.tmdb.org/t/p/w500/qKQYgsuJq9Km5k7Iv5UIitKR2vL.jpg,hi,0.0,Flop,5.0,0
Naach Govinda Naach,1992,Action,0,0,0,140,,8,https://image.tmdb.org/t/p/w500/mlLfvqtYqi1AyBVOsFXIPtBOgCA.jpg,hi,0.0,Flop,5.0,0
Chanchalo,1992,"Romance, Music",0,0,0,58,Achala Productions,1,https://image.tmdb.org/t/p/w500/5criYDrkkRN8Hz9o2Ka9aBUA5PY.jpg,hi,0.0,Flop,5.0,0
Khule-Aam,1992,Unknown,0,0,0,0,,4,https://image.tmdb.org/t/p/w500/xIGV0FhVWNr1pi7sa5tJjUzRSY5.jpg,hi,0.0,Flop,5.0,0
Mr. Bond,1992,Unknown,0,0,3,132,,4,https://image.tmdb.org/t/p/w500/iUlqgkLSchTCSKf7tR5vghrBW3X.jpg,hi,0.0,Flop,5.6020599913279625,0
Zulm Ki Hukumat,1992,"Action, Romance",0,0,0,162,Nadiadwala Grandson Entertainment,7,https://image.tmdb.org/t/p/w500/6Jn2IsXAORJChZPT6gEB70lGfh5.jpg,hi,0.0,Flop,5.0,0
Jaan Se Pyara,1992,Action,0,0,3,150,,5,,hi,0.0,Flop,5.6020599913279625,0
Humlaa,1992,Unknown,0,0,0,0,,5,https://image.tmdb.org/t/p/w500/psgfiYWHXThpuhhFNE1reKrBalA.jpg,hi,0.0,Flop,5.0,0
Sangeet,1992,Romance,0,0,5,144,,9,https://image.tmdb.org/t/p/w500/mgcHXTteJ1hZjem8GFSM34EP7yx.jpg,hi,0.0,Flop,5.778151250383644,0
Police Officer,1992,Action,0,0,3,157,,6,https://image.tmdb.org/t/p/w500/j91CnZnYdb192FiDU9AnTFv1YT8.jpg,hi,0.0,Flop,5.6020599913279625,0
Yeh Raat Phir Na Aayegi,1992,Horror,0,0,0,117,,10,https://image.tmdb.org/t/p/w500/cLLlukzibU33qLRV8VzQyranADj.jpg,hi,0.0,Flop,5.0,0
Insaan Bana Shaitan,1992,Horror,0,0,0,149,Radhakrishna Films,1,https://image.tmdb.org/t/p/w500/2IcVyQG8RB8TeepYYx4Y3pQiHiq.jpg,hi,0.0,Flop,5.0,0
You Can't Give Any Reason,1992,Drama,0,0,0,31,Film and Television Institute of India,1,https://image.tmdb.org/t/p/w500/regbiEvd5LYaQva8qZ3JlIo7BVF.jpg,hi,0.0,Flop,5.0,0
Sarphira,1992,"Drama, Action",0,0,0,0,,4,https://image.tmdb.org/t/p/w500/lyLwO4xq6oEAj23UQWGQQqARz7I.jpg,hi,0.0,Flop,5.0,0
Inteha Pyar Ki,1992,"Drama, Family",0,0,1,159,,4,https://image.tmdb.org/t/p/w500/6wcuewafrG12CFxVCLGfmivX08o.jpg,hi,0.0,Flop,5.301029995663981,0
In the Name of God,1992,Documentary,0,0,12,75,,9,https://image.tmdb.org/t/p/w500/sgq0VUIjQfrTYRUMKlSWmd0kfb0.jpg,hi,0.0,Flop,6.113943352306837,0
Tilak,1992,Unknown,0,0,0,0,,10,https://image.tmdb.org/t/p/w500/rNhvTB5spBawvexHjnVohU9BE7H.jpg,hi,0.0,Flop,5.0,0
Kamlabai,1992,Documentary,0,0,0,47,Museum of Modern Art,1,https://image.tmdb.org/t/p/w500/sKE44AoWGt0OT2ZsYlOs4QelOWF.jpg,hi,0.0,Flop,5.0,0
Let's Be Friends,1992,Drama,0,0,0,95,,1,https://image.tmdb.org/t/p/w500/itXEViKNWW9gxO3VmPeXn907NOb.jpg,hi,0.0,Flop,5.0,0
Paayal,1992,Unknown,0,0,0,0,,6,https://image.tmdb.org/t/p/w500/snl0PHRUqX77prxnrywl9Kfgb5S.jpg,hi,0.0,Flop,5.0,0
Current,1992,Drama,0,0,3,119,National Film Development Corporation of India,2,https://image.tmdb.org/t/p/w500/m46LUOwy97iFBPzJjvLLR2MKfLj.jpg,hi,0.0,Flop,5.6020599913279625,0
Pandit Bhimsen Joshi,1992,Unknown,0,0,0,74,,4,https://image.tmdb.org/t/p/w500/dbAnI2WGcbY9was1n9mbNBbOTle.jpg,hi,0.0,Flop,5.0,0
Geet,1992,Unknown,0,0,3,151,,11,https://image.tmdb.org/t/p/w500/5vKbDUkRJKIR3YOxUU8IeVPKaWc.jpg,hi,0.0,Flop,5.6020599913279625,0
Veg. Non-Veg,1992,Unknown,0,0,0,30,Film and Television Institute of India,3,https://image.tmdb.org/t/p/w500/gW8s0c6WbR5eEk2Ms5hxzk4DUIP.jpg,hi,0.0,Flop,5.0,0
Jaan Tere Naam,1992,"Romance, Drama",0,0,2,150,,1,https://image.tmdb.org/t/p/w500/sIgd8bSvPWjB32MVvJZFjOTM1rp.jpg,hi,0.0,Flop,5.477121254719663,0
Rajoo Dada,1992,Unknown,0,0,0,0,,2,https://image.tmdb.org/t/p/w500/3y0wDpLS6H4vDQ8HjJLHB3FyggN.jpg,hi,0.0,Flop,5.0,0
Insaaf Ki Devi,1992,Unknown,0,0,1,150,,1,https://image.tmdb.org/t/p/w500/mKQLnypUftEa9ZmsmjyQr86qDe2.jpg,hi,0.0,Flop,5.301029995663981,0
Diamonds in a Vegetable Market,1992,Unknown,0,0,0,68,,4,https://image.tmdb.org/t/p/w500/rtnhphWHIifDJCkSGlNzfwE8Rmv.jpg,hi,0.0,Flop,5.0,0
Ajeeb Dastaan Hai Yeh,1992,Unknown,0,0,0,0,,1,,hi,0.0,Flop,5.0,0
To My First Husband,1992,Unknown,0,0,0,6,Film and Television Institute of India,1,https://image.tmdb.org/t/p/w500/STnvf5Ox6sbTdnPYAXMYEU1BsO.jpg,hi,0.0,Flop,5.0,0
Dilwale Kabhi Na Hare,1992,Unknown,0,0,1,0,,1,,hi,0.0,Flop,5.301029995663981,0
Khal-Naaikaa,1993,Thriller,0,0,2,146,,8,https://image.tmdb.org/t/p/w500/vLPvtX8KuN5MojL0Wnizu5gbfDj.jpg,hi,0.0,Flop,5.477121254719663,0
Sahibaan,1993,Unknown,0,0,2,0,,7,https://image.tmdb.org/t/p/w500/4QglmGdplX7YLVc6dJ935gUDJR8.jpg,hi,0.0,Flop,5.477121254719663,0
Ashaant,1993,Unknown,0,0,4,147,,11,https://image.tmdb.org/t/p/w500/y75nGh9soehuBBmgrKtcAqbAkWY.jpg,hi,0.0,Flop,5.698970004336019,0
Hum Hain Rahi Pyar Ke,1993,"Family, Comedy, Romance, Drama",0,0,41,163,,7,https://image.tmdb.org/t/p/w500/ocEQInlignEoa8ztW7CSVSnsty3.jpg,hi,0.0,Flop,6.623249290397901,0
Anari,1993,"Family, Drama, Comedy, Romance",0,0,6,159,,5,https://image.tmdb.org/t/p/w500/agtMfnWvt6dJZtCZp2i6cQ2gFYN.jpg,hi,0.0,Flop,5.845098040014257,0
Sangram,1993,"Drama, Romance",0,0,3,156,,6,https://image.tmdb.org/t/p/w500/oZmrEJ3cc4ZN4nFf1kuoQzP6rOx.jpg,hi,0.0,Flop,5.6020599913279625,0
Baazigar,1993,"Crime, Thriller",0,0,125,181,"United Seven Combines, Venus Records & Tapes",11,https://image.tmdb.org/t/p/w500/ndQQ2bTV0JLSRxUBchE4eD3qhDb.jpg,hi,0.0,Flop,7.100370545117563,0
The Kite,1993,Drama,0,0,0,104,,1,https://image.tmdb.org/t/p/w500/rpd0ZOzfVIiJVql7K5UAxTVrf6B.jpg,hi,0.0,Flop,5.0,0
Darr,1993,"Drama, Thriller, Action, Romance",0,0,81,179,Yash Raj Films,9,https://image.tmdb.org/t/p/w500/6y601CavDK46ap8uxeoXxpArU8p.jpg,hi,0.0,Flop,6.913813852383717,0
Khal Nayak,1993,"Action, Music",0,0,31,190,Mukta Arts Ltd,8,https://image.tmdb.org/t/p/w500/f3uvAGmxMdOPmwycHE13kxTqFKc.jpg,hi,0.0,Flop,6.505149978319906,0
Damini,1993,"Drama, Crime",0,0,19,175,,4,https://image.tmdb.org/t/p/w500/qHLHZG9aVO2zg3q5k5BIjvaEAsZ.jpg,hi,0.0,Flop,6.301029995663981,0
Zakhmo Ka Hisaab,1993,Unknown,0,0,0,0,,8,https://image.tmdb.org/t/p/w500/k7yOzteOFEVl3TJRPxPNmUCr2xi.jpg,hi,0.0,Flop,5.0,0
King Uncle,1993,"Comedy, Family",0,0,26,171,Film Kraft,2,https://image.tmdb.org/t/p/w500/oJAg9UonrhG4yoJTSo70dF99Qp6.jpg,hi,0.0,Flop,6.431363764158988,0
Sainik,1993,"Action, Drama, Romance",0,0,7,137,,6,https://image.tmdb.org/t/p/w500/2mYxT6sAzHyikBzcs1YxQTeqqh3.jpg,hi,0.0,Flop,5.903089986991944,0
Maya Memsaab,1993,"Drama, Mystery, Romance",0,1400000,24,126,"Forum Films, Ketan Mehta Films, National Film Development Corporation of India",7,https://image.tmdb.org/t/p/w500/lIRLy3RGceFWQ9SMKN26ZudxvLw.jpg,hi,0.0,Flop,6.3979400086720375,1400000
Gardish,1993,Drama,0,0,6,171,"Shogun Films, Eros Worldwide",5,https://image.tmdb.org/t/p/w500/1lNyncr0NJMp7WFbfdPbkz05ZKc.jpg,hi,0.0,Flop,5.845098040014257,0
Insaniyat Ke Devta,1993,"Action, Crime, Drama, Romance",0,0,2,152,D.S. Pictures,2,https://image.tmdb.org/t/p/w500/p8RvVpX0BvJ3ACC4hVy3sWkQ5Rb.jpg,hi,0.0,Flop,5.477121254719663,0
Birjoo,1993,Unknown,0,0,0,0,,6,https://image.tmdb.org/t/p/w500/6t7gsT9kMb4ASZqogrbAYDZ9is8.jpg,hi,0.0,Flop,5.0,0
Pehla Nasha,1993,"Thriller, Romance, Drama",0,0,1,137,Ashutosh Gowariker Productions,10,https://image.tmdb.org/t/p/w500/6lO4I08MhLeQ91HnrKwCHU571TB.jpg,hi,0.0,Flop,5.301029995663981,0
Kshatriya,1993,Unknown,0,0,7,180,,3,https://image.tmdb.org/t/p/w500/hvsHfWj8dV4LgqCe6lPk2zDc6nR.jpg,hi,0.0,Flop,5.903089986991944,0
Yugandhar,1993,Action,0,0,0,141,,1,https://image.tmdb.org/t/p/w500/wcVNDpZkIhs0vMoipCLIRHxIe8A.jpg,hi,0.0,Flop,5.0,0
Chor Aur Chand,1993,"Drama, Crime, Action, Adventure, Romance",0,0,1,137,,8,https://image.tmdb.org/t/p/w500/n66fvwC773rdjwSTzaoQ3rulMd9.jpg,hi,0.0,Flop,5.301029995663981,0
Dhanwaan,1993,"Comedy, Drama, Romance",0,0,2,143,,12,https://image.tmdb.org/t/p/w500/2yTrIWebxujr8PX21RU7bigqLW9.jpg,hi,0.0,Flop,5.477121254719663,0
Aadmi Khilona Hai,1993,"Drama, Romance",0,0,2,158,,7,https://image.tmdb.org/t/p/w500/fbFZbAtTVMCB8cVDKMw9Tv2PuWl.jpg,hi,0.0,Flop,5.477121254719663,0
Aankhen,1993,"Comedy, Action, Crime, Thriller, Drama",0,0,18,170,Chiragdeep International,9,https://image.tmdb.org/t/p/w500/zuLd519jDNN4kXOd3m6IIMslXK3.jpg,hi,0.0,Flop,6.278753600952829,0
Tirangaa,1993,"Drama, Crime, Action, Thriller",0,0,13,168,,1,https://image.tmdb.org/t/p/w500/zA8lbSRKUpmCcHmD4WE8SUloTKa.jpg,hi,0.0,Flop,6.146128035678238,0
Chandra Mukhi,1993,Unknown,0,0,4,163,Karishma International,10,https://image.tmdb.org/t/p/w500/fZSDl7Szb4C6xCt4BRTUUk8xi09.jpg,hi,0.0,Flop,5.698970004336019,0
Aashik Aawara,1993,"Romance, Comedy",0,0,10,153,,5,https://image.tmdb.org/t/p/w500/j7MPUeflKbhmTY6GCF7qf5k6TEi.jpg,hi,0.0,Flop,6.041392685158225,0
Rang,1993,"Drama, Romance",0,0,3,151,ANAS Films,4,https://image.tmdb.org/t/p/w500/lJ9zrLsNoizF17o8De3pJgRRulv.jpg,hi,0.0,Flop,5.6020599913279625,0
Roop Ki Rani Choron Ka Raja,1993,"Action, Drama",0,0,13,190,,4,https://image.tmdb.org/t/p/w500/kjfNMMO7eJjWe1J1PJ9c5dkznr2.jpg,hi,0.0,Flop,6.146128035678238,0
Sardar,1993,"Drama, History",0,0,2,175,,1,https://image.tmdb.org/t/p/w500/xAheQykglK0vMBeCTGFOaMGaJtV.jpg,hi,0.0,Flop,5.477121254719663,0
Parampara,1993,"Action, Drama",0,0,8,155,,5,https://image.tmdb.org/t/p/w500/fXmOtJpndCBMx9qRYmwMTHHP7Vk.jpg,hi,0.0,Flop,5.954242509439325,0
Dil Tera Aashiq,1993,"Action, Crime, Comedy",0,0,6,145,Dashaka Films,10,https://image.tmdb.org/t/p/w500/iTk4hNCV4L7MvJ7a4riAoZhElaP.jpg,hi,0.0,Flop,5.845098040014257,0
Rudaali,1993,Drama,0,0,9,128,National Film Development Corporation of India,1,https://image.tmdb.org/t/p/w500/pXYf3GwYVU3xJlv1reKYq13QeEg.jpg,hi,0.0,Flop,6.0,0
Krishan Avtaar,1993,Action,0,0,1,180,,6,https://image.tmdb.org/t/p/w500/z4EhJOYIhGHNkdIrWpkvSRqwKu8.jpg,hi,0.0,Flop,5.301029995663981,0
Pehchaan,1993,"Action, Crime, Drama",0,0,7,136,,10,https://image.tmdb.org/t/p/w500/nS3ojNLkZerV1WAJhh6BUpqAmpo.jpg,hi,0.0,Flop,5.903089986991944,0
Shatranj,1993,"Action, Comedy, Drama, Romance",0,0,1,140,Abhishek Films,12,https://image.tmdb.org/t/p/w500/ayrgrUA4116b5pkRGyhfeKAevVR.jpg,hi,0.0,Flop,5.301029995663981,0
Bedardi,1993,Unknown,0,0,2,100,Lama Productions,11,https://image.tmdb.org/t/p/w500/aUpU1X4yYpqjzEefl4QSLluAjXC.jpg,hi,0.0,Flop,5.477121254719663,0
Gunaah,1993,"Action, Thriller",0,0,2,117,,10,https://image.tmdb.org/t/p/w500/17QHtQAmsZoKGVsD9wC58JoyNjt.jpg,hi,0.0,Flop,5.477121254719663,0
Teri Payal Mere Geet,1993,Romance,0,0,0,0,,12,https://image.tmdb.org/t/p/w500/hdCAvYzQ1aQBqRimBBJSEB6oPsw.jpg,hi,0.0,Flop,5.0,0
Bhagyawan,1993,"Action, Drama, Comedy",0,0,0,136,,12,https://image.tmdb.org/t/p/w500/xrsZyiNDjm2hL2RLCsdvndlMJmx.jpg,hi,0.0,Flop,5.0,0
Antim Nyay,1993,"Action, Crime, Drama",0,0,1,138,,7,https://image.tmdb.org/t/p/w500/tJiFLFbk5K6yCKwb3xlURShibEp.jpg,hi,0.0,Flop,5.301029995663981,0
Hum Hain Kamaal Ke,1993,Unknown,0,0,2,0,,9,https://image.tmdb.org/t/p/w500/yvc7UM7dvVWkYXQI9oOJHOtGLsx.jpg,hi,0.0,Flop,5.477121254719663,0
Shabnam,1993,Romance,0,0,0,134,,1,https://image.tmdb.org/t/p/w500/rlULIppPCVTyi3jTaFz3toWaykm.jpg,hi,0.0,Flop,5.0,0
Dalaal,1993,"Action, Drama",0,0,3,161,,1,https://image.tmdb.org/t/p/w500/6jrrGgSoGQeowMlyHYpDanBdBuF.jpg,hi,0.0,Flop,5.6020599913279625,0
15th August,1993,Drama,0,0,3,168,,9,https://image.tmdb.org/t/p/w500/A3AND4ZTZ4H2i6l8MizuzKMqx0W.jpg,hi,0.0,Flop,5.6020599913279625,0
The Melody of Love,1993,"Drama, Music",0,0,2,136,"Navketan, Sunico Productions",9,https://image.tmdb.org/t/p/w500/mYP7EqZ4cYFuTCzusVkb7waVCXX.jpg,hi,0.0,Flop,5.477121254719663,0
Zakhmi Rooh,1993,Horror,0,0,1,125,,1,https://image.tmdb.org/t/p/w500/hG8KguqbAnk244zzOpGL5K38p6w.jpg,hi,0.0,Flop,5.301029995663981,0
Shaktiman,1993,"Action, Crime, Drama",0,0,2,155,,7,https://image.tmdb.org/t/p/w500/whL3PEHrO3fOOJPaiO1D20KTiCn.jpg,hi,0.0,Flop,5.477121254719663,0
Ek Thi Maria,1993,Unknown,0,0,0,43,,1,,hi,0.0,Flop,5.0,0
Badi Bahen,1993,Unknown,0,0,0,130,,7,https://image.tmdb.org/t/p/w500/oNDfyR4IY9XkyWddbvfcfS7TCAp.jpg,hi,0.0,Flop,5.0,0
Santaan,1993,"Drama, Family",0,0,0,162,Suresh Productions,11,https://image.tmdb.org/t/p/w500/pdHFCFltPkNQuUkA7tSyB5QENER.jpg,hi,0.0,Flop,5.0,0
Prateeksha,1993,Action,0,0,0,0,,5,https://image.tmdb.org/t/p/w500/nWm6qh4DD1p3A0PfgAM1p1ra4UB.jpg,hi,0.0,Flop,5.0,0
Police Wala,1993,Unknown,0,0,0,0,,8,,hi,0.0,Flop,5.0,0
Aadmi,1993,"Action, Crime, Drama",0,0,3,153,,9,https://image.tmdb.org/t/p/w500/cDymZbTMNDu99oLKkUEicUs6T2E.jpg,hi,0.0,Flop,5.6020599913279625,0
Meherbaan,1993,"Drama, Action, Romance, Family",0,0,2,0,Tina Films International ]IN],1,https://image.tmdb.org/t/p/w500/tzAKjWOzdOmfFpWmwPpiaZEnh9x.jpg,hi,0.0,Flop,5.477121254719663,0
Dhartiputra,1993,"Action, Drama",0,0,1,173,,8,https://image.tmdb.org/t/p/w500/leYoaf8kX98SmdfijS9rbSu8sDb.jpg,hi,0.0,Flop,5.301029995663981,0
Papeeha,1993,Romance,0,0,0,150,,1,,hi,0.0,Flop,5.0,0
Sunday,1993,Comedy,0,0,1,58,Children's Film Society of India,8,https://image.tmdb.org/t/p/w500/lvOAXDZbMcZcXZDNEAk9Ejbm5LN.jpg,hi,0.0,Flop,5.301029995663981,0
Sadhna,1993,Drama,0,0,0,142,,9,https://image.tmdb.org/t/p/w500/t3gi1GY4RNXhvC9nNSNQXs5uP8r.jpg,hi,0.0,Flop,5.0,0
Game,1993,"Action, Crime, Drama",0,0,0,131,,2,,hi,0.0,Flop,5.0,0
Aaj Kie Aurat,1993,"Action, Drama",0,0,2,152,A.B.C. Films International,3,https://image.tmdb.org/t/p/w500/g1D1W2wBxGrbziqPqLPqk6HHsss.jpg,hi,0.0,Flop,5.477121254719663,0
Aasoo Bane Angaarey,1993,Action,0,0,2,151,Paramount Pictures,12,https://image.tmdb.org/t/p/w500/p5LWKfcCGUGb7siwKdWn9dB7r4Q.jpg,hi,0.0,Flop,5.477121254719663,0
I Live in Behrampada,1993,Documentary,0,0,0,46,,1,https://image.tmdb.org/t/p/w500/8hIZhMh3IjSpw2UjD1PKFhSenYX.jpg,hi,0.0,Flop,5.0,0
Balmaa,1993,Romance,0,0,0,0,,12,https://image.tmdb.org/t/p/w500/wRlAeTJRVykQlGTBtBBwy22yddc.jpg,hi,0.0,Flop,5.0,0
Kisses on a Train,1993,Romance,0,0,0,30,Channel 4 Television,1,,hi,0.0,Flop,5.0,0
Bomb Blast,1993,Unknown,0,0,0,153,,5,https://image.tmdb.org/t/p/w500/vuseSTz0t0U5mtbMn556sMPEb7k.jpg,hi,0.0,Flop,5.0,0
Shaitani Badla,1993,Horror,0,0,0,0,,1,,hi,0.0,Flop,5.0,0
Moksha,1993,Documentary,0,0,0,80,,1,https://image.tmdb.org/t/p/w500/mRd7lRkK49SafoucODqDr8WIKPP.jpg,hi,0.0,Flop,5.0,0
Jeevan Ki Shatranj,1993,Unknown,0,0,0,0,,1,,hi,0.0,Flop,5.0,0
Pratimurti,1993,Unknown,0,0,0,0,,1,,hi,0.0,Flop,5.0,0
Pyar Pyar,1993,"Action, Drama, Romance",0,0,0,0,,1,https://image.tmdb.org/t/p/w500/r3DIRhrycN1s108H98I6jLkidJT.jpg,hi,0.0,Flop,5.0,0
Batein,1993,Unknown,0,0,0,8,,1,https://image.tmdb.org/t/p/w500/wAYtjtldhQEIu8WKhbNXsU18wBN.jpg,hi,0.0,Flop,5.0,0
Colours of Absence,1993,Documentary,0,0,0,30,,6,https://image.tmdb.org/t/p/w500/xBVtezQwTUGygGdt5i5bSV4NrNJ.jpg,hi,0.0,Flop,5.0,0
Baarish,1993,Unknown,0,0,0,0,,1,,hi,0.0,Flop,5.0,0
Junglee Bahar,1993,Unknown,0,0,0,121,Sharada Film International,6,https://image.tmdb.org/t/p/w500/xyrbIkCW8EinyXdMi0nI1fnQzMz.jpg,hi,0.0,Flop,5.0,0
Kohra,1993,Unknown,0,0,0,151,,1,https://image.tmdb.org/t/p/w500/dt8qjNZFaPBWqo2atKRma1OKx9n.jpg,hi,0.0,Flop,5.0,0
Aatish,1994,"Action, Crime",0,0,10,143,,6,https://image.tmdb.org/t/p/w500/9OnAjSA79teckEFvPBLcigoccxN.jpg,hi,0.0,Flop,6.041392685158225,0
Zaalim,1994,Unknown,0,0,3,150,,12,https://image.tmdb.org/t/p/w500/ibOKfXur8wUJDuu6JE5jLZ6hYJ4.jpg,hi,0.0,Flop,5.6020599913279625,0
Dilwale,1994,"Action, Drama, Romance",0,0,14,180,Baweja Studios,1,https://image.tmdb.org/t/p/w500/oQJfbkVuRsP8RdUVRzYOzYByd4B.jpg,hi,0.0,Flop,6.176091259055681,0
Yeh Dillagi,1994,"Comedy, Drama, Romance",0,0,11,155,Yash Raj Films,5,https://image.tmdb.org/t/p/w500/7DelNAcFTGzYVqNRk28psaCytqj.jpg,hi,0.0,Flop,6.079181246047625,0
Vijaypath,1994,"Action, Drama, Romance",0,0,8,163,,7,https://image.tmdb.org/t/p/w500/tmCoPxSVbVgjWEjGCSshYMPZUmv.jpg,hi,0.0,Flop,5.954242509439325,0
Cheetah,1994,"Action, Drama",0,0,4,135,,5,https://image.tmdb.org/t/p/w500/9kGGhL61gHNesLycQecJ4CoCBZT.jpg,hi,0.0,Flop,5.698970004336019,0
Aag Aur Chingari,1994,Action,0,0,0,133,,1,https://image.tmdb.org/t/p/w500/36ILp2cMlewdRNJUOzSthHQlb4i.jpg,hi,0.0,Flop,5.0,0
Mohra,1994,"Action, Thriller",0,0,40,177,,7,https://image.tmdb.org/t/p/w500/nWAptaCNiTIJtv9cYqfF5E7qm0I.jpg,hi,0.0,Flop,6.6127838567197355,0
Betaaj Badshah,1994,"Action, Drama",0,0,1,0,,4,https://image.tmdb.org/t/p/w500/5aBFvLy7syVxLdAAy3VFyNtC9O.jpg,hi,0.0,Flop,5.301029995663981,0
Hum Aapke Hain Koun..!,1994,"Drama, Romance, Music, Family",0,81653611,119,207,Rajshri Productions,8,https://image.tmdb.org/t/p/w500/v5CutZgZgai1if2U2CPssiig7VW.jpg,hi,0.0,Flop,7.079181246047625,81653611
Anth,1994,Action,0,0,4,0,,6,https://image.tmdb.org/t/p/w500/fhoCMQC9leY8ipwkL5GYUTJzrgZ.jpg,hi,0.0,Flop,5.698970004336019,0
Laadla,1994,"Drama, Romance, Family",0,0,18,169,,3,https://image.tmdb.org/t/p/w500/19gxqTBRBYoWxypSihK0qKMphKd.jpg,hi,0.0,Flop,6.278753600952829,0
Andaz Apna Apna,1994,"Comedy, Romance, Family",0,0,237,160,Vinay Pictures,4,https://image.tmdb.org/t/p/w500/a0GV2V3yif2DbsMCSBrivvSHUWQ.jpg,hi,0.0,Flop,7.376576957056512,0
Raja Babu,1994,"Comedy, Drama, Romance",0,0,22,161,,1,https://image.tmdb.org/t/p/w500/56dEONvFlidzOxZy9c8pOOWDPmQ.jpg,hi,0.0,Flop,6.361727836017593,0
Hum Hain Bemisaal,1994,Unknown,0,0,6,160,,12,https://image.tmdb.org/t/p/w500/RWHDYqI5z4pOkXbTDeXqL29iI9.jpg,hi,0.0,Flop,5.845098040014257,0
Aranyaka,1994,Unknown,0,0,5,90,National Film Development Corporation of India,1,https://image.tmdb.org/t/p/w500/7P8CcSW5KnoSI2hPIaSSFPHWuiP.jpg,hi,0.0,Flop,5.778151250383644,0
Bandit Queen,1994,"Action, Crime, Drama, History",0,399,59,119,"Kaleidoscope Productions, Kaleidoscope Entertainment, Film4 Productions",1,https://image.tmdb.org/t/p/w500/aYJgxlxo0NZvA075d4BelEjsbJA.jpg,hi,0.0,Flop,6.778151250383644,399
Main Khiladi Tu Anari,1994,"Action, Comedy",0,0,42,175,Venus Records & Tapes,9,https://image.tmdb.org/t/p/w500/jEjbBLJOFVY0QDXSiF5vg5zWdOV.jpg,hi,0.0,Flop,6.633468455579586,0
Woh Chokri,1994,Unknown,0,0,3,150,,4,https://image.tmdb.org/t/p/w500/q80Weig0oK0ZGBZMrCQaIU1O1ck.jpg,hi,0.0,Flop,5.6020599913279625,0
Mahakaal,1994,"Horror, Action, Comedy",0,0,9,132,"Cine Films, Prerna Films, Ramsay Productions",2,https://image.tmdb.org/t/p/w500/5zOhkvuFEagEMqccughefrE2sqL.jpg,hi,0.0,Flop,6.0,0
Suhaag,1994,Unknown,0,0,14,160,,10,https://image.tmdb.org/t/p/w500/y47kzea1h3LkzBHTwMEftbiY8eX.jpg,hi,0.0,Flop,6.176091259055681,0
Kabhi Haan Kabhi Naa,1994,"Romance, Comedy, Drama",0,0,60,158,,2,https://image.tmdb.org/t/p/w500/6FtBaFCz3UFFhXyE4JHxQDn43gM.jpg,hi,0.0,Flop,6.785329835010767,0
Aag,1994,"Drama, Action, Mystery",0,0,10,151,Tina Films International ]IN],7,https://image.tmdb.org/t/p/w500/c4z6SwWjrcSM7WwP7WdaOMQRl9H.jpg,hi,0.0,Flop,6.041392685158225,0
Saajan Ka Ghar,1994,Drama,0,0,1,153,,4,https://image.tmdb.org/t/p/w500/eGhRH3y3AN6VvXaMo12KgNsbMrI.jpg,hi,0.0,Flop,5.301029995663981,0
Krantiveer,1994,"Action, Crime, Drama",0,0,13,159,NH Studioz,7,https://image.tmdb.org/t/p/w500/lfVjv2SqiqgCfo0EWwLYjpgTlVu.jpg,hi,0.0,Flop,6.146128035678238,0
Eena Meena Deeka,1994,Comedy,0,0,5,0,,8,https://image.tmdb.org/t/p/w500/Ab1XqLNBOCYNyb0jhHexEPkwNiP.jpg,hi,0.0,Flop,5.778151250383644,0
Ikke Pe Ikka,1994,Unknown,0,0,5,135,,10,https://image.tmdb.org/t/p/w500/on33GoQ6m5qtMAtqg77NzL2VDn7.jpg,hi,0.0,Flop,5.778151250383644,0
Naaraaz,1994,"Drama, Action",0,0,3,125,Vishesh Films,8,https://image.tmdb.org/t/p/w500/oQ8VXYvWwl7vkPAr0MHjZ4mdpyG.jpg,hi,0.0,Flop,5.6020599913279625,0
1942: A Love Story,1994,"Action, Drama, Romance",0,0,27,157,Vidhu Vinod Chopra Productions,4,https://image.tmdb.org/t/p/w500/nWJj37l6rIrpegYGoobLtdHOqV6.jpg,hi,0.0,Flop,6.447158031342219,0
Elaan,1994,"Drama, Action, Thriller, Crime",0,0,9,160,Tridev Arts,1,https://image.tmdb.org/t/p/w500/3ADocVh1ONoFP4uwvwML9UNqrV9.jpg,hi,0.0,Flop,6.0,0
The Cloud Door,1994,"Drama, Romance",0,0,14,29,"WDR, Ziegler Film",9,https://image.tmdb.org/t/p/w500/iOlvgAffA3q3EcBP4ymvmgChaqs.jpg,hi,0.0,Flop,6.176091259055681,0
Brahma,1994,"Drama, Action",0,0,1,0,,9,https://image.tmdb.org/t/p/w500/7HpVI8M8ATk0KLPgyVrgv71dsHU.jpg,hi,0.0,Flop,5.301029995663981,0
Amaanat,1994,"Action, Drama",0,0,3,164,Cinemakers Incorporated,9,https://image.tmdb.org/t/p/w500/8shAeTwDUQZYOxZXtcvcaSIHiep.jpg,hi,0.0,Flop,5.6020599913279625,0
Chaand Kaa Tukdaa,1994,"Action, Crime, Comedy",0,0,6,158,Saawan Kumar Productions,8,https://image.tmdb.org/t/p/w500/kIlH7J35oyoVznbJq4FpcZpLn50.jpg,hi,0.0,Flop,5.845098040014257,0
Dulaara,1994,"Mystery, Crime, Thriller",0,0,3,174,"Shivan Chitrya, Bombay",1,https://image.tmdb.org/t/p/w500/7vkT2kPYQ3aGp5tLDmkH6CqUw1C.jpg,hi,0.0,Flop,5.6020599913279625,0
The Gentleman,1994,"Action, Drama",0,0,2,0,Geetha Arts,11,https://image.tmdb.org/t/p/w500/rHv89mDoWy9SxjPwsiPausnIaqJ.jpg,hi,0.0,Flop,5.477121254719663,0
Gopi Kishan,1994,"Action, Comedy, Drama",0,0,9,163,,12,https://image.tmdb.org/t/p/w500/3God4dbnXk5hp12bvRSXGdL5peh.jpg,hi,0.0,Flop,6.0,0
Khuddar,1994,"Action, Drama",0,0,6,175,,3,https://image.tmdb.org/t/p/w500/wZJvyf34XRvOjORBx60uOTyzN5t.jpg,hi,0.0,Flop,5.845098040014257,0
Jai Maa Vaishno Devi,1994,Unknown,0,0,0,147,,9,https://image.tmdb.org/t/p/w500/z3vSAm241s8mIzLcNzv61ZiZukl.jpg,hi,0.0,Flop,5.0,0
Purush,1994,Drama,0,0,1,128,,12,https://image.tmdb.org/t/p/w500/AsXUleLD7zZVCiE44pXcBjwAHAK.jpg,hi,0.0,Flop,5.301029995663981,0
Triyacharitra,1994,Drama,0,0,3,120,National Film Development Corporation of India,1,https://image.tmdb.org/t/p/w500/n0tjIvB3HoUptDFVQ4ppYOjmhPE.jpg,hi,0.0,Flop,5.6020599913279625,0
Yaar Gaddar,1994,"Crime, Action",0,0,4,147,United Producers,11,https://image.tmdb.org/t/p/w500/teGvKXdzS1Y63jasL9XPnpzJDKN.jpg,hi,0.0,Flop,5.698970004336019,0
Drohkaal,1994,"Drama, Thriller",0,0,8,162,,8,https://image.tmdb.org/t/p/w500/kJBawKOnN2eXLHSmhm6w0G1fzm2.jpg,hi,0.0,Flop,5.954242509439325,0
Pehla Pehla Pyar,1994,"Drama, Romance, Comedy",0,0,4,152,,5,https://image.tmdb.org/t/p/w500/uIIryINnsjVFh38DI0fVTO1Szja.jpg,hi,0.0,Flop,5.698970004336019,0
In Custody,1994,"Drama, Comedy",0,0,5,126,Merchant Ivory Productions,4,https://image.tmdb.org/t/p/w500/7cWaNigVlPm8R9bwgTnWweDK8qt.jpg,hi,0.0,Flop,5.778151250383644,0
Insaniyat,1994,"Action, Crime, Drama",0,747146,4,169,Navjeevan Productions,3,https://image.tmdb.org/t/p/w500/6iw2x2isrSyCq7N19s2NlHXw06j.jpg,hi,0.0,Flop,5.698970004336019,747146
Madam X,1994,"Thriller, Crime",0,0,1,119,,1,https://image.tmdb.org/t/p/w500/wSPmYlEErj7oF49C4rEJxLMuigE.jpg,hi,0.0,Flop,5.301029995663981,0
Udhaar Ki Zindagi,1994,Drama,0,0,1,159,Asht Murti Film Combines,1,https://image.tmdb.org/t/p/w500/glGuC23xKjGFwHplgKWltLlSmd2.jpg,hi,0.0,Flop,5.301029995663981,0
Prem Shakti,1994,"Romance, Action, Drama, Fantasy",0,0,1,140,786 P.K.D. Films,2,https://image.tmdb.org/t/p/w500/1Lbu3XpyGyMfBLKUylbfFBFQQBu.jpg,hi,0.0,Flop,5.301029995663981,0
Khudai,1994,Drama,0,0,0,133,U.K. Films,1,https://image.tmdb.org/t/p/w500/sMH0yWUaHK8gZZ6Dh094WjjzLtc.jpg,hi,0.0,Flop,5.0,0
Tejasvini,1994,Unknown,0,0,2,0,,1,,hi,0.0,Flop,5.477121254719663,0
Salaami,1994,"Action, Adventure",0,0,1,0,,3,https://image.tmdb.org/t/p/w500/hrSB3IK37BkJobaky7rsBxBfAR9.jpg,hi,0.0,Flop,5.301029995663981,0
Zamane Se Kya Darna,1994,"Action, Drama, Romance",0,0,2,172,,1,https://image.tmdb.org/t/p/w500/6LC1BIA17ANl9pb3Mf4Zm71iFSJ.jpg,hi,0.0,Flop,5.477121254719663,0
Stuntman,1994,"Action, Drama, Romance",0,0,0,0,,10,https://image.tmdb.org/t/p/w500/aZL4PsobU2bn1yfoxcqhd5R33lW.jpg,hi,0.0,Flop,5.0,0
Kanoon,1994,"Action, Drama",0,0,6,152,Shiromanee Chitra,4,https://image.tmdb.org/t/p/w500/5oC38p3UxPQ867VCXRPGgf8ln8t.jpg,hi,0.0,Flop,5.845098040014257,0
Madhosh,1994,"Romance, Drama, Music, Action",0,0,2,146,T. V. Films,2,https://image.tmdb.org/t/p/w500/7PPia6kskr0yWSSEMqD2ntRWNyH.jpg,hi,0.0,Flop,5.477121254719663,0
Aao Pyaar Karen,1994,Romance,0,0,3,141,,11,https://image.tmdb.org/t/p/w500/tfTC7LWQ3dzEeSrs0TppKENRq13.jpg,hi,0.0,Flop,5.6020599913279625,0
Vaade Iraade,1994,"Drama, Family, Romance",0,0,0,0,,10,https://image.tmdb.org/t/p/w500/itUjXXCUSBGgfywTJ1v8JpTPiS0.jpg,hi,0.0,Flop,5.0,0
Kranti Kshetra,1994,"Action, Comedy, Drama",0,0,2,127,Disha Art International,8,https://image.tmdb.org/t/p/w500/kuSJTZpTNTzw2czr0rB8MPA4M36.jpg,hi,0.0,Flop,5.477121254719663,0
Aag Aandhi Aur Toofan,1994,"Action, Thriller",0,0,0,119,,12,https://image.tmdb.org/t/p/w500/y3xyQhoylU0ifAlEQwL86nPhZIG.jpg,hi,0.0,Flop,5.0,0
Professor Ki Padosan,1994,Unknown,0,0,0,138,,7,https://image.tmdb.org/t/p/w500/bjxV3dnm4eKGa81pHquF4R9p08m.jpg,hi,0.0,Flop,5.0,0
Madam,1994,"Comedy, Drama",0,0,1,146,,1,https://image.tmdb.org/t/p/w500/fvIIUOLA724q6z9XMNaBkU12x1G.jpg,hi,0.0,Flop,5.301029995663981,0
Mammo,1994,Drama,0,0,6,130,"National Film Development Corporation of India, Doordarshan",6,https://image.tmdb.org/t/p/w500/k9JSLFIpKMApwU1M0HG1xEpmvxn.jpg,hi,0.0,Flop,5.845098040014257,0
Yuhi Kabhi,1994,"Comedy, Drama",0,0,0,0,Komal Pictures,1,https://image.tmdb.org/t/p/w500/f4gdYWDPFsFdLtpnu5suyZnhIfZ.jpg,hi,0.0,Flop,5.0,0
Chauraha,1994,Unknown,0,0,4,162,Revati Productions,4,https://image.tmdb.org/t/p/w500/ffdJRegp5g9AP2YdaqNmVyBv8ud.jpg,hi,0.0,Flop,5.698970004336019,0
Karan,1994,Unknown,0,0,0,140,,10,https://image.tmdb.org/t/p/w500/edgRXXxulD5xqIul25m4QF49RsZ.jpg,hi,0.0,Flop,5.0,0
Beta Ho To Aisa,1994,Drama,0,0,0,160,,10,https://image.tmdb.org/t/p/w500/osFJ1xuKGU7bJrZiMh46BcjY2g4.jpg,hi,0.0,Flop,5.0,0
"Father, Son and Holy War",1994,Documentary,0,0,2,120,Anand Patwardhan,1,https://image.tmdb.org/t/p/w500/fJQvynlgDSzToSDJFZl9Bo9eIb2.jpg,hi,0.0,Flop,5.477121254719663,0
Prem Yog,1994,"Drama, Family",0,0,0,147,Akruti Films International,9,https://image.tmdb.org/t/p/w500/s7dsvU8Kd6HG9qH8Nfpprh7HOxO.jpg,hi,0.0,Flop,5.0,0
Aa Gale Lag Jaa,1994,Romance,0,0,4,158,,7,https://image.tmdb.org/t/p/w500/1fpJ9f4Bh5GQJufl1tFpjBbDnCk.jpg,hi,0.0,Flop,5.698970004336019,0
Gangapur Ki Geeta,1994,Unknown,0,0,0,123,,1,https://image.tmdb.org/t/p/w500/piueVHXjzx2EuhlZvWv22VLfNyF.jpg,hi,0.0,Flop,5.0,0
Janta Ki Adalat,1994,"Action, Drama, Romance",25,0,3,125,BMB Combines,7,https://image.tmdb.org/t/p/w500/vtPjiJ9GtZV5XL7FV4dCUXkA5CJ.jpg,hi,-1.0,Flop,5.6020599913279625,-25
Teesra Kaun?,1994,"Thriller, Mystery",0,0,2,156,N.N Sippy Productions,12,https://image.tmdb.org/t/p/w500/b63IiHMdDV6YasCkKxtSjcqn4kR.jpg,hi,0.0,Flop,5.477121254719663,0
Gangster,1994,"Action, Drama, Thriller",0,0,1,170,,5,https://image.tmdb.org/t/p/w500/npV1DpQi1pbhfYrcJMmX2DhQ6qT.jpg,hi,0.0,Flop,5.301029995663981,0
Ab To Aaja Saajan Mere,1994,"Drama, Romance",0,0,0,127,,1,https://image.tmdb.org/t/p/w500/l8Es40SSyE15AshdpAC3mAYuDDV.jpg,hi,0.0,Flop,5.0,0
Ekka Raja Rani,1994,Unknown,0,0,2,0,,1,https://image.tmdb.org/t/p/w500/ouUOU0Uc6ix9rqcnsHC2TuvOApm.jpg,hi,0.0,Flop,5.477121254719663,0
Air,1994,Unknown,0,0,0,59,,1,https://image.tmdb.org/t/p/w500/9s08vWWAUXhnLVPU5cHdZOh13wl.jpg,hi,0.0,Flop,5.0,0
Insaaf Apne Lahoo Se,1994,Unknown,0,0,0,140,,3,https://image.tmdb.org/t/p/w500/sK2qkUv6xpEbPlfxayiRkbmJEj8.jpg,hi,0.0,Flop,5.0,0
Hanste Khelte,1994,"Comedy, Fantasy",0,0,0,145,,1,https://image.tmdb.org/t/p/w500/2EzDV7Fuiv83JOElznt5nMn9sqR.jpg,hi,0.0,Flop,5.0,0
Zid,1994,"Drama, Romance",0,0,0,129,Prathima Films,1,https://image.tmdb.org/t/p/w500/xRovWySNGxGhmvk6Ef2o5xnsSki.jpg,hi,0.0,Flop,5.0,0
Rakhwale,1994,Unknown,0,0,1,135,,9,https://image.tmdb.org/t/p/w500/hgo4C1prxhSXgUwAMLn1zlCdBv6.jpg,hi,0.0,Flop,5.301029995663981,0
The Travelling Song,1994,Documentary,0,0,0,47,Nandan Kudhyadi Productions,6,https://image.tmdb.org/t/p/w500/obmu4e8gKz2AgeKaEoSDRjvhJt8.jpg,hi,0.0,Flop,5.0,0
Fearless: The Hunterwali Story,1994,Documentary,0,0,0,62,,2,https://image.tmdb.org/t/p/w500/dDoOKdvyUnLGtwPtN6bTvcSwi2a.jpg,hi,0.0,Flop,5.0,0
Baali Umar Ko Salaam,1994,"Romance, Comedy, Drama",0,0,0,138,,2,,hi,0.0,Flop,5.0,0
Dilbar,1994,"Drama, Romance",0,0,1,180,,6,https://image.tmdb.org/t/p/w500/z5VD1JByzdZSVldXaNRhicmy8Tc.jpg,hi,0.0,Flop,5.301029995663981,0
Pyar Ka Rog,1994,"Comedy, Drama, Romance",0,0,0,0,,3,https://image.tmdb.org/t/p/w500/dgyEWuFXcetcflQ7fPsBupTaYao.jpg,hi,0.0,Flop,5.0,0
Dilwale Dulhania Le Jayenge,1995,"Comedy, Drama, Romance",13200000,100000000,4558,190,Yash Raj Films,10,https://image.tmdb.org/t/p/w500/2CAL2433ZeIihfX1Hb2139CX0pW.jpg,hi,6.575757575757576,Hit,8.658869592201963,86800000
Mohini,1995,"Drama, Thriller",0,0,0,154,Zee Telefilms,1,https://image.tmdb.org/t/p/w500/yuGWLOPlrwpIIiGNUlKzpqS0afm.jpg,hi,0.0,Flop,5.0,0
Raghuveer,1995,Action,0,0,3,151,,5,https://image.tmdb.org/t/p/w500/4ZueA4Sbr1bo73NbTucr4N84u2q.jpg,hi,0.0,Flop,5.6020599913279625,0
Yaraana,1995,"Action, Drama, Music",0,0,4,125,,10,https://image.tmdb.org/t/p/w500/sVlereCkAGox3dxo4NZdun0QNGa.jpg,hi,0.0,Flop,5.698970004336019,0
Veer,1995,Action,0,0,0,0,,9,https://image.tmdb.org/t/p/w500/7E2ljyChT9SEW2YPSIj6uDEZevn.jpg,hi,0.0,Flop,5.0,0
Incomplete,1995,Unknown,0,0,0,90,,10,https://image.tmdb.org/t/p/w500/nQ1qepqdoPj0YNcbAxSMQM7SMJR.jpg,hi,0.0,Flop,5.0,0
Teenmoti,1995,Action,0,0,0,137,,3,,hi,0.0,Flop,5.0,0
Gunehgar,1995,"Action, Thriller",0,0,0,145,,1,https://image.tmdb.org/t/p/w500/toTPTisRalSxV1KX2MRBqsJP4n2.jpg,hi,0.0,Flop,5.0,0
Fauji,1995,Unknown,0,0,0,0,,10,https://image.tmdb.org/t/p/w500/otYJL1su9ZKyQrbdVlp9QVp0nft.jpg,hi,0.0,Flop,5.0,0
Aatank Hi Aatank,1995,"Action, Crime, Drama",0,0,6,155,,8,https://image.tmdb.org/t/p/w500/k4ir7dOqBUQvxyG66MaJOwBPRia.jpg,hi,0.0,Flop,5.845098040014257,0
Karan Arjun,1995,"Action, Thriller",1850000,16540000,113,175,Film Kraft,1,https://image.tmdb.org/t/p/w500/uYhjsC9gCKhxiG2enkCJgdLOXjB.jpg,hi,7.940540540540541,Hit,7.056904851336473,14690000
Raja,1995,"Action, Romance",0,0,11,168,,6,https://image.tmdb.org/t/p/w500/1UDwr2CnaVRKKJ6UZh4jRbTVV2f.jpg,hi,0.0,Flop,6.079181246047625,0
Rangeela,1995,"Drama, Romance",2800000,14000000,66,175,"Jhamu Sughand Productions, Varma Creations",9,https://image.tmdb.org/t/p/w500/tUGVpmgWhsg9rZCDNSUW7MJWSKf.jpg,hi,4.0,Hit,6.826074802700827,11200000
Barsaat,1995,"Romance, Action",0,0,17,165,,9,https://image.tmdb.org/t/p/w500/JFSE2glCPewOeXZajuIIDZFs0R.jpg,hi,0.0,Flop,6.2552725051033065,0
Ram Jaane,1995,"Action, Crime",520000,2100000,34,172,"United Producers, Eagle Films",11,https://image.tmdb.org/t/p/w500/3xBLu6PZK6XeyUdRGlHOkONALlr.jpg,hi,3.0384615384615383,Hit,6.544068044350276,1580000
Naajayaz,1995,"Action, Drama",0,0,7,157,NH Studioz,3,https://image.tmdb.org/t/p/w500/y8ZaU9BLwx6KTZsbEU4yrs1sp8D.jpg,hi,0.0,Flop,5.903089986991944,0
Oh Darling! Yeh Hai India!,1995,Comedy,0,0,16,153,Ketan Mehta Films,8,https://image.tmdb.org/t/p/w500/ucnBBenE8HzcqbEz21Hu097BRel.jpg,hi,0.0,Flop,6.230448921378274,0
Akele Hum Akele Tum,1995,Drama,0,0,41,160,,11,https://image.tmdb.org/t/p/w500/xpCbEiAstlOOIhjbQhQrTHF4ZEg.jpg,hi,0.0,Flop,6.623249290397901,0
Sabse Bada Khiladi,1995,"Action, Crime",0,0,14,162,,6,https://image.tmdb.org/t/p/w500/ipqId5OPEMrZYsPxB6tloW9n1Cp.jpg,hi,0.0,Flop,6.176091259055681,0
Faisla Main Karungi,1995,Unknown,0,0,1,0,,4,,hi,0.0,Flop,5.301029995663981,0
Dushmani: A Violent Love Story,1995,"Action, Romance",0,0,4,156,Cineyugg Entertainment Pvt. Ltd.,4,https://image.tmdb.org/t/p/w500/egY19XE29HaDhCz56DWLEC9TrDh.jpg,hi,0.0,Flop,5.698970004336019,0
Taqdeerwala,1995,"Comedy, Fantasy, Action",0,0,9,162,Suresh Productions,5,https://image.tmdb.org/t/p/w500/jLqgvXVXvRtSHHkCf89tyMJCvcr.jpg,hi,0.0,Flop,6.0,0
Trimurti,1995,"Action, Drama",6800000,9600000,19,187,Mukta Arts Ltd,12,https://image.tmdb.org/t/p/w500/o6Pmeu0tcw3YKNHLdYw7IrNNdNq.jpg,hi,0.4117647058823529,Average,6.301029995663981,2800000
Andolan,1995,"Drama, Action, Comedy",0,0,4,158,Nadiadwala Grandson Entertainment,2,https://image.tmdb.org/t/p/w500/27K4ztdUoGYlCwJxflH9MoOHksJ.jpg,hi,0.0,Flop,5.698970004336019,0
Veergati,1995,Action,0,0,8,165,,9,https://image.tmdb.org/t/p/w500/xYAS6hnxZvqUpkHoDX0FbbLnp78.jpg,hi,0.0,Flop,5.954242509439325,0
Criminal,1995,"Action, Thriller, Crime, Drama",0,0,1,142,BBC,7,https://image.tmdb.org/t/p/w500/779qAl0ZTxaayuZRFzGWH4BvAz0.jpg,hi,0.0,Flop,5.301029995663981,0
Coolie No. 1,1995,"Comedy, Romance",0,0,32,143,Pooja Entertainment,6,https://image.tmdb.org/t/p/w500/pxdbdWA6EQb15YIEhRVt5iIdStA.jpg,hi,0.0,Flop,6.518513939877888,0
Baazi,1995,"Crime, Drama, Action",0,0,17,183,Ashutosh Gowariker Productions,4,https://image.tmdb.org/t/p/w500/ovZzl24CtM4UevTLHMyJO9svRXB.jpg,hi,0.0,Flop,6.2552725051033065,0
Dil Ka Doctor,1995,Comedy,0,0,0,130,,1,https://image.tmdb.org/t/p/w500/g7AeeGrky6qlkgxUx3ig3uSobTQ.jpg,hi,0.0,Flop,5.0,0
Kartavya,1995,"Action, Drama, Thriller",0,0,6,158,,7,https://image.tmdb.org/t/p/w500/qE8RGe7ePoTu16eqIp3HDJfXHFy.jpg,hi,0.0,Flop,5.845098040014257,0
Surakshaa,1995,"Action, Crime, Romance, Drama",0,0,6,148,,3,https://image.tmdb.org/t/p/w500/9puL8sENgGFxyWPlkTd52JfoKXO.jpg,hi,0.0,Flop,5.845098040014257,0
Maidan-E-Jung,1995,"Action, Drama",0,0,4,150,,4,https://image.tmdb.org/t/p/w500/i0kecYaFA4Rg9WfXriM4sj69kns.jpg,hi,0.0,Flop,5.698970004336019,0
Gundaraj,1995,Unknown,0,0,5,140,,9,https://image.tmdb.org/t/p/w500/cAabJw7YaeMMSxoFGG18iQRAGT5.jpg,hi,0.0,Flop,5.778151250383644,0
Hulchul,1995,"Action, Romance, Comedy",0,82436,8,147,,1,https://image.tmdb.org/t/p/w500/4f5DquBzVQ1SYwRSeoGtZAqpMnm.jpg,hi,0.0,Flop,5.954242509439325,82436
Zamaana Deewana,1995,"Drama, Romance",560000,650000,15,180,Sippy Films,7,https://image.tmdb.org/t/p/w500/iYAfxnzVM604D4kuqziemoGtHnq.jpg,hi,0.16071428571428573,Average,6.204119982655925,90000
Takkar,1995,"Action, Crime, Drama, Romance, Thriller",0,0,4,147,Meenakshi Pictures,7,https://image.tmdb.org/t/p/w500/scNemWlZy9CURQ5K7TfxKDa5oOW.jpg,hi,0.0,Flop,5.698970004336019,0
Guddu,1995,"Romance, Drama",280000,0,4,160,Veetrag Film Legends,8,https://image.tmdb.org/t/p/w500/9oKsXKeBV1xmZ8QF68JuKhpcOmt.jpg,hi,-1.0,Flop,5.698970004336019,-280000
Ahankaar,1995,Drama,0,0,2,145,,8,https://image.tmdb.org/t/p/w500/55pGbv3DsTjQaWGKLr1DSieYMKD.jpg,hi,0.0,Flop,5.477121254719663,0
The Don,1995,"Action, Drama",0,0,1,135,,4,https://image.tmdb.org/t/p/w500/iZGAjnPWvEKHAa3IrdED3ZAaXB7.jpg,hi,0.0,Flop,5.301029995663981,0
Sanam Harjai,1995,"Drama, Romance",0,0,1,0,,8,https://image.tmdb.org/t/p/w500/3k4ZOyOGJSqNXr6Avh3mWYNjiuk.jpg,hi,0.0,Flop,5.301029995663981,0
Gambler,1995,"Action, Comedy, Comedy",0,0,6,163,,10,https://image.tmdb.org/t/p/w500/3ck7uzaOKgIxqFr7KLbijkukXsm.jpg,hi,0.0,Flop,5.845098040014257,0
Janam Kundli,1995,"Action, Drama",0,0,3,157,,5,https://image.tmdb.org/t/p/w500/y0l1DU8HZLE1wugho5ZwQIJSe5J.jpg,hi,0.0,Flop,5.6020599913279625,0
Taaqat,1995,Unknown,0,0,2,0,,6,https://image.tmdb.org/t/p/w500/yPfY8BnhUQ5wk2ZFhaxJJnCdQsa.jpg,hi,0.0,Flop,5.477121254719663,0
Saajan Ki Baahon Mein,1995,"Drama, Family, Romance",0,0,5,143,,7,https://image.tmdb.org/t/p/w500/uuzdqh73VSkQmDGjM2C2KgRrozf.jpg,hi,0.0,Flop,5.778151250383644,0
Milan,1995,"Action, Crime, Romance",0,0,0,123,Prince & Prince Movies,9,https://image.tmdb.org/t/p/w500/p9jxudQ9fiQm8icrvj8rxXEjNXP.jpg,hi,0.0,Flop,5.0,0
Naseem,1995,Drama,0,0,7,85,"National Film Development Corporation of India, Doordarshan",10,https://image.tmdb.org/t/p/w500/pJrlH57I19TBzRb8WhFZ7I7159i.jpg,hi,0.0,Flop,5.903089986991944,0
Haathkadi,1995,"Action, Comedy",0,0,3,155,Prasad Art Productions,3,https://image.tmdb.org/t/p/w500/aaci34TdUYy1QU2lfHNfKaasEQp.jpg,hi,0.0,Flop,5.6020599913279625,0
Jai Vikraanta,1995,Action,0,0,5,186,,3,https://image.tmdb.org/t/p/w500/aYob3iNeSt9vjpIYWjlEhrYhrmB.jpg,hi,0.0,Flop,5.778151250383644,0
Ram Shastra,1995,Unknown,0,0,1,0,,11,https://image.tmdb.org/t/p/w500/tWSe2NyTNoE5f4bXe9ceAuB3Drk.jpg,hi,0.0,Flop,5.301029995663981,0
Zakhmi Sipahi,1995,Action,0,0,0,150,,5,https://image.tmdb.org/t/p/w500/8NPqvAg7L1HiDEME3FtgglhmBGa.jpg,hi,0.0,Flop,5.0,0
Ravan Raaj: A True Story,1995,"Action, Crime, Mystery, Thriller",0,0,3,153,,6,https://image.tmdb.org/t/p/w500/j0d1O48BMqqzdHW5Zad79scLvOy.jpg,hi,0.0,Flop,5.6020599913279625,0
Ab Insaf Hoga,1995,"Action, Drama",20,0,1,125,,1,https://image.tmdb.org/t/p/w500/bCrFAz4SioKAquc97QYldqwJaX9.jpg,hi,-1.0,Flop,5.301029995663981,-20
Nazar Ke Samne,1995,Unknown,0,0,5,134,,6,https://image.tmdb.org/t/p/w500/kLwEdi49tBdd8VotEmby2j5nR1C.jpg,hi,0.0,Flop,5.778151250383644,0
Jallaad,1995,"Action, Drama",0,0,3,161,Aabha films,9,https://image.tmdb.org/t/p/w500/iN3OBL9DyfMP3gLmbaXZGlMR8qu.jpg,hi,0.0,Flop,5.6020599913279625,0
Anokha Andaaz,1995,Romance,0,0,0,147,,5,https://image.tmdb.org/t/p/w500/v5qxZzeUiq6XUuF9MBr8YJgZpR9.jpg,hi,0.0,Flop,5.0,0
Kismat,1995,"Action, Family, Drama",0,0,0,149,"Ultra Media & Entertainment [IN], Eastern Film Corporation",5,https://image.tmdb.org/t/p/w500/w4MfNzIMlQgiHoSe4tGuVf7at91.jpg,hi,0.0,Flop,5.0,0
Angrakshak,1995,Unknown,0,0,1,116,,11,https://image.tmdb.org/t/p/w500/ejzvjyWCKQve5WPi80hkwLIP0ON.jpg,hi,0.0,Flop,5.301029995663981,0
Angaara,1996,"Action, Crime, Drama",0,0,0,127,,3,https://image.tmdb.org/t/p/w500/iaMRRe00204ESnADtXDqnb9PpVo.jpg,hi,0.0,Flop,5.0,0
Jurmana,1996,"Action, Drama",0,0,1,135,,1,https://image.tmdb.org/t/p/w500/9QhoNPCHALmU2YKI3JCw7qlDbod.jpg,hi,0.0,Flop,5.301029995663981,0
Aatank,1996,"Thriller, Horror",0,0,3,113,Bemisal Films Pvt. Ltd.,7,https://image.tmdb.org/t/p/w500/95bV5v2h5WkvwQZj1o6OVrowQve.jpg,hi,0.0,Flop,5.6020599913279625,0
Krishna,1996,"Action, Drama, Romance",0,0,7,0,,8,https://image.tmdb.org/t/p/w500/eA0JVURiAcNY0uZofTuMFwzi1I0.jpg,hi,0.0,Flop,5.903089986991944,0
Khiladiyon Ka Khiladi,1996,"Action, Crime, Thriller",0,0,18,162,,6,https://image.tmdb.org/t/p/w500/aJdqZqyDgByRhrQE312iF5GAIvs.jpg,hi,0.0,Flop,6.278753600952829,0
Mafia,1996,Action,0,0,0,0,,5,https://image.tmdb.org/t/p/w500/e5rrCsz8GFMBIHfbfWF9RAf4o2A.jpg,hi,0.0,Flop,5.0,0
Dil Tera Diwana,1996,Unknown,0,0,2,0,,1,https://image.tmdb.org/t/p/w500/w1MpE6muPPVLa65KUgRcAONYs0a.jpg,hi,0.0,Flop,5.477121254719663,0
Namak,1996,Unknown,0,0,2,0,,12,https://image.tmdb.org/t/p/w500/o4UtcwYMd7hciPznUVxr9yXbtkZ.jpg,hi,0.0,Flop,5.477121254719663,0
Hypnothesis,1996,"Comedy, Crime",0,0,0,24,Film and Television Institute of India,1,https://image.tmdb.org/t/p/w500/ioXV133ZguAWYbOLrIlUpMqk4rE.jpg,hi,0.0,Flop,5.0,0
Daraar,1996,"Thriller, Drama, Romance",4,0,4,145,"Shree Shiv Bhakti Films, Venus Records & Tapes",7,https://image.tmdb.org/t/p/w500/7ttjN1dlJHS9Eb5GlafJ3RAj0Nb.jpg,hi,-1.0,Flop,5.698970004336019,-4
Jung,1996,"Drama, Action, Crime",0,0,2,125,,4,https://image.tmdb.org/t/p/w500/c7zr5n3neNFjBLDen97gb3M4UCk.jpg,hi,0.0,Flop,5.477121254719663,0
Masoom,1996,Unknown,0,0,3,0,,8,https://image.tmdb.org/t/p/w500/v5ifOT5Whqkz5yAuNxti17HcPm9.jpg,hi,0.0,Flop,5.6020599913279625,0
Chaahat,1996,"Drama, Romance",3000000,7100000,24,155,Bhatt Productions,6,https://image.tmdb.org/t/p/w500/cn3gL1s7ZshDUTjcZ0W4JCyBBc6.jpg,hi,1.3666666666666667,Hit,6.3979400086720375,4100000
Ek Tha Raja,1996,Unknown,0,0,2,157,,1,https://image.tmdb.org/t/p/w500/lCQddeuBl0FMjxo8AGUEW3AIBKa.jpg,hi,0.0,Flop,5.477121254719663,0
Diljale,1996,"Action, Drama, Romance",0,0,11,160,,9,https://image.tmdb.org/t/p/w500/1D5yt3beDErVMl6rqccg4qsJfOc.jpg,hi,0.0,Flop,6.079181246047625,0
Jaan,1996,"Action, Romance",0,0,7,170,,5,https://image.tmdb.org/t/p/w500/lY9tT1ecSzrhdfed84l2Wnwf8WK.jpg,hi,0.0,Flop,5.903089986991944,0
Ghatak,1996,"Action, Drama",0,0,15,158,Santoshi Productions,11,https://image.tmdb.org/t/p/w500/iuoKFDCV58P5GCqlNTi9S2X2Q3C.jpg,hi,0.0,Flop,6.204119982655925,0
Raja Hindustani,1996,"Drama, Romance",0,0,67,177,Cineyugg Entertainment Pvt. Ltd.,11,https://image.tmdb.org/t/p/w500/m4Uy3dHYmnYgvZ0U2xK5alazBFR.jpg,hi,0.0,Flop,6.832508912706237,0
Maachis,1996,"Action, Crime, Thriller, Music",0,0,8,160,,10,https://image.tmdb.org/t/p/w500/1gDubagNmgdSY98PMzU7PbAGUrJ.jpg,hi,0.0,Flop,5.954242509439325,0
Loafer,1996,"Romance, Action, Comedy",0,0,6,160,,6,https://image.tmdb.org/t/p/w500/C9PWC4xMNYgWfGRXG8veM8dBzZ.jpg,hi,0.0,Flop,5.845098040014257,0
English Babu Desi Mem,1996,Romance,20000000,39000000,18,172,Daasa Movies,1,https://image.tmdb.org/t/p/w500/fHC3Ah2uoPunQKQB0EHxHJ8d98l.jpg,hi,0.95,Average,6.278753600952829,19000000
Ajay,1996,Unknown,0,0,3,0,,12,https://image.tmdb.org/t/p/w500/cjzlBGHeaak2IjDRWRh8ZqwzkGC.jpg,hi,0.0,Flop,5.6020599913279625,0
Army,1996,"Action, Drama",0,1600000,11,169,Neha Mad Combines,6,https://image.tmdb.org/t/p/w500/wujllj1QzLAxV7tbcTGWZT72blL.jpg,hi,0.0,Flop,6.079181246047625,1600000
Jeet,1996,"Action, Romance",0,0,22,170,Nadiadwala Grandson Entertainment,8,https://image.tmdb.org/t/p/w500/rc16sRaw8S4EnXZFcwywdks97LG.jpg,hi,0.0,Flop,6.361727836017593,0
Prem Granth,1996,Romance,0,0,5,156,R.K. Films,5,https://image.tmdb.org/t/p/w500/gxlrfUm9BQIBHby6oudOIBQN2mz.jpg,hi,0.0,Flop,5.778151250383644,0
Bambai Ka Babu,1996,Unknown,0,0,3,0,,1,https://image.tmdb.org/t/p/w500/mFqaMAOy3nNY9YlifyCQbTrUqqS.jpg,hi,0.0,Flop,5.6020599913279625,0
Mr. Bechara,1996,Unknown,0,0,4,140,,8,https://image.tmdb.org/t/p/w500/sldMFon3HsvEPofH5UArFm2pEne.jpg,hi,0.0,Flop,5.698970004336019,0
Dastak,1996,"Romance, Drama",0,0,3,141,Vishesh Films,11,https://image.tmdb.org/t/p/w500/3Nw9EqyRiZ8p2fpbNjFdpU3LIBx.jpg,hi,0.0,Flop,5.6020599913279625,0
Sapoot,1996,"Action, Crime",0,0,11,0,,11,https://image.tmdb.org/t/p/w500/8ray62qezaV4G5sdMrGBR93l5i1.jpg,hi,0.0,Flop,6.079181246047625,0
Shastra,1996,"Action, Comedy, Drama",0,0,2,144,Nariman Films,10,https://image.tmdb.org/t/p/w500/rk4it1cE8Ra7Yz2hiywXRDpcKuS.jpg,hi,0.0,Flop,5.477121254719663,0
Khamoshi: The Musical,1996,"Drama, Romance",0,0,22,159,,8,https://image.tmdb.org/t/p/w500/lhOkmrXgbk3U8vZkd5bkynmvdyT.jpg,hi,0.0,Flop,6.361727836017593,0
Saajan Chale Sasural,1996,"Comedy, Romance",0,0,11,134,,4,https://image.tmdb.org/t/p/w500/hv9ro0IWbhqyTkSLxGU4aaQBamK.jpg,hi,0.0,Flop,6.079181246047625,0
Sardari Begum,1996,"Drama, Music",0,0,3,117,A Plus Films,5,https://image.tmdb.org/t/p/w500/gIcwC1M4bKaWbUgH2MNt2zT9m2Y.jpg,hi,0.0,Flop,5.6020599913279625,0
Papi Gudia,1996,"Thriller, Horror",0,0,5,130,Aum Films,2,https://image.tmdb.org/t/p/w500/hruTqYdxFqwinQR7PBHOX2gDBTA.jpg,hi,0.0,Flop,5.778151250383644,0
Majhdhaar,1996,Romance,0,0,1,140,,3,https://image.tmdb.org/t/p/w500/g8yKMXsnmCPs3CWSE4vBYYmLIbn.jpg,hi,0.0,Flop,5.301029995663981,0
Tu Chor Main Sipahi,1996,"Action, Comedy",0,0,16,153,,5,https://image.tmdb.org/t/p/w500/cmRoqW06eqgjSLiAuxgD3sVscJK.jpg,hi,0.0,Flop,6.230448921378274,0
Agni Sakshi,1996,"Drama, Thriller",0,0,8,142,,3,https://image.tmdb.org/t/p/w500/ylH8UvFRzapsmbgtdkwoFHiPmoj.jpg,hi,0.0,Flop,5.954242509439325,0
Rakshak,1996,"Action, Thriller",0,0,5,120,Ashok Kumar Productions,11,https://image.tmdb.org/t/p/w500/tdkunwE0Q2yU5mVCHkttklbSpbk.jpg,hi,0.0,Flop,5.778151250383644,0
Daanveer,1996,"Action, Drama, Crime",0,0,2,140,Trishakti Films,9,https://image.tmdb.org/t/p/w500/a5wjH2rUvxgefIbrawbcWlVW4LV.jpg,hi,0.0,Flop,5.477121254719663,0
Beqabu,1996,"Action, Drama",0,0,3,0,,10,https://image.tmdb.org/t/p/w500/dTcaBv83Onoftj9tJrFvgXCuk4L.jpg,hi,0.0,Flop,5.6020599913279625,0
Is Raat Ki Subah Nahin,1996,Thriller,0,0,5,135,,6,https://image.tmdb.org/t/p/w500/v6U2HcbXj2DMcIv8MjwS6YdjVhp.jpg,hi,0.0,Flop,5.778151250383644,0
Chhote Sarkar,1996,Romance,0,0,3,147,,11,https://image.tmdb.org/t/p/w500/zlJTfskac9IDwitCtoGyLOyNGxd.jpg,hi,0.0,Flop,5.6020599913279625,0
Chakrachaal,1996,"Action, Drama",0,0,0,140,Kamaksha Films,1,https://image.tmdb.org/t/p/w500/nqlJ9ztEvPhWFfeAr6kGITbm2kF.jpg,hi,0.0,Flop,5.0,0
Fareb,1996,Thriller,0,0,2,0,,6,https://image.tmdb.org/t/p/w500/iZsjnKgs3vwrYSK6hSOGXEYED5L.jpg,hi,0.0,Flop,5.477121254719663,0
Tere Mere Sapne,1996,"Action, Comedy, Romance",0,0,4,146,Amitabh Bachchan Corporation Limited,6,https://image.tmdb.org/t/p/w500/rwTk5jN5BotQnMIt4CgPQvfNiND.jpg,hi,0.0,Flop,5.698970004336019,0
Rajkumar,1996,Unknown,0,0,3,0,,3,https://image.tmdb.org/t/p/w500/jVIASGr6CqdGxooo5K1i8Hkw8AV.jpg,hi,0.0,Flop,5.6020599913279625,0
Smuggler,1996,Unknown,0,0,2,0,,1,https://image.tmdb.org/t/p/w500/zrhmn7AuhxXBkuNmxLusb3sNo9S.jpg,hi,0.0,Flop,5.477121254719663,0
Apne Dam Par,1996,"Action, Drama",0,0,1,155,,1,https://image.tmdb.org/t/p/w500/1bA6T1hR2faSY5qH5T6a0vY4kxF.jpg,hi,0.0,Flop,5.301029995663981,0
Halo,1996,"Drama, Family",0,0,2,92,Children's Film Society of India,2,,hi,0.0,Flop,5.477121254719663,0
Zordaar,1996,"Action, Romance",0,0,0,0,,10,https://image.tmdb.org/t/p/w500/yjAiS3xVq7d47orFiW6U1ibNuYq.jpg,hi,0.0,Flop,5.0,0
Nirbhay,1996,"Action, Thriller",0,0,0,135,,2,https://image.tmdb.org/t/p/w500/8O5EwnJu515rSWUnyj6PkaSEHYx.jpg,hi,0.0,Flop,5.0,0
Bal Bramhachari,1996,"Action, Drama",0,0,3,163,,9,https://image.tmdb.org/t/p/w500/ykR8oqrWDjTiuZig00Zp1YxywbB.jpg,hi,0.0,Flop,5.6020599913279625,0
Bandish,1996,"Romance, Thriller",0,0,1,141,,2,https://image.tmdb.org/t/p/w500/biSfmPC2QIP65rd3EOLr6dvBVex.jpg,hi,0.0,Flop,5.301029995663981,0
Sanshodhan,1996,Drama,0,0,1,165,"National Film Development Corporation of India, United Nations Children's Fund (UNICEF)",1,https://image.tmdb.org/t/p/w500/hNL98qnfRFOzYEjXLtUb6klExhE.jpg,hi,0.0,Flop,5.301029995663981,0
Khoon Ki Pyasi,1996,Horror,0,0,0,117,Singh & Co.,1,https://image.tmdb.org/t/p/w500/mTL4sbufKOFJiFIwGXhRGEmgHz1.jpg,hi,0.0,Flop,5.0,0
The Square Circle,1996,"Drama, Music, Romance",0,0,3,107,Gateway Entertainment,9,https://image.tmdb.org/t/p/w500/o0x5l4P79pecCOiFX84xHw8uPgW.jpg,hi,0.0,Flop,5.6020599913279625,0
Aur Ek Prem Kahani,1996,"Romance, Drama",0,0,0,101,Plus Films,6,https://image.tmdb.org/t/p/w500/8GA9MT53VMGZViB9N3dw7F8QgHZ.jpg,hi,0.0,Flop,5.0,0
Return of Jewel Thief,1996,Thriller,0,0,1,163,,11,https://image.tmdb.org/t/p/w500/e7st75Al5DU21xzXb6EakfM68BV.jpg,hi,0.0,Flop,5.301029995663981,0
Papa Kahte Hain,1996,Unknown,0,0,0,0,,5,https://image.tmdb.org/t/p/w500/D3umfo94miF3Bj2mbrcpb7pfdv.jpg,hi,0.0,Flop,5.0,0
Bhairavi,1996,"Drama, Romance",0,0,0,145,,5,https://image.tmdb.org/t/p/w500/82HEN8KmRjtNBdjPV8AJ5mghKsz.jpg,hi,0.0,Flop,5.0,0
Himmat,1996,Action,0,0,2,171,,1,https://image.tmdb.org/t/p/w500/sUfjkkw8rYjWmeRAtd3NaLv9tSN.jpg,hi,0.0,Flop,5.477121254719663,0
Bhishma,1996,"Action, Thriller",3,0,2,125,R.A.R Movies,7,https://image.tmdb.org/t/p/w500/53FOIfuMj0Y4GMmCjEk9TygQPIS.jpg,hi,-1.0,Flop,5.477121254719663,-3
Hasina Aur Nagina,1996,Horror,0,0,0,123,,1,https://image.tmdb.org/t/p/w500/27tbWJ1C8lgBdAanISI7MoEug4x.jpg,hi,0.0,Flop,5.0,0
Muqaddar,1996,Crime,0,0,0,0,,7,https://image.tmdb.org/t/p/w500/oh3fLrM9DtrzGQiqcTtsjrt0z9x.jpg,hi,0.0,Flop,5.0,0
Laalchee,1996,Unknown,0,0,0,150,,1,,hi,0.0,Flop,5.0,0
Kasak,1996,"Drama, Thriller",0,0,0,119,Pashupati Films,1,https://image.tmdb.org/t/p/w500/dpDtNUD7xrcS969z4AbJbyX24ST.jpg,hi,0.0,Flop,5.0,0
A Mermaid Called Aida,1996,Documentary,0,0,0,52,,1,https://image.tmdb.org/t/p/w500/hVHe5yyYgRJNGmcyX0W8GepuDov.jpg,hi,0.0,Flop,5.0,0
Sautela Bhai,1996,Unknown,0,0,0,0,,6,https://image.tmdb.org/t/p/w500/u6kNfn9e0oX8nXMkYhYWGgx8ID3.jpg,hi,0.0,Flop,5.0,0
Aisi Bhi Kya Jaldi Hai,1996,"Comedy, Romance",0,0,0,132,,5,https://image.tmdb.org/t/p/w500/58gnTt07T7UvOsUzzE6vStFPfd5.jpg,hi,0.0,Flop,5.0,0
Ram Aur Shyam,1996,Unknown,0,0,1,0,,12,,hi,0.0,Flop,5.301029995663981,0
Jai Dhakshineshwari Kali Maa,1996,Unknown,34166,0,0,140,,6,https://image.tmdb.org/t/p/w500/yJPcTXYvv63RcAHpbcojdSW5YTw.jpg,hi,-1.0,Flop,5.0,-34166
Jagannath,1996,Unknown,0,0,0,0,,1,,hi,0.0,Flop,5.0,0
Hum Hain Premi,1996,Unknown,0,0,0,0,,9,,hi,0.0,Flop,5.0,0
Aflatoon,1997,"Crime, Action, Drama",0,0,10,153,Tridev Arts,12,https://image.tmdb.org/t/p/w500/33ibzMirUrCoG859TSz3gVhQVEO.jpg,hi,0.0,Flop,6.041392685158225,0
Mahaanta,1997,"Drama, Action, Crime",0,0,3,181,"Ayub Khan Entertainment Company, Ayesha Films",5,https://image.tmdb.org/t/p/w500/n627EWUd00AgdQnsYodFErRSinW.jpg,hi,0.0,Flop,5.6020599913279625,0
Gundagardi,1997,Unknown,0,0,0,0,,6,https://image.tmdb.org/t/p/w500/xSorbtSufoFauRkpyPhueTHLG5i.jpg,hi,0.0,Flop,5.0,0
Prithvi,1997,"Action, Mystery, Thriller",0,0,4,136,Neha Arts,8,https://image.tmdb.org/t/p/w500/7CWUQuEp8ywd2sooKxO33R3Ghrs.jpg,hi,0.0,Flop,5.698970004336019,0
Kaalia,1997,Unknown,0,0,3,0,,2,https://image.tmdb.org/t/p/w500/1dPnXVLmZ9Ee7p72sx8tIqzpau.jpg,hi,0.0,Flop,5.6020599913279625,0
Dil To Pagal Hai,1997,"Drama, Romance, Comedy",1300000,11000000,183,179,Yash Raj Films,10,https://image.tmdb.org/t/p/w500/HKUrZZbXnwCM4129fPlgHEg0eG.jpg,hi,7.461538461538462,Hit,7.264817823009537,9700000
Hero No. 1,1997,"Drama, Comedy, Romance",0,0,32,134,Pooja Entertainment,2,https://image.tmdb.org/t/p/w500/ruKS1nf9EfMuAIEQZqj2N2aCySW.jpg,hi,0.0,Flop,6.518513939877888,0
Koyla,1997,Action,0,0,69,170,Film Kraft,4,https://image.tmdb.org/t/p/w500/rP12AzvscPo6WfKdrkw1Nfv2KrK.jpg,hi,0.0,Flop,6.845098040014257,0
Jodidar,1997,Unknown,0,0,1,157,,3,https://image.tmdb.org/t/p/w500/nah4pzeSofS5ULYgyePeM1Ayqdi.jpg,hi,0.0,Flop,5.301029995663981,0
Border,1997,"History, Action, War, Drama",700000,37000000,77,176,J.P. Films,6,https://image.tmdb.org/t/p/w500/vYih9kPSCh6CrJsZFWugXOY0ySj.jpg,hi,51.857142857142854,Hit,6.892094602690481,36300000
Daud,1997,"Action, Adventure",0,0,11,180,"RGV Film Factory, Jhamu Sughand Productions",8,https://image.tmdb.org/t/p/w500/1ssiQGO414xFBmelUoNWX6lTZl0.jpg,hi,0.0,Flop,6.079181246047625,0
Pardes,1997,"Drama, Romance",0,0,85,191,Mukta Arts Ltd,8,https://image.tmdb.org/t/p/w500/cUiM7V2hK540SN9Wd6UXZPGcDBH.jpg,hi,0.0,Flop,6.9344984512435675,0
Uff! Yeh Mohabbat,1997,"Comedy, Drama, Family",0,0,0,134,,12,,hi,0.0,Flop,5.0,0
Yes Boss,1997,"Comedy, Drama, Romance",2700000,12000000,92,165,United Seven Combines,7,https://image.tmdb.org/t/p/w500/ayp76lRwyp5izlZVnxcZscgHofH.jpg,hi,3.4444444444444446,Hit,6.968482948553935,9300000
Sanam,1997,"Romance, Drama",0,0,2,156,,4,https://image.tmdb.org/t/p/w500/qIgTvD7fRtk8iwdrNY3EaTxL02w.jpg,hi,0.0,Flop,5.477121254719663,0
Judaai,1997,"Drama, Romance, Family",0,0,25,167,,2,https://image.tmdb.org/t/p/w500/74DpCTKpItTBcgJyISO3wLEmAMo.jpg,hi,0.0,Flop,6.414973347970818,0
Tarazu,1997,"Action, Crime, Drama",0,0,7,144,,8,https://image.tmdb.org/t/p/w500/jnIxNEyMKqtJ8TD3N1QVHWKeI5T.jpg,hi,0.0,Flop,5.903089986991944,0
Aastha: In the Prison of Spring,1997,Drama,0,0,3,210,,1,https://image.tmdb.org/t/p/w500/f5Vor5ZcGMoZSfOvhnpOgs6TBta.jpg,hi,0.0,Flop,5.6020599913279625,0
Ishq,1997,"Comedy, Romance, Drama, Action",5000000,28000000,69,161,,11,https://image.tmdb.org/t/p/w500/38xVYSuVXIJS1iyEaRm8wtjotZB.jpg,hi,4.6,Hit,6.845098040014257,23000000
Deewana Mastana,1997,"Comedy, Romance",0,0,23,142,M.K.D. Films Combine,10,https://image.tmdb.org/t/p/w500/kw76Ey34igmBIGsnRBPGkszec4z.jpg,hi,0.0,Flop,6.380211241711606,0
Auzaar,1997,Action,0,0,10,133,Tips Industries,2,https://image.tmdb.org/t/p/w500/6lchKwXaCNNzOr0sWorkww3yIZq.jpg,hi,0.0,Flop,6.041392685158225,0
Daava,1997,"Action, Drama, Romance",0,0,2,162,Eklavya Vision,7,https://image.tmdb.org/t/p/w500/eNfAmY0c1daaq2vlppzTl1mRaOC.jpg,hi,0.0,Flop,5.477121254719663,0
Gupt: The Hidden Truth,1997,"Thriller, Action, Romance",0,0,34,155,Trimurti Films Pvt. Ltd.,7,https://image.tmdb.org/t/p/w500/cTRAfzb2p2bAD3QnM34mzE9mp1n.jpg,hi,0.0,Flop,6.544068044350276,0
Ghulam-E-Musthafa,1997,"Drama, Action, Crime",0,0,9,162,,1,https://image.tmdb.org/t/p/w500/hXKl08qjZc8KHP72vGppgvMgQ3n.jpg,hi,0.0,Flop,6.0,0
Judwaa,1997,"Romance, Comedy, Action",0,0,38,148,Nadiadwala Grandson Entertainment,2,https://image.tmdb.org/t/p/w500/hC1prtsvTKSUh6FzRun7zD0XXUB.jpg,hi,0.0,Flop,6.5910646070264995,0
Raja Ki Ayegi Baraat,1997,"Drama, Romance",0,0,4,158,,8,https://image.tmdb.org/t/p/w500/rEQSyUKK4bkpFX61jE5sETGhI7U.jpg,hi,0.0,Flop,5.698970004336019,0
Ek Phool Teen Kante,1997,Unknown,0,0,0,139,,8,,hi,0.0,Flop,5.0,0
Mohabbat,1997,Romance,0,0,5,180,,9,https://image.tmdb.org/t/p/w500/7kYYFwRwG0CnKhtb1fZFg8gqZ0e.jpg,hi,0.0,Flop,5.778151250383644,0
...Aur Pyar Ho Gaya,1997,"Family, Romance, Drama",0,0,12,153,,8,https://image.tmdb.org/t/p/w500/5C8a85JOymSV1FxtHoPVaEFOKxE.jpg,hi,0.0,Flop,6.113943352306837,0
Qahar,1997,Unknown,0,0,6,161,,12,https://image.tmdb.org/t/p/w500/1cdQlobMONN1OEiJPX3QARZ4MPp.jpg,hi,0.0,Flop,5.845098040014257,0
Banarasi Babu,1997,Comedy,0,0,2,126,,8,https://image.tmdb.org/t/p/w500/tmbA4VvwqXuBnzSWD3plbeBYvp5.jpg,hi,0.0,Flop,5.477121254719663,0
Hameshaa,1997,"Drama, Romance",0,0,5,0,,2,https://image.tmdb.org/t/p/w500/g9K6lJHB35Y9vi0tnlQ3G6ZbTFu.jpg,hi,0.0,Flop,5.778151250383644,0
Lahoo Ke Do Rang,1997,Unknown,0,0,8,0,,3,https://image.tmdb.org/t/p/w500/3wBqCeH80ZwWTBWwlk9EWWmTBZX.jpg,hi,0.0,Flop,5.954242509439325,0
Aar Ya Paar,1997,Thriller,0,0,6,0,,5,https://image.tmdb.org/t/p/w500/90RnLdBbAVzvVmgZ3lLsztXVPGR.jpg,hi,0.0,Flop,5.845098040014257,0
Suraj,1997,"Action, Drama",0,0,1,130,,6,https://image.tmdb.org/t/p/w500/d647Bz6cqin7MOzt14I2y3tyKJU.jpg,hi,0.0,Flop,5.301029995663981,0
Virasat,1997,"Drama, Family",0,0,15,168,,5,https://image.tmdb.org/t/p/w500/hfbE6xLSmFhCRZbHm12VjLbMXGA.jpg,hi,0.0,Flop,6.204119982655925,0
Abhaas,1997,Drama,0,0,0,105,Encore Productions,1,https://image.tmdb.org/t/p/w500/34c3g0jT6Zn5a3Yd2P97EGsTIWS.jpg,hi,0.0,Flop,5.0,0
Train to Pakistan,1997,Drama,0,0,3,107,"National Film Development Corporation of India, Film4 Productions",1,https://image.tmdb.org/t/p/w500/6r3hfqxXVJicJdrhWiUj4LoPuxW.jpg,hi,0.0,Flop,5.6020599913279625,0
Mr. & Mrs. Khiladi,1997,"Comedy, Romance",0,0,31,133,"D.M.S. Films, Time Magnetics",10,https://image.tmdb.org/t/p/w500/hyD1LX15vx5hGSNIgzt2Swz9Pau.jpg,hi,0.0,Flop,6.505149978319906,0
Mrityudand,1997,"Action, Drama",0,0,7,150,,7,https://image.tmdb.org/t/p/w500/jK9Mg1Of6fsJ6YPPWoEb0Ezj7HF.jpg,hi,0.0,Flop,5.903089986991944,0
Salma Pe Dil Aa Gaya,1997,Drama,0,0,1,0,,3,https://image.tmdb.org/t/p/w500/3CQk6i3xmzD3tYmzyvg2j87ZFBi.jpg,hi,0.0,Flop,5.301029995663981,0
Bhai,1997,Unknown,0,0,5,0,,1,https://image.tmdb.org/t/p/w500/mZbn02Ao3hl2HWcNZvXuaTOzBM9.jpg,hi,0.0,Flop,5.778151250383644,0
Gudgudee,1997,Romance,0,0,1,144,Plus Films,4,https://image.tmdb.org/t/p/w500/yVh0tqUVUOFADbXEezjRpvWC8yL.jpg,hi,0.0,Flop,5.301029995663981,0
Shapath,1997,Action,0,0,1,140,,12,https://image.tmdb.org/t/p/w500/saiwue4geeTyTwhy74Fy1ys875i.jpg,hi,0.0,Flop,5.301029995663981,0
Yeshwant,1997,"Action, Crime, Drama",0,0,10,145,,2,https://image.tmdb.org/t/p/w500/4vqNYrsEHp0m0T1S4GfUwud4Z1b.jpg,hi,0.0,Flop,6.041392685158225,0
Zameer: The Awakening of a Soul,1997,Action,0,0,1,148,Weston Components Limited,5,https://image.tmdb.org/t/p/w500/hNsIfGOXHazLoYym9L0dsQzYlWh.jpg,hi,0.0,Flop,5.301029995663981,0
Kaun Sachcha Kaun Jhootha,1997,"Action, Thriller",0,0,1,0,,4,https://image.tmdb.org/t/p/w500/r5T6QW4PTyMBKcLgzFYBTBk2ZTN.jpg,hi,0.0,Flop,5.301029995663981,0
Insaaf: The Final Justice,1997,"Action, Comedy",0,0,5,155,,5,https://image.tmdb.org/t/p/w500/A6snkSrA2GaKp1MevSmB7vTf3Z4.jpg,hi,0.0,Flop,5.778151250383644,0
Daadagiri,1997,"Action, Drama, Comedy",0,0,0,138,,8,https://image.tmdb.org/t/p/w500/sqUc509LtNBsnRFKhbP7V57mh4f.jpg,hi,0.0,Flop,5.0,0
Himalay Putra,1997,"Romance, Drama",0,0,5,135,,4,https://image.tmdb.org/t/p/w500/q8aGfc0ZXOndxQv8jLOSQqDuuNY.jpg,hi,0.0,Flop,5.778151250383644,0
Udaan,1997,"Action, Drama, Crime, Thriller",0,0,3,128,,10,https://image.tmdb.org/t/p/w500/eWszaR1TBt0ekGlgF7Sm2rMoY4E.jpg,hi,0.0,Flop,5.6020599913279625,0
Rui Ka Bojh,1997,Drama,0,0,4,117,National Film Development Corporation of India,1,https://image.tmdb.org/t/p/w500/8sHNBt1RgA6SE5FVtZKCk3lWiJV.jpg,hi,0.0,Flop,5.698970004336019,0
Dhaal,1997,"Action, Drama",0,0,4,148,"JVG Group, Rohitashha Movies",11,https://image.tmdb.org/t/p/w500/dj3jiazCRKTWXOGxo1fSpxDBBU8.jpg,hi,0.0,Flop,5.698970004336019,0
Saaz,1997,"Drama, Music",0,0,1,148,Plus Films,1,https://image.tmdb.org/t/p/w500/3QpC22BsA9ZxGLUxlk7dmz0naTf.jpg,hi,0.0,Flop,5.301029995663981,0
Agnichakra,1997,Action,0,0,0,0,,2,https://image.tmdb.org/t/p/w500/7DDvz1RY2QrjRFTp78nZ929SQS7.jpg,hi,0.0,Flop,5.0,0
Jeevan Yudh,1997,"Action, Drama, Family",0,0,1,136,,7,https://image.tmdb.org/t/p/w500/5Jb4flEY9YWtWMNaMzrVeN5hKAq.jpg,hi,0.0,Flop,5.301029995663981,0
Agnee Morcha,1997,Unknown,0,0,0,0,,4,https://image.tmdb.org/t/p/w500/9mc682A6rdV7vdzThvsEwmymtnF.jpg,hi,0.0,Flop,5.0,0
Private Detective: Two Plus Two Plus One,1997,Unknown,200,0,0,130,,1,https://image.tmdb.org/t/p/w500/kMTtXPEWM5X5hiQ7iHJXN0Lhoj7.jpg,hi,-1.0,Flop,5.0,-200
Ankhon Mein Tum Ho,1997,"Romance, Drama, Thriller",0,0,1,151,,12,https://image.tmdb.org/t/p/w500/U60Tcak1GHsc01WKIjKsvFzMB3.jpg,hi,0.0,Flop,5.301029995663981,0
Mrityudaata,1997,"Action, Drama",0,0,2,167,Amitabh Bachchan Corporation Limited,6,https://image.tmdb.org/t/p/w500/2Fs3JLNMvCHl7mbFviccGnoittZ.jpg,hi,0.0,Flop,5.477121254719663,0
Dil Ke Jharoke Main,1997,Romance,0,0,10,0,UTV Motion Pictures,4,https://image.tmdb.org/t/p/w500/zVqwZxeCcgLQeQ9ylef5X03lQxQ.jpg,hi,0.0,Flop,6.041392685158225,0
Mohabbat Ki Aag,1997,Romance,0,0,0,127,,1,https://image.tmdb.org/t/p/w500/sYYyK0VG5q5FVYcqHSS3bkRUGGw.jpg,hi,0.0,Flop,5.0,0
Swara Mandal,1997,"Drama, Music",0,0,5,82,"JBA Production, Pandora Films, Moonson Film, Illuminations, British Screen, National Film Development Corporation of India",12,https://image.tmdb.org/t/p/w500/9OGLf2nt7NMua2C3X3COhWqigHE.jpg,hi,0.0,Flop,5.778151250383644,0
Chupp,1997,Unknown,0,0,5,115,,2,https://image.tmdb.org/t/p/w500/1lERL4oE7n74qcS3zr8YK9v6aT3.jpg,hi,0.0,Flop,5.778151250383644,0
Mere Sapno Ki Rani,1997,"Drama, Romance",0,0,0,157,,8,https://image.tmdb.org/t/p/w500/k8GxUPkkUabUYidoTqZk4wbpn64.jpg,hi,0.0,Flop,5.0,0
Loha,1997,Action,0,0,3,133,Jockey Films,7,https://image.tmdb.org/t/p/w500/bWBVAj6Iv8HMllkiBYlVMGIjt6b.jpg,hi,0.0,Flop,5.6020599913279625,0
Bhai Bhai,1997,Unknown,0,0,0,172,,1,https://image.tmdb.org/t/p/w500/jeDuRMGMgCMnpYo2ZQFUqUneCk8.jpg,hi,0.0,Flop,5.0,0
Kaun Rokega Mujhe,1997,"Action, Thriller",0,0,0,123,,12,,hi,0.0,Flop,5.0,0
Daayan,1997,Horror,0,0,0,0,,1,https://image.tmdb.org/t/p/w500/tArgH8bxkZ3X6CwdI4A0X52HbLl.jpg,hi,0.0,Flop,5.0,0
Golden Jubilee,1997,Documentary,0,0,0,27,,1,https://image.tmdb.org/t/p/w500/6ga4HCqtLr5ihQiQiu9u8bEwynW.jpg,hi,0.0,Flop,5.0,0
For Maya,1997,Documentary,0,0,0,38,,1,https://image.tmdb.org/t/p/w500/2oUB18DA3G7hVMeX0kFROQk4nUb.jpg,hi,0.0,Flop,5.0,0
Darawani Haveli,1997,Horror,31340,39175,0,0,Jai Shiva International,1,https://image.tmdb.org/t/p/w500/1r1K66LOgx1otboh5LuCzpfVM5x.jpg,hi,0.25,Average,5.0,7835
Jeeo Shaan Se,1997,"Drama, Romance, Comedy",0,0,2,130,S.K. Film Enterprises,6,,hi,0.0,Flop,5.477121254719663,0
Jam Invalid,1997,Documentary,0,0,0,20,Film and Television Institute of India,1,https://image.tmdb.org/t/p/w500/t3zsLJxiZxaqghEJwYqyIGJ2rtd.jpg,hi,0.0,Flop,5.0,0
Boat Song,1997,Documentary,0,0,0,66,Ministry of External Affairs,6,https://image.tmdb.org/t/p/w500/jU5xiaal19M0ZcTHtSYenaotWEn.jpg,hi,0.0,Flop,5.0,0
Jee Karta Tha,1997,Unknown,0,0,0,19,Film and Television Institute of India,1,https://image.tmdb.org/t/p/w500/fFCWuVXxYf3fO9JzkJNPEYo494F.jpg,hi,0.0,Flop,5.0,0
Desire,1997,Romance,0,0,0,4,,8,,hi,0.0,Flop,5.0,0
Badmaash,1998,Action,0,0,2,120,,1,https://image.tmdb.org/t/p/w500/54cAwn4dmOuffif33qzWqiL6DoS.jpg,hi,0.0,Flop,5.477121254719663,0
Zor,1998,"Action, Drama, Thriller",20000,30000,2,125,,2,https://image.tmdb.org/t/p/w500/pXQPLmbVBaE2VuPeQgLVvL1i895.jpg,hi,0.5,Average,5.477121254719663,10000
Tamanna,1998,Unknown,0,0,4,123,,4,https://image.tmdb.org/t/p/w500/2vnnruGc9oFQLlJzUlTNrf49Dcj.jpg,hi,0.0,Flop,5.698970004336019,0
Angaaray,1998,"Drama, Action, Crime",0,98,5,141,,7,https://image.tmdb.org/t/p/w500/rId28SGBwfKcTzmcWQly2tf8OfL.jpg,hi,0.0,Flop,5.778151250383644,98
Swami Vivekananda,1998,Drama,0,0,0,166,Anantha Lakshmi Films,8,https://image.tmdb.org/t/p/w500/9mrhBdefg2OrNNdL33X7qffB9Sx.jpg,hi,0.0,Flop,5.0,0
Jaya Ganga,1998,Unknown,0,0,1,94,,11,https://image.tmdb.org/t/p/w500/e7Jb9ZfHhoIfZ99ddeZ2axvKUKW.jpg,hi,0.0,Flop,5.301029995663981,0
Kuch Kuch Hota Hai,1998,"Romance, Drama, Comedy",2420000,25690000,421,185,Dharma Productions,10,https://image.tmdb.org/t/p/w500/5FmtHHDGPofW5Zjns1EM1D8503c.jpg,hi,9.615702479338843,Hit,7.625312450961674,23270000
Ghulam,1998,"Crime, Drama, Action",0,0,59,162,NH Studioz,6,https://image.tmdb.org/t/p/w500/b1Nq1gKCp7JhwkCzmb5x9XGkmLu.jpg,hi,0.0,Flop,6.778151250383644,0
Mehndi,1998,Drama,0,0,5,153,,11,https://image.tmdb.org/t/p/w500/7ywIwjQ6F193MdWfOc30Rd3NRBM.jpg,hi,0.0,Flop,5.778151250383644,0
Sham Ghansham,1998,"Action, Drama",0,0,2,160,Suneha Arts,1,https://image.tmdb.org/t/p/w500/1AwNREvPV1oaGKG9ygj1XIBJPSV.jpg,hi,0.0,Flop,5.477121254719663,0
Prem Aggan,1998,Unknown,0,0,3,169,,10,https://image.tmdb.org/t/p/w500/gGiLKlup4iPvWQtcF9cVgjzn4gk.jpg,hi,0.0,Flop,5.6020599913279625,0
Zulm-O-Sitam,1998,Unknown,0,0,0,0,,9,https://image.tmdb.org/t/p/w500/qHjZCxkbYE9gJpgeXJDXbIQccOc.jpg,hi,0.0,Flop,5.0,0
Satya,1998,"Crime, Drama",310000,2300000,65,170,Varma Corporation,7,https://image.tmdb.org/t/p/w500/wwgpEEGU5RVu5hM7AZa6oiivcln.jpg,hi,6.419354838709677,Hit,6.819543935541869,1990000
China Gate,1998,"Action, Adventure, Western",0,0,16,179,,11,https://image.tmdb.org/t/p/w500/83Z4Vx01zIwftnpeoELknrGz8Lu.jpg,hi,0.0,Flop,6.230448921378274,0
Duplicate,1998,"Action, Comedy",4500000,10000000,78,165,Dharma Productions,5,https://image.tmdb.org/t/p/w500/ylBsNn4xkMlZPk1beZuuwFqrWUK.jpg,hi,1.2222222222222223,Hit,6.897627091290442,5500000
Dil Se..,1998,"Drama, Romance",5200000,13000000,189,163,"RGV Film Factory, Madras Talkies",8,https://image.tmdb.org/t/p/w500/rCoGw9cp0EY2Rd504iqqjSDtepF.jpg,hi,1.5,Hit,7.278753600952829,7800000
Aunty No. 1,1998,Comedy,0,0,13,160,Lata Films,5,https://image.tmdb.org/t/p/w500/strR8CGBZZ5QAgyVNT5r5EdNShE.jpg,hi,0.0,Flop,6.146128035678238,0
Keemat,1998,"Action, Comedy",0,0,6,170,,4,https://image.tmdb.org/t/p/w500/7BZpQwG9cSfs5oubtkSjXQNIE2.jpg,hi,0.0,Flop,5.845098040014257,0
Gunda,1998,Action,0,0,20,129,Maruti Films,9,https://image.tmdb.org/t/p/w500/ujuHUEzrf0kb0JUIloKjtgKfILY.jpg,hi,0.0,Flop,6.3222192947339195,0
Naseeb,1998,"Comedy, Drama, Romance",0,0,5,133,,12,https://image.tmdb.org/t/p/w500/ulJwbLMes9hMtzKEQsoNUaZDgy0.jpg,hi,0.0,Flop,5.778151250383644,0
Pyaar Kiya To Darna Kya,1998,"Comedy, Drama, Romance",0,0,42,162,G.S. Entertainment,3,https://image.tmdb.org/t/p/w500/wWJPE15xbl1RkM9y4EgnwbtEiBC.jpg,hi,0.0,Flop,6.633468455579586,0
Major Saab,1998,"Action, Drama, Romance",0,0,16,165,Amitabh Bachchan Corporation Limited,6,https://image.tmdb.org/t/p/w500/6mS6zYGLA8ObDDRtP5HuI91QWc9.jpg,hi,0.0,Flop,6.230448921378274,0
Pyaar To Hona Hi Tha,1998,"Comedy, Romance",0,0,23,156,,7,https://image.tmdb.org/t/p/w500/7AxLqNWoZIzvqdNAyb62JwDHr4W.jpg,hi,0.0,Flop,6.380211241711606,0
Earth,1998,"Drama, Romance, History",0,528972,39,101,"Cracking the Earth Films, Goldwyn Films",9,https://image.tmdb.org/t/p/w500/hQtvQYlxfEHl45TR41lNSywrq4K.jpg,hi,0.0,Flop,6.6020599913279625,528972
Soldier,1998,"Action, Thriller",0,0,28,156,,10,https://image.tmdb.org/t/p/w500/awlSDbrGNuyk9PBrWm8owf2BLYe.jpg,hi,0.0,Flop,6.462397997898956,0
Bombay Boys,1998,Unknown,0,0,8,105,,9,https://image.tmdb.org/t/p/w500/1S2H4c2jtkPGEARENWrJdKSJo6p.jpg,hi,0.0,Flop,5.954242509439325,0
Maharaja,1998,"Adventure, Romance",0,0,9,150,,9,https://image.tmdb.org/t/p/w500/7aqfENdbntf8N1Jqo35zGQGX33T.jpg,hi,0.0,Flop,6.0,0
Dulhe Raja,1998,"Comedy, Romance",0,0,35,155,Eastern Films,7,https://image.tmdb.org/t/p/w500/2sr6IDYP0ex53UEmLXA4garBt0o.jpg,hi,0.0,Flop,6.556302500767288,0
Gharwali Baharwali,1998,"Comedy, Romance",0,0,7,138,,9,https://image.tmdb.org/t/p/w500/aUpJSk7LLZ4Apirby1mWvxN8T4.jpg,hi,0.0,Flop,5.903089986991944,0
Jab Pyaar Kisise Hota Hai,1998,"Drama, Family, Comedy",0,0,21,164,Tips Industries,5,https://image.tmdb.org/t/p/w500/5Rje4CxHvs7yDXuRrlWttDXUmmy.jpg,hi,0.0,Flop,6.342422680822207,0
Pardesi Babu,1998,"Comedy, Drama, Romance",0,0,5,161,,11,https://image.tmdb.org/t/p/w500/kQ7ML4W8IAtGiQ45u4Kyweh2zkI.jpg,hi,0.0,Flop,5.778151250383644,0
Barood,1998,"Drama, Action",6200000,10000000,6,166,,8,https://image.tmdb.org/t/p/w500/xmOqdiTrV2TiESt32IkoKmxo3bu.jpg,hi,0.6129032258064516,Average,5.845098040014257,3800000
Dushman,1998,"Action, Thriller",0,0,17,145,,7,https://image.tmdb.org/t/p/w500/bUgHLNNz5jz8M9otUA2msVVn10J.jpg,hi,0.0,Flop,6.2552725051033065,0
Bade Miyan Chote Miyan,1998,"Action, Comedy",0,0,35,142,,10,https://image.tmdb.org/t/p/w500/1iiBcRXR8OFDyfXitR5W72z7rrU.jpg,hi,0.0,Flop,6.556302500767288,0
Doli Saja Ke Rakhna,1998,Romance,0,0,8,172,Shemaroo Entertainment,11,https://image.tmdb.org/t/p/w500/eQ6JtgsTEZPTYyaDVUDQR3BavQO.jpg,hi,0.0,Flop,5.954242509439325,0
Kareeb,1998,"Drama, Romance",0,0,9,155,Vidhu Vinod Chopra Productions,7,https://image.tmdb.org/t/p/w500/fYqmdzDH0tLZZx6HEIWCP9acKPN.jpg,hi,0.0,Flop,6.0,0
Vinashak,1998,Unknown,0,0,6,159,,1,https://image.tmdb.org/t/p/w500/4GELrAwqeovH1CEeILBa9YqZC20.jpg,hi,0.0,Flop,5.845098040014257,0
Achanak,1998,Thriller,0,0,2,164,Film Folks,6,https://image.tmdb.org/t/p/w500/hckXpok0set27e2ORJhIvqL7dy8.jpg,hi,0.0,Flop,5.477121254719663,0
Hitler,1998,"Crime, Action, Drama",0,0,1,135,,5,https://image.tmdb.org/t/p/w500/pvHcNfG56YVtmtQIBBpJRpjC5tz.jpg,hi,0.0,Flop,5.301029995663981,0
Kabhi Na Kabhi,1998,Crime,0,0,4,171,Shogun Films,4,https://image.tmdb.org/t/p/w500/6FwkorznNT2LogHNvoPFUFNfJWv.jpg,hi,0.0,Flop,5.698970004336019,0
Mother of 1084,1998,Drama,0,0,9,152,,3,https://image.tmdb.org/t/p/w500/bH4iQpItNV3g3uX9Zb2kTSz7Qnp.jpg,hi,0.0,Flop,6.0,0
2001: Do Hazaar Ek,1998,Drama,0,149,5,0,Om Films,2,https://image.tmdb.org/t/p/w500/zTy79uu1d5yPEtex1LeLAAkuhw2.jpg,hi,0.0,Flop,5.778151250383644,149
Kudrat,1998,Romance,0,0,3,151,,12,https://image.tmdb.org/t/p/w500/eOtuG5kbh8NiF1n0qgXoDoeBviu.jpg,hi,0.0,Flop,5.6020599913279625,0
Bandhan,1998,Family,0,1700000,13,154,,10,https://image.tmdb.org/t/p/w500/4eL44roDevhwdu87MkLNzucG2ps.jpg,hi,0.0,Flop,6.146128035678238,1700000
Tirchhi Topiwale,1998,"Comedy, Drama, Music",0,0,2,144,,9,https://image.tmdb.org/t/p/w500/79Cscc6h06R2oDyIbuM4I4dyJ6S.jpg,hi,0.0,Flop,5.477121254719663,0
Zakhm,1998,Drama,0,0,15,125,,12,https://image.tmdb.org/t/p/w500/qXJWHVj3vcQviTKpKGHjYMypitj.jpg,hi,0.0,Flop,6.204119982655925,0
Dhoondte Reh Jaaoge!,1998,"Comedy, Family, Drama",0,0,0,133,,10,,hi,0.0,Flop,5.0,0
Sar Utha Ke Jiyo,1998,Unknown,0,0,0,0,,9,https://image.tmdb.org/t/p/w500/79bZqV9WGL8U2cWOT1byPBGW6sa.jpg,hi,0.0,Flop,5.0,0
Sher-E-Hindustan,1998,"Action, Drama",0,0,0,140,Aabha films,1,https://image.tmdb.org/t/p/w500/bMxCNPSVRcw6yEFdDcLTM599LwN.jpg,hi,0.0,Flop,5.0,0
Qila,1998,Drama,0,0,3,160,,4,https://image.tmdb.org/t/p/w500/uJMFMdKnYzP32o93zBm92dWSugJ.jpg,hi,0.0,Flop,5.6020599913279625,0
Salaakhen,1998,"Action, Drama",0,0,5,166,Cinema Arts,4,https://image.tmdb.org/t/p/w500/kKWy6AenNX0aPdzqjkl2sIW4cMY.jpg,hi,0.0,Flop,5.778151250383644,0
Jaane Jigar,1998,Unknown,0,0,2,0,,2,https://image.tmdb.org/t/p/w500/qet3gnfVW4wOfYkCXdXG98ylBQW.jpg,hi,0.0,Flop,5.477121254719663,0
Qatil Chandalini,1998,Horror,0,0,0,101,Avinash Productions,1,https://image.tmdb.org/t/p/w500/nh0Tgpnu6PLe1wkkB9nMBwRa0hB.jpg,hi,0.0,Flop,5.0,0
Mafia Raaj,1998,Unknown,484300,0,0,0,,12,,hi,-1.0,Flop,5.0,-484300
Yugpurush,1998,Drama,0,0,1,0,,3,https://image.tmdb.org/t/p/w500/jRAQaIEIpHk6bjKkMafJiYW15In.jpg,hi,0.0,Flop,5.301029995663981,0
Ustadon Ke Ustad,1998,"Action, Drama",0,0,1,139,NH Studioz,3,https://image.tmdb.org/t/p/w500/rz3pm48Lt8Zaax9X1FuAbjsa96z.jpg,hi,0.0,Flop,5.301029995663981,0
Mere Do Anmol Ratan,1998,Unknown,0,0,0,0,,1,https://image.tmdb.org/t/p/w500/hZo3ASfDNMsQw5m09sBGl5Y8MC4.jpg,hi,0.0,Flop,5.0,0
Jhooth Bole Kauwa Kaate,1998,Unknown,0,0,11,148,,11,https://image.tmdb.org/t/p/w500/vk7sYgPmN4e9kdMDlcncHKoizzs.jpg,hi,0.0,Flop,6.079181246047625,0
Hero Hindustani,1998,"Action, Comedy, Drama",0,0,5,152,,10,https://image.tmdb.org/t/p/w500/4YI1Pn6QdAOhnI9ibpBRpijdslc.jpg,hi,0.0,Flop,5.778151250383644,0
Purani Kabar,1998,"Horror, TV Movie",0,0,0,118,"Show World Televisions, Heena Films",10,https://image.tmdb.org/t/p/w500/lZyNeBhJvsRZ4PokGHNfXCSRUzE.jpg,hi,0.0,Flop,5.0,0
Khofnak Mahal,1998,Horror,0,0,0,0,,1,https://image.tmdb.org/t/p/w500/zAJIyogZSi7QtfT2Rz0nHOktiTD.jpg,hi,0.0,Flop,5.0,0
Maut,1998,Unknown,0,0,0,98,,7,https://image.tmdb.org/t/p/w500/5nFA9CYwSuuNtB97LFnIj9KxtmX.jpg,hi,0.0,Flop,5.0,0
Chhota Chetan,1998,Unknown,0,0,1,0,,1,https://image.tmdb.org/t/p/w500/eW6qjZLHQz9h5yr7fQBESOWLoHX.jpg,hi,0.0,Flop,5.301029995663981,0
Meri Zindagi Ek Agneepath,1998,Unknown,0,0,0,0,,1,,hi,0.0,Flop,5.0,0
Bada Din,1998,"Romance, Drama",0,0,0,116,Gramco Films,6,https://image.tmdb.org/t/p/w500/mpq1Ivx17FXSpHKhl4szxyAT4cm.jpg,hi,0.0,Flop,5.0,0
Ghar Bazar,1998,"Action, Drama, Crime",0,0,0,130,,1,https://image.tmdb.org/t/p/w500/17d01QBqVSfFFugKotD5iQimE09.jpg,hi,0.0,Flop,5.0,0
Murdaa,1998,Horror,0,0,0,125,,8,https://image.tmdb.org/t/p/w500/z45BXaUGC6PQH8OG7IwqwIGvjNq.jpg,hi,0.0,Flop,5.0,0
Miss 420,1998,"Action, Comedy, Crime",0,0,4,135,"Venus Records and Tapes, United Seven Combines",1,https://image.tmdb.org/t/p/w500/yp2fVFuetHZtuZglFJMWCKo8ipe.jpg,hi,0.0,Flop,5.698970004336019,0
Aakrosh: Cyclone Of Anger,1998,Unknown,0,0,2,144,,4,https://image.tmdb.org/t/p/w500/8jkKCn653iPvH75tcTWdsJFqAQC.jpg,hi,0.0,Flop,5.477121254719663,0
Hafta Vasuli,1998,Unknown,0,0,0,0,,1,https://image.tmdb.org/t/p/w500/lGUJ6LgeJQZKhx9qCmLKJC14vwR.jpg,hi,0.0,Flop,5.0,0
Ribbons for Peace,1998,Documentary,0,0,0,5,,1,https://image.tmdb.org/t/p/w500/6AgnwZ9UNPYrlDZvaEgnffd0HJT.jpg,hi,0.0,Flop,5.0,0
Devta,1998,Action,0,0,0,0,,10,https://image.tmdb.org/t/p/w500/k6A6WsgPbw4ko5lOkEVJTTopY7E.jpg,hi,0.0,Flop,5.0,0
Chandaal,1998,Action,0,0,3,0,Aabha films,3,https://image.tmdb.org/t/p/w500/lLH0QljgiafZq1KFFNqqWi8jeA6.jpg,hi,0.0,Flop,5.6020599913279625,0
Main Solah Baras Ki,1998,Unknown,0,0,0,0,,8,https://image.tmdb.org/t/p/w500/fA9cz94cdS6Zi6yfS7vtSc35xMZ.jpg,hi,0.0,Flop,5.0,0
Iski Topi Uske Sarr,1998,Unknown,0,0,0,0,,7,,hi,0.0,Flop,5.0,0
Saazish,1998,Unknown,0,0,0,0,,2,https://image.tmdb.org/t/p/w500/eXlQ4lgX95yJiQgtQKIR6Q1kDRH.jpg,hi,0.0,Flop,5.0,0
Khote Sikkey,1998,Unknown,0,0,0,0,,1,,hi,0.0,Flop,5.0,0
Barsaat Ki Raat,1998,Music,0,0,0,0,,3,https://image.tmdb.org/t/p/w500/uDaBohFzQicPjmE76UBH4cGbCUx.jpg,hi,0.0,Flop,5.0,0
Mahatma,1998,Unknown,0,0,0,0,,1,,hi,0.0,Flop,5.0,0
Kartoos,1999,"Action, Crime, Thriller",0,0,6,126,,5,https://image.tmdb.org/t/p/w500/1G06L0m2NsHytdGOGxOu5AQ0Tc0.jpg,hi,0.0,Flop,5.845098040014257,0
Dada,1999,Action,0,0,1,133,Makewell Films,1,https://image.tmdb.org/t/p/w500/spWU9pmAemAKMGQO4Uakgjwpytx.jpg,hi,0.0,Flop,5.301029995663981,0
Benaam,1999,"Horror, Action, Drama",0,0,1,0,Shiv Shakti Productions,1,https://image.tmdb.org/t/p/w500/9e8FRv6cRiDNTmEO8uupDt7NBzA.jpg,hi,0.0,Flop,5.301029995663981,0
Arjun Pandit,1999,"Action, Crime, Romance",0,0,8,150,Ratan International,8,https://image.tmdb.org/t/p/w500/qUbfKDqTKlNlVAZXjxMOl6CUO87.jpg,hi,0.0,Flop,5.954242509439325,0
Jaanwar,1999,Action,0,0,16,120,,12,https://image.tmdb.org/t/p/w500/hAdnoPTsd1uWXKtKNzHzhijg6j.jpg,hi,0.0,Flop,6.230448921378274,0
Baadshah,1999,"Action, Comedy",9000000,1400000,108,175,Venus Records & Tapes,8,https://image.tmdb.org/t/p/w500/7r1nKEVxIlVQFSsijr3fndD1TDn.jpg,hi,-0.8444444444444444,Flop,7.037426497940624,-7600000
Long Live Life,1999,Drama,0,0,0,140,,6,https://image.tmdb.org/t/p/w500/d20u0vY0xiggzK4SvY7U1f8hK0b.jpg,hi,0.0,Flop,5.0,0
Kachche Dhaage,1999,"Action, Drama, Romance",0,0,16,142,,7,https://image.tmdb.org/t/p/w500/dldo2zZgGVlhvKG6DvqJd5nnjAt.jpg,hi,0.0,Flop,6.230448921378274,0
Hum Saath Saath Hain,1999,"Romance, Family, Drama",0,18980000,92,177,Rajshri Productions,11,https://image.tmdb.org/t/p/w500/lEAEzpAfSyBZc5sw1NBnWr5TeZU.jpg,hi,0.0,Flop,6.968482948553935,18980000
Sikandar Sadak Ka,1999,"Action, Drama",0,0,1,144,,1,https://image.tmdb.org/t/p/w500/g2DFARxovtWB8oqEnCH8t6fNdgV.jpg,hi,0.0,Flop,5.301029995663981,0
Sar Ankhon Par,1999,"Drama, Romance, Music, Comedy",0,0,0,0,,10,https://image.tmdb.org/t/p/w500/ejwD9tPAx0BmcmcUoMeXxbzAvKa.jpg,hi,0.0,Flop,5.0,0
Bade Dilwala,1999,"Romance, Comedy, Drama",0,0,5,152,,1,https://image.tmdb.org/t/p/w500/oGFDn7MlItAStMbiG7OyrhDTzzE.jpg,hi,0.0,Flop,5.778151250383644,0
Vaastav,1999,"Action, Crime, Drama",0,0,51,150,,10,https://image.tmdb.org/t/p/w500/fsB57eZ0EJ9nXLxgfjQG9iYiswH.jpg,hi,0.0,Flop,6.7160033436347994,0
Sirf Tum,1999,"Romance, Music, Drama",0,0,15,170,Narsimha Enterprises,6,https://image.tmdb.org/t/p/w500/c9w9QOJCVyBBApsD1E16kxG6YBo.jpg,hi,0.0,Flop,6.204119982655925,0
Chalo America,1999,Comedy,0,0,0,93,National Film Development Corporation of India,8,https://image.tmdb.org/t/p/w500/ucj7LiB8ifd917GvwAxh65DlZbp.jpg,hi,0.0,Flop,5.0,0
Kohram,1999,"Action, Drama, Thriller, Crime",0,0,7,150,,8,https://image.tmdb.org/t/p/w500/6AdilgHGAiS8FKGebu44jSqBeN.jpg,hi,0.0,Flop,5.903089986991944,0
Kissa Maut Ka,1999,Horror,0,0,0,0,,1,https://image.tmdb.org/t/p/w500/xhCj7gbmcWmZ8z2jWLie8ApLGZg.jpg,hi,0.0,Flop,5.0,0
Zulmi,1999,Unknown,0,0,9,0,,4,https://image.tmdb.org/t/p/w500/vA3lwh3EfSLzfMcOvI4gQyCDlD.jpg,hi,0.0,Flop,6.0,0
Mann,1999,"Drama, Romance",0,0,39,174,,7,https://image.tmdb.org/t/p/w500/nbn9Hxj7GEBxrZ8biAfIjhYSs1Y.jpg,hi,0.0,Flop,6.6020599913279625,0
Hum Dil De Chuke Sanam,1999,"Comedy, Drama, Romance",0,0,118,178,"Jhamu Sughand Productions, Bhansali Productions",6,https://image.tmdb.org/t/p/w500/kuoJvw45TobVp5QcyV16nK26NFx.jpg,hi,0.0,Flop,7.075546961392531,0
Aa ab Laut Chalen,1999,"Drama, Romance",0,0,17,178,R.K. Films,1,https://image.tmdb.org/t/p/w500/w87ziVrS9aWGW3WvDU6VJb2jXDQ.jpg,hi,0.0,Flop,6.2552725051033065,0
Sarfarosh,1999,"Action, Drama",8500000,9100000,102,174,Cinematt Pictures Pvt Ltd,4,https://image.tmdb.org/t/p/w500/i6XJCzajVcnfh5ljAn7AGub5vih.jpg,hi,0.07058823529411765,Average,7.012837224705172,600000
Sooryavansham,1999,"Action, Drama",0,0,33,182,Padmalaya Studios,5,https://image.tmdb.org/t/p/w500/fI9cqF4scd7OfIJB5zmfeMxD2bg.jpg,hi,0.0,Flop,6.531478917042255,0
Lal Baadshah,1999,"Action, Drama",0,0,11,180,,3,https://image.tmdb.org/t/p/w500/6PKMyhYqeuKifjfUfha18wtp0uF.jpg,hi,0.0,Flop,6.079181246047625,0
Hum Aapke Dil Mein Rehte Hain,1999,"Family, Drama, Romance",0,0,15,168,Suresh Productions,1,https://image.tmdb.org/t/p/w500/imN87wvGiqaXJ8ia5pi8Iqil4cJ.jpg,hi,0.0,Flop,6.204119982655925,0
Taal,1999,"Drama, Romance",0,0,48,177,Mukta Arts Ltd,8,https://image.tmdb.org/t/p/w500/n2VsCd4wPIEMTWQBxBJVKVAOeTk.jpg,hi,0.0,Flop,6.690196080028514,0
Sangharsh,1999,Thriller,5800000,1400000,26,127,Vishesh Films,9,https://image.tmdb.org/t/p/w500/kFwreKZPhTSQ9zcVsavZ5JuUgfL.jpg,hi,-0.7586206896551724,Flop,6.431363764158988,-4400000
Dillagi,1999,"Family, Drama, Romance",0,0,12,188,Vijayta Films,11,https://image.tmdb.org/t/p/w500/A9uVeT4605jLKHDUL4Z3kE79Can.jpg,hi,0.0,Flop,6.113943352306837,0
Hindustan Ki Kasam,1999,"Drama, Action",1000000,0,3,159,"Devgan Films, Ajay Devgn FFilms",7,https://image.tmdb.org/t/p/w500/nCcdnqWI3Yox7cPkVisgL4DnU0.jpg,hi,-1.0,Flop,5.6020599913279625,-1000000
Shool,1999,"Action, Crime",310000,2300000,16,142,RGV Film Factory,11,https://image.tmdb.org/t/p/w500/hrH5MNv0C0pBsAXLr1TNW8etsXF.jpg,hi,6.419354838709677,Hit,6.230448921378274,1990000
Haseena Maan Jaayegi,1999,"Action, Comedy",0,0,36,150,Rahul Productions,6,https://image.tmdb.org/t/p/w500/pNZkVQOpSFkOEVRIXJGUInFNE5w.jpg,hi,0.0,Flop,6.568201724066995,0
Biwi No.1,1999,"Comedy, Drama, Romance",5400000,2200000,71,140,Pooja Entertainment,5,https://image.tmdb.org/t/p/w500/4c787y8j6XCuJHDv13Yuwu0FHmw.jpg,hi,-0.5925925925925926,Flop,6.857332496431269,-3200000
Anari No. 1,1999,Comedy,0,0,8,153,"Jyoti Pictures, A.K. International [IN]",4,https://image.tmdb.org/t/p/w500/seweP1ozpskTEuUrgqqLITWJ6dz.jpg,hi,0.0,Flop,5.954242509439325,0
Laawaris,1999,Unknown,0,0,3,0,,3,https://image.tmdb.org/t/p/w500/onuQsNbZtlWcVX0tI2wzXndlVdf.jpg,hi,0.0,Flop,5.6020599913279625,0
Jaanam Samjha Karo,1999,"Drama, Romance",0,0,15,156,Karishma International,4,https://image.tmdb.org/t/p/w500/uAE2tf9EVtBeBSl6M941Lu0QKL5.jpg,hi,0.0,Flop,6.204119982655925,0
Khoobsurat,1999,"Comedy, Romance, Family",0,0,13,153,,11,https://image.tmdb.org/t/p/w500/mS6Srh8CcF5okUpYuBPIz6k1hmV.jpg,hi,0.0,Flop,6.146128035678238,0
Daag: The Fire,1999,"Thriller, Action, Drama",0,0,6,152,,2,https://image.tmdb.org/t/p/w500/wtqrWRwduZaSyzcacho4HmZYiNq.jpg,hi,0.0,Flop,5.845098040014257,0
Thakshak,1999,Action,0,0,6,161,,12,https://image.tmdb.org/t/p/w500/rUGay9zMlCvyJ3IBPNvinv4YX4Y.jpg,hi,0.0,Flop,5.845098040014257,0
Aadhi Raat,1999,Horror,15660,5873,0,0,Pawan Putra Films,10,https://image.tmdb.org/t/p/w500/v7nKlisLpxioCVuONOpGrLTXzxJ.jpg,hi,-0.6249680715197956,Flop,5.0,-9787
Dracula,1999,Horror,0,0,2,92,Bhooshan Films,5,https://image.tmdb.org/t/p/w500/k4n4TH0M1lyoKnHumA2Xf609o64.jpg,hi,0.0,Flop,5.477121254719663,0
Chudail No. 1,1999,Horror,31320,26622,0,92,Rachna Cine Arts,7,https://image.tmdb.org/t/p/w500/hhPuF6eJlNxyFevQG6MWzJ3oGmq.jpg,hi,-0.15,Flop,5.0,-4698
Shaitan Khopdi,1999,Horror,0,0,0,0,,1,https://image.tmdb.org/t/p/w500/mjGlBLXaUIWUN2ICzq74DyND9qm.jpg,hi,0.0,Flop,5.0,0
Kabhi Paas Kabhi Fail,1999,"Comedy, Family",0,0,1,0,,1,https://image.tmdb.org/t/p/w500/cNMfEZ7Lff6lDer8ptOhx6PLEey.jpg,hi,0.0,Flop,5.301029995663981,0
Pyaar Mein Kabhi Kabhi...,1999,Drama,0,0,0,173,Percept Picture Company,6,https://image.tmdb.org/t/p/w500/6aaHEgZ8xJYMeKUsZjr93zE8oid.jpg,hi,0.0,Flop,5.0,0
Phool Aur Aag,1999,"Action, Drama",0,0,1,0,,5,https://image.tmdb.org/t/p/w500/lQAP8DT95xUhDsstaIl4PjT1NeN.jpg,hi,0.0,Flop,5.301029995663981,0
Zameen Ke Neeche,1999,Horror,0,0,0,0,Willy Movies,1,https://image.tmdb.org/t/p/w500/4lRSMt5fDFeyerMUcgNCPRNC96C.jpg,hi,0.0,Flop,5.0,0
Munnibai,1999,Action,0,0,1,135,,9,https://image.tmdb.org/t/p/w500/bRrHuwgg7zu3K9aZBRwigMHzY8h.jpg,hi,0.0,Flop,5.301029995663981,0
Sar Kati Laash,1999,Horror,39500,42660,0,105,Atlanta Productions,10,https://image.tmdb.org/t/p/w500/weFUFyDPZ8bezxsOWQZ08VDA7ea.jpg,hi,0.08,Average,5.0,3160
First Kill,1999,Crime,0,0,0,43,,9,https://image.tmdb.org/t/p/w500/3DW1B0BomCOZAnfJzBQB7UU0FnN.jpg,hi,0.0,Flop,5.0,0
Silsila Hai Pyar Ka,1999,"Comedy, Drama",0,0,2,150,,4,https://image.tmdb.org/t/p/w500/7lCRgnKH6DfPaUGzZhcZrOAhcFg.jpg,hi,0.0,Flop,5.477121254719663,0
Hu Tu Tu,1999,Unknown,0,0,7,172,,1,https://image.tmdb.org/t/p/w500/tfhC2EYKxfXdJKk00fsUElImnl9.jpg,hi,0.0,Flop,5.903089986991944,0
Khoonkar Darinde,1999,Horror,31600,20540,0,0,Atlanta Productions,10,https://image.tmdb.org/t/p/w500/87fJHzSjEqdTuskEgDYJb4mTdhQ.jpg,hi,-0.35,Flop,5.0,-11060
Jaalsaaz,1999,Thriller,0,0,0,114,Sarvashreshta Films,1,https://image.tmdb.org/t/p/w500/lUHDCAPdwMStvW2acHXjn3uGy0C.jpg,hi,0.0,Flop,5.0,0
Shadows in the Dark,1999,Unknown,0,0,1,104,"JBA Production, Vital Films, National Film Development Corporation of India",9,https://image.tmdb.org/t/p/w500/kFQFHEDxwvYV9wjoOaOvWKWf4v7.jpg,hi,0.0,Flop,5.301029995663981,0
Madam Don,1999,Unknown,0,0,1,133,,1,https://image.tmdb.org/t/p/w500/kL9p22mHgIJo3sp0USOVtkbKQXC.jpg,hi,0.0,Flop,5.301029995663981,0
Naukar Ki Kameez,1999,Drama,0,0,3,104,"Ant Carry the Mountain Films, ZDF/Arte",9,https://image.tmdb.org/t/p/w500/5tPIHp3u12p4fpb6BH9D25EndTu.jpg,hi,0.0,Flop,5.6020599913279625,0
Son of Dracula,1999,Horror,0,0,1,94,Sony Pictures,1,,hi,0.0,Flop,5.301029995663981,0
Tabaahi: The Destroyer,1999,Unknown,0,0,0,133,,1,https://image.tmdb.org/t/p/w500/kJda0Nf9fE6chs15ubGL5jUhzs6.jpg,hi,0.0,Flop,5.0,0
Maa Kasam,1999,Action,0,0,1,132,,10,https://image.tmdb.org/t/p/w500/hwsy78fKHb3jSlsDyy24KzKHRE9.jpg,hi,0.0,Flop,5.301029995663981,0
Prayas,1999,Unknown,0,0,0,44,,9,,hi,0.0,Flop,5.0,0
Dulhan Bani Daayan,1999,Horror,0,0,0,98,,9,https://image.tmdb.org/t/p/w500/MlV3PFzRHTHrxYVtw4HW5b3Q0M.jpg,hi,0.0,Flop,5.0,0
Kaala Samrajya,1999,Unknown,0,0,3,0,,3,https://image.tmdb.org/t/p/w500/hnmyn8DtJcpOr6n9FP3uSO0h1Uf.jpg,hi,0.0,Flop,5.6020599913279625,0
Khopdi: The Skull,1999,Horror,31600,39500,0,91,,7,https://image.tmdb.org/t/p/w500/aaCYudw1axFrY1g7sQ7THavLOAi.jpg,hi,0.25,Average,5.0,7900
Tripti,1999,Unknown,0,0,0,46,,7,,hi,0.0,Flop,5.0,0
Bhoot Ka Darr,1999,Horror,0,0,0,83,,4,https://image.tmdb.org/t/p/w500/aW8iy8dFfxFLc5ZUoGVeoGDPVkK.jpg,hi,0.0,Flop,5.0,0
My Little Devil,1999,"Drama, Family",0,0,1,87,"National Film Development Corporation of India, Les Productions La Fête",11,https://image.tmdb.org/t/p/w500/4s9S5LOdVim3TXqUP7sEJURdnft.jpg,hi,0.0,Flop,5.301029995663981,0
Trishakti,1999,Unknown,0,0,0,0,,8,,hi,0.0,Flop,5.0,0
Do Jism Ek Jaan Hain Hum,1999,Unknown,0,0,0,0,,1,,hi,0.0,Flop,5.0,0
Shaitan Tantrik,1999,"Fantasy, Horror",31600,21725,0,109,Star International,10,https://image.tmdb.org/t/p/w500/l0D1gLJ5c9bo2oNAHNiWrxTXC1b.jpg,hi,-0.3125,Flop,5.0,-9875
Zebra 2,1999,Unknown,0,0,0,45,,10,,hi,0.0,Flop,5.0,0
Ray: Life and Work of Satyajit Ray,1999,Documentary,0,0,0,105,,9,,hi,0.0,Flop,5.0,0
Fishing: In the Sea of Greed,1999,Documentary,0,0,0,42,,10,https://image.tmdb.org/t/p/w500/fQGZDVw3Bxzfxd7p2QoAzwcZqR5.jpg,hi,0.0,Flop,5.0,0
Sasta Jingi Mahag Senur,1999,"Drama, Family",0,0,0,157,,1,,hi,0.0,Flop,5.0,0
A Minute of Silence,1999,Documentary,0,0,1,63,,10,,hi,0.0,Flop,5.301029995663981,0
Baba Nagarjun,1999,Documentary,0,0,0,30,Sahitya Akademi,2,https://image.tmdb.org/t/p/w500/gxjMoiOeSybPNxyPc4IKHvGPWOx.jpg,hi,0.0,Flop,5.0,0
Haveli Ke Peeche,1999,Horror,0,0,0,0,,10,https://image.tmdb.org/t/p/w500/sKthW0WaXeqmIlKYKGeLZCuReSx.jpg,hi,0.0,Flop,5.0,0
Dhadkan,2000,"Drama, Romance",0,0,43,171,,8,https://image.tmdb.org/t/p/w500/icWt3AGrkXToqWyBviHEfG7auQV.jpg,hi,0.0,Flop,6.643452676486188,0
Hera Pheri,2000,"Comedy, Crime",1666000,4755000,292,156,A.G. Films,3,https://image.tmdb.org/t/p/w500/23MKGUPT5laTStim4TaGhfgSltu.jpg,hi,1.8541416566626652,Hit,7.46686762035411,3089000
Kunwara,2000,"Comedy, Romance",0,0,12,134,Geetha Arts,7,https://image.tmdb.org/t/p/w500/tLSmEZTqWrj4NPu7PQJ6IHKRh0l.jpg,hi,0.0,Flop,6.113943352306837,0
Mohabbatein,2000,"Drama, Romance",4000000,20000000,280,216,Yash Raj Films,10,https://image.tmdb.org/t/p/w500/dDsYaBazrYKg9bv8qgsEohZQMat.jpg,hi,4.0,Hit,7.44870631990508,16000000
Jwalamukhi,2000,Unknown,0,0,1,135,,1,https://image.tmdb.org/t/p/w500/8LLREMfDHeUuiehHeOrtTHn9In5.jpg,hi,0.0,Flop,5.301029995663981,0
Shikaar,2000,"Action, Crime, Music",0,0,1,135,,7,,hi,0.0,Flop,5.301029995663981,0
Joru ka Ghulam,2000,Unknown,0,0,13,162,,6,https://image.tmdb.org/t/p/w500/lqukWizp1euDvBjfx7FNFsQt5sp.jpg,hi,0.0,Flop,6.146128035678238,0
Agniputra,2000,Action,0,0,1,122,,1,https://image.tmdb.org/t/p/w500/sS6iUnuIb7HLWrADGxAyHXIvjiT.jpg,hi,0.0,Flop,5.301029995663981,0
Sultaan,2000,Unknown,0,0,1,0,,2,https://image.tmdb.org/t/p/w500/iZguR82F3u4YaeSV3LivLDNDd5X.jpg,hi,0.0,Flop,5.301029995663981,0
Mela,2000,"Action, Adventure, Comedy, Drama, Romance",0,0,34,156,,1,https://image.tmdb.org/t/p/w500/rPF46QLaBni9PXvbjmA8zSeaiJ5.jpg,hi,0.0,Flop,6.544068044350276,0
Kurukshetra,2000,"Action, Crime, Drama",0,0,9,129,,10,https://image.tmdb.org/t/p/w500/1Htj8whWO1haeqerbgWr7VVYxq7.jpg,hi,0.0,Flop,6.0,0
Phir Bhi Dil Hai Hindustani,2000,"Romance, Comedy, Crime",0,588571,88,160,"Red Chillies Entertainment, Dreamz Unlimited, Eros Entertainment",1,https://image.tmdb.org/t/p/w500/7VvNZVMbUcxwfdLZlUSZnKFYu0p.jpg,hi,0.0,Flop,6.949390006644913,588571
Deewane,2000,Unknown,0,0,6,164,,8,https://image.tmdb.org/t/p/w500/cvdiDEeB5XoqPBO2j86LVaagxIK.jpg,hi,0.0,Flop,5.845098040014257,0
Vikrut,2000,Unknown,0,0,0,40,,1,,hi,0.0,Flop,5.0,0
Badal,2000,"Action, Crime, Romance",7000000,0,13,173,,2,https://image.tmdb.org/t/p/w500/lMMOhx1VTkf3TS5xnS1LisoRIHc.jpg,hi,-1.0,Flop,6.146128035678238,-7000000
Fiza,2000,"Drama, Romance",1000000,623791,31,170,UTV Motion Pictures,9,https://image.tmdb.org/t/p/w500/qS043WN2PK3tKljRyQKh8SXRHk5.jpg,hi,-0.376209,Flop,6.505149978319906,-376209
Mission Kashmir,2000,"Action, Drama, Thriller",0,0,48,151,"Vidhu Vinod Chopra Productions, Destination Films",10,https://image.tmdb.org/t/p/w500/tf2kw9HfzuowczsT7VDVR5KQxJH.jpg,hi,0.0,Flop,6.690196080028514,0
Raju Chacha,2000,"Action, Comedy, Family",0,402226,21,163,,12,https://image.tmdb.org/t/p/w500/eWT27sD5lp8y5CaMoknhFO3OwRi.jpg,hi,0.0,Flop,6.342422680822207,402226
Fursat Mein,2000,Unknown,0,0,0,44,,1,,hi,0.0,Flop,5.0,0
Ghaath,2000,"Thriller, Crime, Drama",0,0,0,158,K. Bhagyalaxmi Pictures,12,https://image.tmdb.org/t/p/w500/98k4e7IXFgDXpkTZ5k4uA7b8ye1.jpg,hi,0.0,Flop,5.0,0
Josh,2000,"Romance, Drama",6900000,15000000,73,157,United Seven Combines,6,https://image.tmdb.org/t/p/w500/epulB8WC1mGIEFJPZr50LVCKt6k.jpg,hi,1.173913043478261,Hit,6.869231719730976,8100000
Dil Hi Dil Mein,2000,Romance,0,0,2,147,,4,https://image.tmdb.org/t/p/w500/kgr4BRzaVIWcgSF6Dz2Hnbl91tv.jpg,hi,0.0,Flop,5.477121254719663,0
Bhootni,2000,Horror,0,0,1,80,,1,https://image.tmdb.org/t/p/w500/ijXWJ8MwHo6Wzq7X5LzD5CU0jdP.jpg,hi,0.0,Flop,5.301029995663981,0
Hamara Dil Aapke Paas Hai,2000,"Drama, Romance",0,392023,15,165,,8,https://image.tmdb.org/t/p/w500/jAmnbYwpSwZjHpZS9UX9RQVT1ux.jpg,hi,0.0,Flop,6.204119982655925,392023
Dulhan Hum Le Jayenge,2000,"Comedy, Romance",0,0,30,141,,3,https://image.tmdb.org/t/p/w500/xC05yY7nXCOMh31NvBQhHO4Qg4x.jpg,hi,0.0,Flop,6.491361693834273,0
Champion,2000,"Action, Comedy, Crime, Drama",0,0,6,160,Shree Shiv Bhakti Films,12,https://image.tmdb.org/t/p/w500/wQzymfKE6fuMVLA4CxTvecSmhea.jpg,hi,0.0,Flop,5.845098040014257,0
Bichhoo,2000,"Action, Crime, Thriller",0,0,16,162,Bhagwan Chitra Mandir (IN),7,https://image.tmdb.org/t/p/w500/xMAyftiTGHsIIh3Vlx2rK67pKbi.jpg,hi,0.0,Flop,6.230448921378274,0
Ek Ajooba,2000,Family,0,0,2,71,,7,https://image.tmdb.org/t/p/w500/nP20rqCh14N8N6NelX635g8cj5N.jpg,hi,0.0,Flop,5.477121254719663,0
Jungle,2000,"Romance, Action, Thriller",2300000,10000000,8,162,RGV Film Factory,7,https://image.tmdb.org/t/p/w500/vVUohFu3aCIc1xjAajJUx81x5cb.jpg,hi,3.347826086956522,Hit,5.954242509439325,7700000
Witness,2000,"Romance, Drama",0,0,0,40,Star Plus,7,https://image.tmdb.org/t/p/w500/eyZM8u4rRBAvU301Del0pjh1TN8.jpg,hi,0.0,Flop,5.0,0
Pukar,2000,"Action, Drama, Thriller, Romance",0,0,16,165,S K Film Enterprises,2,https://image.tmdb.org/t/p/w500/6CYvGwb1hmIQcBWjfpec599v7X4.jpg,hi,0.0,Flop,6.230448921378274,0
Chal Mere Bhai,2000,"Romance, Comedy",0,0,25,136,,5,https://image.tmdb.org/t/p/w500/7eyv5NxoQFwFGYwi2je4ryayYWb.jpg,hi,0.0,Flop,6.414973347970818,0
Refugee,2000,"Drama, Music, Romance",0,0,17,207,,6,https://image.tmdb.org/t/p/w500/gr8xmJPVUzNRpoIijXco6FMUjbK.jpg,hi,0.0,Flop,6.2552725051033065,0
Kahin Pyaar Na Ho Jaaye,2000,"Romance, Family, Comedy",0,0,24,165,Siddhi Vinayak Creations,11,https://image.tmdb.org/t/p/w500/cb8oOM20UYi0BrmBKvRe9ZHOyKr.jpg,hi,0.0,Flop,6.3979400086720375,0
Rahasya,2000,Action,0,0,0,125,,1,https://image.tmdb.org/t/p/w500/aPR81gznHFlksqC8jI3RnT6OXrU.jpg,hi,0.0,Flop,5.0,0
Jung,2000,Action,0,0,9,147,Satish Tandon Productions,5,https://image.tmdb.org/t/p/w500/nNNUkYlTjngVYM25N1O8o7abyIZ.jpg,hi,0.0,Flop,6.0,0
Shikari,2000,Thriller,0,0,5,156,,10,https://image.tmdb.org/t/p/w500/lu3rkqZ17i72REwTdaXF5ayYaxu.jpg,hi,0.0,Flop,5.778151250383644,0
Kya Kehna,2000,"Drama, Romance",0,0,19,155,,5,https://image.tmdb.org/t/p/w500/xk8PvgLZkL33tBP1jh9WqZHN3ae.jpg,hi,0.0,Flop,6.301029995663981,0
Astitva,2000,Unknown,0,0,7,109,,10,https://image.tmdb.org/t/p/w500/uGAGCthCBGMuRuoKvRpw0EK0Ro0.jpg,hi,0.0,Flop,5.903089986991944,0
Har Dil Jo Pyar Karega,2000,"Comedy, Drama",0,12000000,44,168,Nadiadwala Grandson Entertainment,8,https://image.tmdb.org/t/p/w500/66CpsF2lrolmsHI2BgZH16Cb7EB.jpg,hi,0.0,Flop,6.653212513775344,12000000
Tera Jadoo Chal Gayaa,2000,Romance,0,0,2,0,,8,https://image.tmdb.org/t/p/w500/ez14a6KSGmG17BXe8AI2MJeTPd2.jpg,hi,0.0,Flop,5.477121254719663,0
Hadh Kar Di Aapne,2000,"Romance, Comedy",0,0,23,134,R.R. Productions,4,https://image.tmdb.org/t/p/w500/vf3YOjnTTBrAp7mKqbzkX8nC0bK.jpg,hi,0.0,Flop,6.380211241711606,0
Jis Desh Mein Ganga Rehta Hai,2000,"Comedy, Drama, Family",0,0,20,149,Universal Music Group,10,https://image.tmdb.org/t/p/w500/7uafbugXyAchvkdWJMA0JkmrvNe.jpg,hi,0.0,Flop,6.3222192947339195,0
Bhooth Haveli,2000,Horror,0,0,0,86,,9,https://image.tmdb.org/t/p/w500/fTNjrvpls99ThqySLMDmfC2zq9l.jpg,hi,0.0,Flop,5.0,0
Ganga Dacait,2000,Unknown,0,0,0,135,,1,https://image.tmdb.org/t/p/w500/xIdbjGdE8bMIJ4wOq8IkqHNCUV9.jpg,hi,0.0,Flop,5.0,0
Dhaai Akshar Prem Ke,2000,"Romance, Drama",0,0,14,167,Inderjit Films Combine,7,https://image.tmdb.org/t/p/w500/gabkUhs9jgF88XuIcn2ySre5HqM.jpg,hi,0.0,Flop,6.176091259055681,0
Baaghi,2000,"Romance, Crime",0,0,5,156,,4,https://image.tmdb.org/t/p/w500/yMUwKZ5BumGVWk0UTkNE8LX8Oc6.jpg,hi,0.0,Flop,5.778151250383644,0
Bamboo Flute,2000,Unknown,0,0,0,64,,1,https://image.tmdb.org/t/p/w500/96cBwGq2K6PIdVA9Dwh585FBLYh.jpg,hi,0.0,Flop,5.0,0
Khiladi 420,2000,"Thriller, Comedy, Crime",0,0,16,168,D. M. S. Films,12,https://image.tmdb.org/t/p/w500/b2K32HUUbRli705OQpO9uUciW0N.jpg,hi,0.0,Flop,6.230448921378274,0
Aaghaaz,2000,Unknown,0,0,4,0,,10,https://image.tmdb.org/t/p/w500/pbqtipiaqARXxGf88QAK7EIml8M.jpg,hi,0.0,Flop,5.698970004336019,0
Gaja Gamini,2000,"Drama, Fantasy",0,0,6,122,Dashaka Films,12,https://image.tmdb.org/t/p/w500/xYZPJR3XxygPEVGvPSryKJyZqXF.jpg,hi,0.0,Flop,5.845098040014257,0
Daku Ganga Jamuna,2000,Action,0,0,1,94,5001 Films,9,https://image.tmdb.org/t/p/w500/hjGeCvxteQqhOG2GB7dmy7Ix5W0.jpg,hi,0.0,Flop,5.301029995663981,0
Hari-Bhari,2000,Drama,0,0,1,134,National Film Development Corporation of India,1,https://image.tmdb.org/t/p/w500/51t45Aj6adDnybsrS9TVobtTLxS.jpg,hi,0.0,Flop,5.301029995663981,0
Raja Ko Rani Se Pyar Ho Gaya,2000,"Comedy, Romance",0,0,0,149,Shogun Films,12,https://image.tmdb.org/t/p/w500/uuQcv3U4G1jsaX6YLtFOyocBBWu.jpg,hi,0.0,Flop,5.0,0
Bawandar,2000,Unknown,0,0,3,0,,11,https://image.tmdb.org/t/p/w500/uCiDcCSN1kv7UOjlUN2yvOyXGbT.jpg,hi,0.0,Flop,5.6020599913279625,0
Karobaar,2000,"Drama, Romance",0,0,3,180,,9,https://image.tmdb.org/t/p/w500/wFSOXXrJklY2ngjIJCus9c2DfJW.jpg,hi,0.0,Flop,5.6020599913279625,0
Dil Pe Mat Le Yaar!!,2000,"Comedy, Drama, Crime",0,0,0,148,,9,https://image.tmdb.org/t/p/w500/2CpWdhlh2rogwHCqYvZHk8V1zFe.jpg,hi,0.0,Flop,5.0,0
Hum To Mohabbat Karega,2000,"Romance, Thriller",0,0,2,148,,5,https://image.tmdb.org/t/p/w500/dCzznqwqDtdwc0zqUBTDY3BMYae.jpg,hi,0.0,Flop,5.477121254719663,0
Gang,2000,"Drama, Action, Crime",0,0,2,165,,4,https://image.tmdb.org/t/p/w500/dYcuiiBDpPUvCcPbiWdH4REjGn3.jpg,hi,0.0,Flop,5.477121254719663,0
Street 13,2000,Horror,0,0,0,90,,1,https://image.tmdb.org/t/p/w500/hmTKSEd3KMtrrlRtspevIeRufIV.jpg,hi,0.0,Flop,5.0,0
Beti No. 1,2000,"Comedy, Drama, Family, Romance",0,0,4,142,,11,https://image.tmdb.org/t/p/w500/klAxXAuVmsPHaoTCwFQ0vLqAikb.jpg,hi,0.0,Flop,5.698970004336019,0
Basanti,2000,Unknown,0,0,0,110,,1,https://image.tmdb.org/t/p/w500/jVCwcJ6ihnmgd74mtY5qc9rBlva.jpg,hi,0.0,Flop,5.0,0
Papa the Great,2000,Family,0,0,2,143,,3,https://image.tmdb.org/t/p/w500/rWjCGC2jXhdGlbUnvpxqwkQKO0Z.jpg,hi,0.0,Flop,5.477121254719663,0
Last Train To Mahakali,2000,"Drama, Crime, Mystery",0,0,5,47,,1,https://image.tmdb.org/t/p/w500/pLV28xeEoInRillqMtt7VBXZRhn.jpg,hi,0.0,Flop,5.778151250383644,0
Fenugreek,2000,Unknown,0,0,0,11,,1,,hi,0.0,Flop,5.0,0
Sant Gyaneshwar,2000,Unknown,0,0,1,149,,3,,hi,0.0,Flop,5.301029995663981,0
Kaala Mandir,2000,Horror,0,0,0,0,,7,https://image.tmdb.org/t/p/w500/mCk3fqrq4fiJylspTcK8wAtoinv.jpg,hi,0.0,Flop,5.0,0
Mere Aagosh Mein,2000,Thriller,0,0,2,142,,1,https://image.tmdb.org/t/p/w500/c9mn9stebA1IdXSZnKVQBc1dhK4.jpg,hi,0.0,Flop,5.477121254719663,0
Choo Lenge Akash,2000,Unknown,0,0,0,0,,1,,hi,0.0,Flop,5.0,0
Scribbles on Akka,2000,Documentary,0,0,0,60,,1,https://image.tmdb.org/t/p/w500/yoFLyN4TKePtrV5ZTiNeq7yfpLH.jpg,hi,0.0,Flop,5.0,0
Bhai Thakur,2000,Drama,0,0,0,118,,6,https://image.tmdb.org/t/p/w500/xbfR7flgvLe4bPEwKEwIItfOFKY.jpg,hi,0.0,Flop,5.0,0
Champakali,2000,Action,0,0,0,139,,1,https://image.tmdb.org/t/p/w500/7BtVJ3HtyQrpwBT7t8qiYTQqyQq.jpg,hi,0.0,Flop,5.0,0
Aaj Ka Ravan,2000,Unknown,0,0,1,125,,9,https://image.tmdb.org/t/p/w500/ptlMNw1bKLMaxK3AhgNeU6aIVei.jpg,hi,0.0,Flop,5.301029995663981,0
Aakhir Kaun Thi Woh?,2000,Unknown,0,0,0,110,,1,https://image.tmdb.org/t/p/w500/zM2iOBXYX9LmZHlreyYzd96uY9h.jpg,hi,0.0,Flop,5.0,0
Ronnie,2000,Drama,0,0,0,20,,4,https://image.tmdb.org/t/p/w500/6cY0KRfawR8t2rAPlW1dbHlUc0t.jpg,hi,0.0,Flop,5.0,0
Khooni Kangan,2000,Horror,0,0,0,100,,1,https://image.tmdb.org/t/p/w500/273w1gvPcrrvVAZugvWIo4YFzR3.jpg,hi,0.0,Flop,5.0,0
The Magic Pearl,2000,Unknown,0,0,1,0,,2,https://image.tmdb.org/t/p/w500/nKK99aRf9rUiXjErQVUQpsTHiED.jpg,hi,0.0,Flop,5.301029995663981,0
Govind Aur Ganesh,2000,Unknown,0,0,0,45,Star Plus,2,https://image.tmdb.org/t/p/w500/oyqSeaTBvtpE7q9NTaHq5D7GM6d.jpg,hi,0.0,Flop,5.0,0
Kaali Topi Lal Rumaal,2000,"Action, Crime, Drama",0,0,0,130,Tridev Films Associates,9,https://image.tmdb.org/t/p/w500/1FpGbmgZZc404BSO2zZ1UkH49R5.jpg,hi,0.0,Flop,5.0,0
Shamshaan,2000,Horror,0,0,0,0,Smt. Kamaladevi Productions,1,https://image.tmdb.org/t/p/w500/96NaC8LfDEh8zhvGEO830reLuTJ.jpg,hi,0.0,Flop,5.0,0
Lokapriya,2000,Documentary,0,0,0,28,,6,https://image.tmdb.org/t/p/w500/hdeQBQEWt6xk9nm8D7FdqwXz9rO.jpg,hi,0.0,Flop,5.0,0
Jai Bhavani,2000,Unknown,0,0,0,81,,1,https://image.tmdb.org/t/p/w500/XtOtksxxQJWHkol3arHBF3IDwO.jpg,hi,0.0,Flop,5.0,0
Tapish,2000,Unknown,0,0,0,0,,1,https://image.tmdb.org/t/p/w500/6rDv7qx4yctAOCfSQzcDUYspJhN.jpg,hi,0.0,Flop,5.0,0
Sabse Bada Beimaan,2000,"Action, Drama",0,0,0,140,,12,https://image.tmdb.org/t/p/w500/4uUKtL4ZiwFczSvMUC90oEromR0.jpg,hi,0.0,Flop,5.0,0
When Four Friends Meet,2000,Unknown,0,0,0,43,,3,https://image.tmdb.org/t/p/w500/qep47IfjcejRCk0fabJWA2YhE2k.jpg,hi,0.0,Flop,5.0,0
Maut Ki Raat,2000,Horror,0,0,0,0,,1,https://image.tmdb.org/t/p/w500/8vki4Dzc19wc5C4aRCnhhrWe7ih.jpg,hi,0.0,Flop,5.0,0
Do Hafte Guzarte Do Hafte Nahin Lagte,2000,Unknown,0,0,0,20,Film and Television Institute of India,1,https://image.tmdb.org/t/p/w500/lJgMTKTh3xzFbpwlqazQW014VBw.jpg,hi,0.0,Flop,5.0,0
Tune Mera Dil Le Liyaa,2000,Unknown,0,0,0,0,,2,,hi,0.0,Flop,5.0,0
Rahul,2001,Drama,0,0,2,151,,3,https://image.tmdb.org/t/p/w500/2B3Xfp24iH8DheYXBFPRIpWp8r6.jpg,hi,0.0,Flop,5.477121254719663,0
Mitti,2001,"Thriller, Action, Crime",0,0,1,155,,10,https://image.tmdb.org/t/p/w500/9w6UsXuXU5OWVATbM1shwiCAaEk.jpg,hi,0.0,Flop,5.301029995663981,0
Kabhi Khushi Kabhie Gham,2001,"Comedy, Drama",7500000,11336308,588,209,"Dharma Productions, Yash Raj Films, British Film Commission, K3G Films Limited",12,https://image.tmdb.org/t/p/w500/12BvYKueY0eruZuTYIextEZaCC.jpg,hi,0.5115077333333333,Average,7.770115294787102,3836308
Moksha: Salvation,2001,Drama,0,0,4,148,,11,https://image.tmdb.org/t/p/w500/cuM7sXzAG9Qk1gDtnFShnjSBtBi.jpg,hi,0.0,Flop,5.698970004336019,0
Bhairav,2001,Action,3,0,0,125,SDR Films,1,https://image.tmdb.org/t/p/w500/9PxrOqiQqLFPD8QouXcmOCsQUjz.jpg,hi,-1.0,Flop,5.0,-3
Ittefaq,2001,Thriller,0,0,0,138,Spark Media,6,https://image.tmdb.org/t/p/w500/qAYS6v142dUnw27G5cUQRBCyWo7.jpg,hi,0.0,Flop,5.0,0
Maya,2001,Drama,0,0,1,105,,9,https://image.tmdb.org/t/p/w500/c7SZTbIXu2iIjDsbO5LqmfR0xjY.jpg,hi,0.0,Flop,5.301029995663981,0
Shirdi Sai Baba,2001,"Drama, Mystery",0,0,0,120,Divine Entertainment Limited,1,,hi,0.0,Flop,5.0,0
Grahan,2001,Unknown,0,0,0,140,,2,https://image.tmdb.org/t/p/w500/oDrHBU83RPP3Cd4zF7ityfhSMxO.jpg,hi,0.0,Flop,5.0,0
Lagaan: Once Upon a Time in India,2001,"Adventure, Drama, History",5200000,8100000,620,233,"Aamir Khan Productions, Jhamu Sughand Productions, Ashutosh Gowariker Productions",6,https://image.tmdb.org/t/p/w500/yNX9lFRAFeNLNRIXdqZK9gYrYKa.jpg,hi,0.5576923076923077,Average,7.79309160017658,2900000
Zahreela,2001,"Action, Drama, Thriller",0,0,1,0,Aabha films,3,https://image.tmdb.org/t/p/w500/dMeVdgaSQz6fh3XTqDdlFL1tNUc.jpg,hi,0.0,Flop,5.301029995663981,0
Style,2001,"Comedy, Thriller",0,0,14,159,N Chandra Global Infotainment Ltd,12,https://image.tmdb.org/t/p/w500/o4mUnnrYGGg45yWKke7fNV9iWnp.jpg,hi,0.0,Flop,6.176091259055681,0
Tere Liye,2001,"Music, Drama, Family",0,0,1,138,,12,https://image.tmdb.org/t/p/w500/k69n1qShf6huLXSVnMm4olkNZyV.jpg,hi,0.0,Flop,5.301029995663981,0
Chhupa Rustam: A Musical Thriller,2001,"Thriller, Romance",0,0,4,127,Seven Arts Productions,3,https://image.tmdb.org/t/p/w500/g0EJF54aRD9GXncQmuiDkVvhV9w.jpg,hi,0.0,Flop,5.698970004336019,0
Aśoka,2001,"Action, Adventure, Drama, History, Romance, War",17000000,19000000,157,175,Red Chillies Entertainment,9,https://image.tmdb.org/t/p/w500/ckFDMqLjhsYo2kH3X5auV1NnjPM.jpg,hi,0.11764705882352941,Average,7.198657086954423,2000000
Gadar: Ek Prem Katha,2001,"Action, Drama, Romance, History",0,0,74,182,"Nittin Keni Creations, Zee Telefilms, Zee Studios",6,https://image.tmdb.org/t/p/w500/yItg48ViirZHWmuD15reEyMfr4x.jpg,hi,0.0,Flop,6.8750612633917,0
Nayak: The Real Hero,2001,"Drama, Thriller, Action",0,0,106,187,Sri Surya Films,9,https://image.tmdb.org/t/p/w500/lT8MCmidz11cuLWb68Ao0anB3mW.jpg,hi,0.0,Flop,7.02938377768521,0
Monsoon Wedding,2001,"Comedy, Drama, Romance",1200000,30787356,216,114,"IFC Productions, Mirabai Films, Key Film Productions, Pandora Film, Paradis Films, iDream Productions",8,https://image.tmdb.org/t/p/w500/vCwkv7tYFem0tQ9Duoq2MX7T7Zd.jpg,hi,24.65613,Hit,7.33645973384853,29587356
Ek Rishtaa: The Bond of Love,2001,"Drama, Family",0,0,8,174,,5,https://image.tmdb.org/t/p/w500/8c1HSfaS0DujEThLsZmN5tUyL47.jpg,hi,0.0,Flop,5.954242509439325,0
Yaadein,2001,Drama,0,0,38,193,Mukta Arts Ltd,7,https://image.tmdb.org/t/p/w500/hCNl3EkwEAmuZt8vxq9gyGG3e7e.jpg,hi,0.0,Flop,6.5910646070264995,0
Rehnaa Hai Terre Dil Mein,2001,"Drama, Romance",0,0,41,168,Pooja Entertainment,10,https://image.tmdb.org/t/p/w500/qTKDqkD5h5ADx9ZoBh6RWNz4DcV.jpg,hi,0.0,Flop,6.623249290397901,0
Aashiq,2001,"Action, Romance",0,0,7,160,,1,https://image.tmdb.org/t/p/w500/hbZukvlXufjDzQVJ2PycABTIiN.jpg,hi,0.0,Flop,5.903089986991944,0
Chori Chori Chupke Chupke,2001,"Drama, Romance",0,0,77,160,Emaar Films International,3,https://image.tmdb.org/t/p/w500/lwanyGNvbpMO7AzRj18qhO46bcs.jpg,hi,0.0,Flop,6.892094602690481,0
Kasoor,2001,"Drama, Mystery, Thriller",0,0,13,151,Vishesh Films,2,https://image.tmdb.org/t/p/w500/szT2yDKj5MUNBovMS1l69Boh8o0.jpg,hi,0.0,Flop,6.146128035678238,0
Ajnabee,2001,"Action, Crime, Drama, Thriller",0,0,49,165,Film Folks,9,https://image.tmdb.org/t/p/w500/rIscKIZxR4HXzLiWgAU7GykfpfI.jpg,hi,0.0,Flop,6.698970004336019,0
Indian,2001,"Action, Crime, Drama",0,0,14,178,"Vijayta Films, Sunny Sounds",10,https://image.tmdb.org/t/p/w500/kMoS0caFjAsEJFX5HrbMGd4g51T.jpg,hi,0.0,Flop,6.176091259055681,0
Zubeidaa,2001,"Romance, Drama, History, Music",0,0,15,150,"Shyam Benegal Sahayadri Films, F.K.R. Productions",1,https://image.tmdb.org/t/p/w500/mLKbYm0qhjmRbK5lu28mI5Xi3dy.jpg,hi,0.0,Flop,6.204119982655925,0
Jodi No. 1,2001,"Comedy, Romance",0,0,28,140,Time Magnetics,4,https://image.tmdb.org/t/p/w500/wa9cSm4exWeevID8TBHH7ZQYPi9.jpg,hi,0.0,Flop,6.462397997898956,0
Lajja,2001,Drama,0,0,15,185,,9,https://image.tmdb.org/t/p/w500/xFvCS5h3TyixKaBintDoVjYGyVZ.jpg,hi,0.0,Flop,6.204119982655925,0
Aamdani Atthanni Kharcha Rupaiya,2001,Comedy,0,0,23,161,,12,https://image.tmdb.org/t/p/w500/9xl6TNdI2QM1kKBrsuNKJkWadu4.jpg,hi,0.0,Flop,6.380211241711606,0
Dil Ne Phir Yaad Kiya,2001,"Drama, Romance, Music",0,0,2,120,,9,https://image.tmdb.org/t/p/w500/AdpzZu3gAWnViFGfXoctKbu9cRs.jpg,hi,0.0,Flop,5.477121254719663,0
Malkin,2001,"Drama, Thriller",0,0,0,96,B4U Entertainment,1,,hi,0.0,Flop,5.0,0
Mujhe Kucch Kehna Hai,2001,Romance,0,0,21,137,Pooja Entertainment,5,https://image.tmdb.org/t/p/w500/u2YYZYm5NAKTI4cNfl3dgt3HBfo.jpg,hi,0.0,Flop,6.342422680822207,0
Dial 100,2001,"Drama, Crime",0,0,0,180,,10,,hi,0.0,Flop,5.0,0
Chandni Bar,2001,"Crime, Drama",0,0,27,143,,9,https://image.tmdb.org/t/p/w500/x714ESupc6VL0Y7Kdgwqdp389IR.jpg,hi,0.0,Flop,6.447158031342219,0
Kyo Kii... Main Jhuth Nahin Bolta,2001,Comedy,0,0,31,149,Balaji Motion Pictures,9,https://image.tmdb.org/t/p/w500/mNw4wVuvtJP15JFKGtpc9VRPsQe.jpg,hi,0.0,Flop,6.505149978319906,0
Yeh Raaste Hain Pyaar Ke,2001,Unknown,0,0,8,150,,8,https://image.tmdb.org/t/p/w500/sg9gpuKn8XAQKAkBlORzbzg15X4.jpg,hi,0.0,Flop,5.954242509439325,0
Arjun Devaa,2001,"Action, Crime",0,0,0,133,,11,https://image.tmdb.org/t/p/w500/uMlh3WzkKu8gSBS5hi1bSBHk5QW.jpg,hi,0.0,Flop,5.0,0
Meri Pyaari Bahania Banegi Dulhania,2001,Family,0,0,2,131,,8,https://image.tmdb.org/t/p/w500/2ZsPzBpCWc2u0t8GPMrtoUJvhou.jpg,hi,0.0,Flop,5.477121254719663,0
Khatron Ke Khiladi,2001,Action,0,0,0,156,,5,,hi,0.0,Flop,5.0,0
Bhayanak Bhootani,2001,Horror,0,0,0,0,,1,https://image.tmdb.org/t/p/w500/qpELAKnQfk5t62pAGB2N1F6P1Kg.jpg,hi,0.0,Flop,5.0,0
Ehsaas: The Feeling,2001,Drama,0,0,2,0,,1,https://image.tmdb.org/t/p/w500/zSYkW77tMgpxFNaWHpwZiUvdjfT.jpg,hi,0.0,Flop,5.477121254719663,0
Ek Aur Jung,2001,"Action, Crime",0,0,0,133,,3,https://image.tmdb.org/t/p/w500/4aERccqLN2KtQMt2xd11wGydUrA.jpg,hi,0.0,Flop,5.0,0
Daughters of This Century,2001,Unknown,0,0,0,180,Shunya Communications,3,,hi,0.0,Flop,5.0,0
Daman: A Victim of Marital Violence,2001,Drama,0,0,3,130,National Film Development Corporation of India,5,https://image.tmdb.org/t/p/w500/4CcB3dr3zfo6TlxP2YShOMFiept.jpg,hi,0.0,Flop,5.6020599913279625,0
Maut Ki Haveli,2001,Horror,23700,20540,0,0,R.D. Films,11,https://image.tmdb.org/t/p/w500/2VsdII61kNcdjf7FdpgQlpUwIIW.jpg,hi,-0.13333333333333333,Flop,5.0,-3160
Woh Kaun Thi,2001,Horror,0,0,0,143,Millennium Films International,1,https://image.tmdb.org/t/p/w500/lZd2IqnAw9p0IzuV99mXwsuAn7C.jpg,hi,0.0,Flop,5.0,0
Tahkhana,2001,Horror,23505,18412,0,90,5001 Films,6,https://image.tmdb.org/t/p/w500/pMcUpyAc1VaS38KJD96DH8Bd0vX.jpg,hi,-0.21667730270155286,Flop,5.0,-5093
Bengal tiger,2001,Action,0,0,1,121,Titwalas filmwalas,6,https://image.tmdb.org/t/p/w500/yOysDdKqd9BmkW82mhHzq2YbRl0.jpg,hi,0.0,Flop,5.301029995663981,0
Bholi Bhali Ladki,2001,"Crime, Thriller",0,0,0,121,,6,,hi,0.0,Flop,5.0,0
Uljhan,2001,Unknown,0,0,1,0,,5,https://image.tmdb.org/t/p/w500/EddZzsWZxgMRtfTSaO4KrRY5VK.jpg,hi,0.0,Flop,5.301029995663981,0
Dafan,2001,Horror,39175,32124,0,100,Ishwar Films,3,https://image.tmdb.org/t/p/w500/7BzvDkZwXvXtL9XVPpTTekMiBO7.jpg,hi,-0.17998723675813658,Flop,5.0,-7051
Ramgadh Ki Ramkali,2001,Unknown,0,0,0,115,,1,https://image.tmdb.org/t/p/w500/8I9bl34iOpWFA80qXgZRTxATmkE.jpg,hi,0.0,Flop,5.0,0
Bhookha Sher,2001,Unknown,0,0,0,109,,8,https://image.tmdb.org/t/p/w500/85wmOs75fgVSB59f0VdSyzBDggI.jpg,hi,0.0,Flop,5.0,0
Kaam Granth,2001,Drama,0,0,0,0,,1,,hi,0.0,Flop,5.0,0
Dattak,2001,Drama,0,0,0,125,National Film Development Corporation of India,11,https://image.tmdb.org/t/p/w500/7ugnbVCoXrWiaLIYepj4RaAIX2U.jpg,hi,0.0,Flop,5.0,0
Main Hoon Qatil Jaadugarni,2001,"Thriller, Horror",0,0,0,88,,1,https://image.tmdb.org/t/p/w500/2e5k8sHH7cUgaUpZZHzLLolju7M.jpg,hi,0.0,Flop,5.0,0
Smita,2001,Documentary,0,0,0,16,Films Division of India,12,https://image.tmdb.org/t/p/w500/rfphWyJdutqhp9VARPRNAL6mmZ0.jpg,hi,0.0,Flop,5.0,0
Bhaago Bhoot,2001,Unknown,0,0,0,0,,1,,hi,0.0,Flop,5.0,0
Saugandh Geeta Ki,2001,Unknown,0,0,0,0,,10,,hi,0.0,Flop,5.0,0
Jaydev,2001,Unknown,0,0,1,0,,5,https://image.tmdb.org/t/p/w500/mr5yYHRZR5Ar0TB9q7TBw826DI2.jpg,hi,0.0,Flop,5.301029995663981,0
Prem Jaal,2001,Thriller,0,0,0,0,,1,https://image.tmdb.org/t/p/w500/jghyoE4PqjtnL5KcnZiNxSVjnNS.jpg,hi,0.0,Flop,5.0,0
Aage Maut Peeche Maut,2001,Horror,0,0,0,78,Reshma Enterprises,3,https://image.tmdb.org/t/p/w500/zITDObnBWgerIOh2JDBfNGiIOtC.jpg,hi,0.0,Flop,5.0,0
Devi Tere Roop Anek,2001,Unknown,0,0,0,114,Aryan International,1,https://image.tmdb.org/t/p/w500/k9czJ1nqX7fc5S5NK7ieIiQLpas.jpg,hi,0.0,Flop,5.0,0
Annarth,2002,"Action, Thriller",0,0,2,0,Suryoday Production,11,https://image.tmdb.org/t/p/w500/vxc2rEE0xMaaMivjhuGyeArDioo.jpg,hi,0.0,Flop,5.477121254719663,0
Bibhatsa,2002,Unknown,0,0,0,0,,1,,hi,0.0,Flop,5.0,0
Maseeha,2002,Drama,0,0,1,118,,1,https://image.tmdb.org/t/p/w500/irPukH7N7xlUHl4lGb4uTCwcjxF.jpg,hi,0.0,Flop,5.301029995663981,0
The Wound,2002,"Action, Crime, Drama",0,0,0,124,,12,https://image.tmdb.org/t/p/w500/xq94XL909z1jcRSg84THwYMDdOR.jpg,hi,0.0,Flop,5.0,0
Qaidi,2002,Action,0,0,0,101,Bohra Bros Productions,5,,hi,0.0,Flop,5.0,0
Devdas,2002,"Drama, Romance",6663555,13311117,368,185,"V.I.P. Films, Mega Bollywood Private Limited",7,https://image.tmdb.org/t/p/w500/dUBFi7bnLRfm4WaTh4ZoF2tbBJj.jpg,hi,0.9975999297672189,Average,7.567026366159061,6647562
Yeh Dil Aashiqanaa,2002,"Romance, Action",0,1070000,4,152,A.K. International [IN],1,https://image.tmdb.org/t/p/w500/9cw9yd7dJaVcf1Hd947Tyu1reaJ.jpg,hi,0.0,Flop,5.698970004336019,1070000
16 December,2002,"Action, Thriller, Crime",0,0,11,158,,3,https://image.tmdb.org/t/p/w500/7sWFJFSIKnqyk0wRSn56uSWpuQM.jpg,hi,0.0,Flop,6.079181246047625,0
Mujhse Dosti Karoge!,2002,"Romance, Comedy, Drama",0,0,86,149,Yash Raj Films,8,https://image.tmdb.org/t/p/w500/mHByEO7KRpABh1HvNoel3L6Y74O.jpg,hi,0.0,Flop,6.939519252618618,0
Rishtey,2002,"Action, Drama",0,0,15,156,,8,https://image.tmdb.org/t/p/w500/Apm7IbwR26Q1kl1yUckPPmAZEUZ.jpg,hi,0.0,Flop,6.204119982655925,0
Saathiya,2002,"Romance, Drama",900000,3500000,56,143,"Yash Raj Films, Madras Talkies",12,https://image.tmdb.org/t/p/w500/905TrVqL3R6PmaT2difJaB6I0OM.jpg,hi,2.888888888888889,Hit,6.7558748556724915,2600000
Hathyar,2002,Unknown,0,0,12,140,Venus Records & Tapes,10,https://image.tmdb.org/t/p/w500/fih088o07oF0w1jbBsC1mzmLAvS.jpg,hi,0.0,Flop,6.113943352306837,0
Dil Hai Tumhaara,2002,"Drama, Romance",0,0,31,185,Tips Industries,9,https://image.tmdb.org/t/p/w500/6DkO7aZTZtXNESGcSq3R1wmrb06.jpg,hi,0.0,Flop,6.505149978319906,0
Sur: The Melody of Life,2002,Drama,0,0,4,143,,9,https://image.tmdb.org/t/p/w500/9YsFm8oCrOW9LdX6ksQ65aSKFNK.jpg,hi,0.0,Flop,5.698970004336019,0
Awara Paagal Deewana,2002,"Comedy, Action",0,0,48,169,Base Industries Group,6,https://image.tmdb.org/t/p/w500/yrNFzWj68qBC0zcf1HvX6sqeSoV.jpg,hi,0.0,Flop,6.690196080028514,0
Raaz,2002,"Thriller, Horror",0,0,42,152,,2,https://image.tmdb.org/t/p/w500/6dMZIg4hgc5tF50NbmXYb0yIlrj.jpg,hi,0.0,Flop,6.633468455579586,0
The Legend of Bhagat Singh,2002,"Crime, Drama, History",3000000,6000000,67,155,,6,https://image.tmdb.org/t/p/w500/pOd8woHbZUDn9HheKTkSQHFNTZ2.jpg,hi,1.0,Hit,6.832508912706237,3000000
Shakti: The Power,2002,"Action, Drama",0,0,18,185,Sridevi Productions,9,https://image.tmdb.org/t/p/w500/3nn3XFCa0FreqSG7GfDK5bDUH12.jpg,hi,0.0,Flop,6.278753600952829,0
Mere Yaar Ki Shaadi Hai,2002,"Comedy, Romance",0,0,16,158,Yash Raj Films,6,https://image.tmdb.org/t/p/w500/26fFnoLCuA5vzEGQsmLbNYBiI8J.jpg,hi,0.0,Flop,6.230448921378274,0
Hum Kisi Se Kum Nahin,2002,"Comedy, Action, Romance, Drama",0,0,17,161,Shaboo Arts,5,https://image.tmdb.org/t/p/w500/nzbPBEd26aJg6aLUF4eMWePWr9o.jpg,hi,0.0,Flop,6.2552725051033065,0
Tum Se Achcha Kaun Hai,2002,"Music, Romance",0,0,3,150,,4,https://image.tmdb.org/t/p/w500/2jKtb46wkmuWVNzDj2TwNhVt62I.jpg,hi,0.0,Flop,5.6020599913279625,0
Yeh Hai Jalwa,2002,"Romance, Drama, Comedy",0,0,17,142,M.K.D. Films Combine,7,https://image.tmdb.org/t/p/w500/mkyJsWJYfd1CBwU8ugGzhOQzVvA.jpg,hi,0.0,Flop,6.2552725051033065,0
Tumko Na Bhool Paayenge,2002,"Action, Drama, Mystery",0,0,28,160,,2,https://image.tmdb.org/t/p/w500/r6iPNnVGMDHbNqFdNfZhcoaDOhg.jpg,hi,0.0,Flop,6.462397997898956,0
Aap Mujhe Achche Lagne Lage,2002,"Action, Romance, Drama",1600000,13000000,17,166,MK Films,4,https://image.tmdb.org/t/p/w500/hPGUJfuCHn02U8fepE9lrcfUfTO.jpg,hi,7.125,Hit,6.2552725051033065,11400000
Hum Tumhare Hain Sanam,2002,"Romance, Drama, Comedy",4800000,14000000,59,174,B.M.B. Pictures,5,https://image.tmdb.org/t/p/w500/46IXH3NtlWv2i7IeFigT5yb5T5.jpg,hi,1.9166666666666667,Hit,6.778151250383644,9200000
Makdee,2002,"Family, Horror, Fantasy",0,0,22,90,Vishal Bhardwaj Pictures,11,https://image.tmdb.org/t/p/w500/1HuLZToYLNaeDDwZCbWV3UP12gF.jpg,hi,0.0,Flop,6.361727836017593,0
Haan Maine Bhi Pyaar Kiya,2002,"Romance, Music",0,0,14,174,Shree Krishna International,2,https://image.tmdb.org/t/p/w500/wFVcLKae1o8mV8xeWTWM9Ej6paJ.jpg,hi,0.0,Flop,6.176091259055681,0
Yeh Mohabbat Hai,2002,"Romance, Action",0,0,0,94,"Cinevista Eagle Plus Media, Studio5",2,https://image.tmdb.org/t/p/w500/jJoZWVfQgvIlYuom0AjpSrsS81T.jpg,hi,0.0,Flop,5.0,0
Pyaar Diwana Hota Hai,2002,Unknown,0,0,6,148,,5,https://image.tmdb.org/t/p/w500/3KiqnNPifEyFFnwYgMjtkUoQc4y.jpg,hi,0.0,Flop,5.845098040014257,0
Kuch Tum Kaho Kuch Hum Kahein,2002,"Family, Action, Drama, Romance",0,0,7,173,,6,https://image.tmdb.org/t/p/w500/ehOYoB67TMm78iQQCURZqBvgzki.jpg,hi,0.0,Flop,5.903089986991944,0
Na Tum Jaano Na Hum,2002,"Romance, Drama",5800000,8000000,13,159,PFH Entertainment,5,https://image.tmdb.org/t/p/w500/cOIrm9WvMGvbliNZ88bK8hVYUc1.jpg,hi,0.3793103448275862,Average,6.146128035678238,2200000
Company,2002,"Action, Crime, Drama",1500000,6000000,71,156,RGV Film Factory,4,https://image.tmdb.org/t/p/w500/1A2J7bYryOmBVBU8qpTs3fta0hv.jpg,hi,3.0,Hit,6.857332496431269,4500000
Chalo Ishq Ladaaye,2002,Unknown,0,0,14,141,Vijaya Productions,11,https://image.tmdb.org/t/p/w500/gOjdeBCBIAVK9JQyF1LlVwTfiwJ.jpg,hi,0.0,Flop,6.176091259055681,0
Kaante,2002,"Crime, Thriller, Action",0,0,46,152,White Feather Films,12,https://image.tmdb.org/t/p/w500/ekNwKxMMXy5pWauS9FqnuzhXAE9.jpg,hi,0.0,Flop,6.672097857935718,0
Gunaah,2002,Drama,0,0,9,135,Vishesh Films,1,https://image.tmdb.org/t/p/w500/26qUtNxhTAnnLxW91jU8ulLIZ4V.jpg,hi,0.0,Flop,6.0,0
Road,2002,Thriller,0,0,9,144,RGV Film Factory,9,https://image.tmdb.org/t/p/w500/7tl9yuCM9VxphiPJHgtYQDNd7sK.jpg,hi,0.0,Flop,6.0,0
Pitaah,2002,"Drama, Action",0,0,5,133,,1,https://image.tmdb.org/t/p/w500/cg3GAKWQ8EjkdItuRqdACO1OpZh.jpg,hi,0.0,Flop,5.778151250383644,0
Ab Ke Baras,2002,"Adventure, Fantasy, Drama, Thriller, Romance",0,0,4,169,,5,https://image.tmdb.org/t/p/w500/cSSnEsprUzdqubPIpN5uV0lA1yF.jpg,hi,0.0,Flop,5.698970004336019,0
Humraaz,2002,"Action, Romance, Thriller",0,0,23,173,"Venus Film, Venus Records & Tapes",7,https://image.tmdb.org/t/p/w500/wYHShqkkup1WjTVBiNdRbfWzvki.jpg,hi,0.0,Flop,6.380211241711606,0
Aankhen,2002,"Crime, Thriller",0,0,72,165,,3,https://image.tmdb.org/t/p/w500/sv9tCwXzvTFSbA2OmH9nqQZCNQ7.jpg,hi,0.0,Flop,6.863322860120456,0
The Little Republic,2002,Unknown,0,0,0,90,,8,,hi,0.0,Flop,5.0,0
Jeena Sirf Merre Liye,2002,"Action, Drama",0,0,8,137,,11,https://image.tmdb.org/t/p/w500/u1pixMLuYRuywZxXFciYfrhafvW.jpg,hi,0.0,Flop,5.954242509439325,0
Jaani Dushman: Ek Anokhi Kahani,2002,"Action, Fantasy, Thriller, Horror",0,0,29,179,,8,https://image.tmdb.org/t/p/w500/e9Aps5rxiu3lzPgtccEERfReJ6R.jpg,hi,0.0,Flop,6.477121254719663,0
Deewangee,2002,"Crime, Drama, Mystery, Thriller, Romance",220000000,992178,16,156,"Neha Arts, T-Series",10,https://image.tmdb.org/t/p/w500/m9gx5aY4V9cNkNTLROjgIFsUuzd.jpg,hi,-0.9954901,Flop,6.230448921378274,-219007822
Kya Yehi Pyaar Hai,2002,"Romance, Comedy, Music",0,0,6,145,Geetha Arts,4,https://image.tmdb.org/t/p/w500/zwOsAAkcs7A4NDDPcPujodaJRZf.jpg,hi,0.0,Flop,5.845098040014257,0
Om Jai Jagadish,2002,Drama,0,0,21,172,Pooja Entertainment,7,https://image.tmdb.org/t/p/w500/cdKXPLHY2O6Wgx5kNoCLmEEqFbP.jpg,hi,0.0,Flop,6.342422680822207,0
Kranti,2002,"Action, Drama",0,0,2,142,,3,https://image.tmdb.org/t/p/w500/dH9jHruCCwPHEdNq6KY5iL6hdA4.jpg,hi,0.0,Flop,5.477121254719663,0
Ek Chhotisi Love Story,2002,"Romance, Drama",0,0,8,145,,9,https://image.tmdb.org/t/p/w500/cRk0cGCQzKE9p8tARrvPaxnHO9l.jpg,hi,0.0,Flop,5.954242509439325,0
Filhaal...,2002,Unknown,0,0,0,151,,2,https://image.tmdb.org/t/p/w500/5urxHiyH8ZizWOjIjnzaRrvb4tF.jpg,hi,0.0,Flop,5.0,0
Badhaai Ho Badhaai,2002,"Comedy, Music, Drama",0,0,9,149,,11,https://image.tmdb.org/t/p/w500/vqT2U732KIHdSCRCeO0lslsmkxp.jpg,hi,0.0,Flop,6.0,0
Agni Varsha,2002,"Drama, Fantasy",0,25049,4,130,"iDream Productions, Sunny Films",8,https://image.tmdb.org/t/p/w500/nhfDynC2g6fK25ymWreHoiJ0vfe.jpg,hi,0.0,Flop,5.698970004336019,25049
Akhiyon Se Goli Maare,2002,"Comedy, Romance",0,0,17,146,,8,https://image.tmdb.org/t/p/w500/qK7ceXlDh10AJxEz53dHlWhjPYL.jpg,hi,0.0,Flop,6.2552725051033065,0
Chor Machaaye Shor,2002,Comedy,0,0,7,145,,8,https://image.tmdb.org/t/p/w500/zZtRVP9lnCzoqajWYIHYKBGX3mb.jpg,hi,0.0,Flop,5.903089986991944,0
Vadh,2002,"Mystery, Thriller",0,0,8,132,"Dilsa Distributor, Mega Star",3,https://image.tmdb.org/t/p/w500/wkd1gkp8JIndTA2CNo1vJXobws4.jpg,hi,0.0,Flop,5.954242509439325,0
23rd March 1931: Shaheed,2002,"Drama, History",0,0,4,185,Vijayta Films,6,https://image.tmdb.org/t/p/w500/yBTVa6CQbN8WeKlsxOtqftafRac.jpg,hi,0.0,Flop,5.698970004336019,0
Kali Salwar,2002,Drama,0,0,3,112,"Andaaz Productions, National Film Development Corporation of India",2,https://image.tmdb.org/t/p/w500/oQKLEEe2JSYyVQtCgSjLrPuYfXF.jpg,hi,0.0,Flop,5.6020599913279625,0
Maine Dil Tujhko Diya,2002,"Action, Drama, Romance",0,2187305,10,154,G.S. Entertainment,8,https://image.tmdb.org/t/p/w500/8Rpm0wlAcV0JRns9TDCldAD2EQh.jpg,hi,0.0,Flop,6.041392685158225,2187305
Shararat,2002,Unknown,0,0,5,0,,7,https://image.tmdb.org/t/p/w500/dZSIcf8nitShryHenI0NzDRVibI.jpg,hi,0.0,Flop,5.778151250383644,0
Soch,2002,Thriller,0,0,0,0,Zee Kay Films,8,https://image.tmdb.org/t/p/w500/iXaaEndXnjqCCqMEamoQ5N0yxTz.jpg,hi,0.0,Flop,5.0,0
Dil Vil Pyar Vyar,2002,"Romance, Drama",0,0,6,159,"Metalight Productions, Insight Productions",10,https://image.tmdb.org/t/p/w500/9ILAz8MMSpFAaHH94u7hEWQgaNj.jpg,hi,0.0,Flop,5.845098040014257,0
Kyaa Dil Ne Kahaa,2002,"Romance, Comedy, Drama",0,0,1,149,Padmalaya Studios,6,https://image.tmdb.org/t/p/w500/kjucWOw72QNG66iEWE4ycflSYty.jpg,hi,0.0,Flop,5.301029995663981,0
Waah! Tera Kya Kehna,2002,Comedy,0,0,3,142,Glamsham.com,11,https://image.tmdb.org/t/p/w500/fXv4dCqMbMAxE5iCXayFzcmVw8h.jpg,hi,0.0,Flop,5.6020599913279625,0
Koi Mere Dil Se Poochhe,2002,"Thriller, Music, Romance",0,0,4,165,,1,https://image.tmdb.org/t/p/w500/ksCG2I9si0cQl4rexsON3uuvj7d.jpg,hi,0.0,Flop,5.698970004336019,0
Kaaboo,2002,Action,0,0,0,135,,1,https://image.tmdb.org/t/p/w500/5BfbO1uNCPIBoXpJaMMlhK8LWmb.jpg,hi,0.0,Flop,5.0,0
Maa Tujhhe Salaam,2002,"Action, Drama",0,0,6,160,,1,https://image.tmdb.org/t/p/w500/cmNtGP3BxQM74NXJfg0Ge8ja7id.jpg,hi,0.0,Flop,5.845098040014257,0
Kitne Door Kitne Paas,2002,"Comedy, Romance",0,0,3,146,,5,https://image.tmdb.org/t/p/w500/fiCrd9TMXlYKlbLxdj0eEBLbjB.jpg,hi,0.0,Flop,5.6020599913279625,0
Aadamkhor Haseena,2002,Horror,0,0,0,126,,6,https://image.tmdb.org/t/p/w500/5dW6CV8Nsezq7T6hF89xRuX14yf.jpg,hi,0.0,Flop,5.0,0
Karz: The Burden of Truth,2002,"Action, Crime, Drama",0,0,7,173,"Aashna Arts, Jyoti Pictures",12,https://image.tmdb.org/t/p/w500/wmTa3P6cXYeNstsJqdsxPY8neW9.jpg,hi,0.0,Flop,5.903089986991944,0
Khajuraho,2002,"History, Drama",0,0,0,0,,1,,hi,0.0,Flop,5.0,0
Sindoor Ki Saugandh,2002,Action,0,0,0,112,,1,,hi,0.0,Flop,5.0,0
Duplicate Sholay,2002,Comedy,0,0,1,147,,4,,hi,0.0,Flop,5.301029995663981,0
Marshal,2002,Action,0,0,1,125,,9,https://image.tmdb.org/t/p/w500/BxVFYc25EQPw3xH4lqV1kZRRPU.jpg,hi,0.0,Flop,5.301029995663981,0
Kehtaa Hai Dil Baar Baar,2002,"Comedy, Romance, Drama",0,0,3,119,,11,https://image.tmdb.org/t/p/w500/qLc6b2mwiuWMCOhyoo57bLDIYkX.jpg,hi,0.0,Flop,5.6020599913279625,0
Lal Salaam,2002,"Action, Drama, Music",0,0,0,131,,5,,hi,0.0,Flop,5.0,0
Darwaza,2002,Horror,0,0,0,80,Pali Films,9,https://image.tmdb.org/t/p/w500/2uvLvE6l1fS4xGRpzzfyBwyFHur.jpg,hi,0.0,Flop,5.0,0
Inth Ka Jawab Patthar,2002,"Action, Music",0,0,0,160,,1,https://image.tmdb.org/t/p/w500/Aokct3zguIHWVvnWCRzpGhs1Hik.jpg,hi,0.0,Flop,5.0,0
Kaun Karega Insaaf,2002,Unknown,0,0,0,126,,1,https://image.tmdb.org/t/p/w500/dS3JLvAOY8RxTrBR96rQ3Trf3H9.jpg,hi,0.0,Flop,5.0,0
Zindagi Khoobsoorat Hai,2002,"Drama, Family",0,0,1,148,,10,https://image.tmdb.org/t/p/w500/4Se8LBZ66eQldyrQV1aGXe9GwsA.jpg,hi,0.0,Flop,5.301029995663981,0
Aakheer,2002,"Crime, Action, Drama",0,0,0,135,,1,https://image.tmdb.org/t/p/w500/sYmzPGGg2qzTDXhEiQSzYddtaoN.jpg,hi,0.0,Flop,5.0,0
Pyaasa,2002,"Drama, Romance",0,0,1,137,,1,,hi,0.0,Flop,5.301029995663981,0
Alibaba,2002,Animation,0,0,3,79,,7,https://image.tmdb.org/t/p/w500/dJehd1N3xXjvDeHvQwjBJemm97x.jpg,hi,0.0,Flop,5.6020599913279625,0
Neel Parbat Ke Paar,2002,Drama,0,0,2,77,,3,,hi,0.0,Flop,5.477121254719663,0
Lovers Like Us,2002,"Drama, Romance",0,0,0,141,,7,,hi,0.0,Flop,5.0,0
Chalu Aunty,2002,Thriller,0,0,1,0,,1,https://image.tmdb.org/t/p/w500/ia8ZiraJhRm3TOGNb3pUZnRg0JU.jpg,hi,0.0,Flop,5.301029995663981,0
Encounter: The Killing,2002,Crime,0,0,0,150,,8,https://image.tmdb.org/t/p/w500/gWtdM1UtMU2DNVjgwpztRrYbLar.jpg,hi,0.0,Flop,5.0,0
Narayan Gangaram Surve,2002,Drama,0,0,0,49,,6,https://image.tmdb.org/t/p/w500/mhiM9W3rTtdYV100sMHvAN0nDWI.jpg,hi,0.0,Flop,5.0,0
Yeh Kya Ho Raha Hai,2002,"Romance, Comedy",0,0,3,0,,10,https://image.tmdb.org/t/p/w500/5MwMwcDgfb5j1orHf2M5hYmYYdH.jpg,hi,0.0,Flop,5.6020599913279625,0
Guru Mahaaguru,2002,"Action, Crime",0,0,0,130,P.K. Communications,12,https://image.tmdb.org/t/p/w500/8Hw20RjyUzV9UBSv9nH7Izcns8q.jpg,hi,0.0,Flop,5.0,0
Hum Pyar Tumhi Se Kar Baithe,2002,Unknown,0,0,1,138,Rajshri Productions,11,https://image.tmdb.org/t/p/w500/v9StTL2hcO4GQRA6nKKdruEu7Bl.jpg,hi,0.0,Flop,5.301029995663981,0
Shaitan Mantrik,2002,Horror,0,0,0,89,,1,https://image.tmdb.org/t/p/w500/slLEjSf1CO6QjCMPmHarHiZ23PW.jpg,hi,0.0,Flop,5.0,0
Angaar: The Fire,2002,Unknown,0,0,0,0,,1,,hi,0.0,Flop,5.0,0
Bhagat Singh,2002,"History, TV Movie",0,0,0,178,"Sagar Entertainment, Sagar Arts Corporation",1,https://image.tmdb.org/t/p/w500/jB08F5jdWrztrCsvkKCEVrdoW3z.jpg,hi,0.0,Flop,5.0,0
War and Peace,2002,Documentary,0,0,3,148,,4,https://image.tmdb.org/t/p/w500/8azUQqMdIC7o20R7c24C6aV6TDH.jpg,hi,0.0,Flop,5.6020599913279625,0
Jari Mari: Of Cloth and Other Stories,2002,Documentary,0,0,0,75,,1,https://image.tmdb.org/t/p/w500/evESJbdXaq7jpeyaKbQp5epWhla.jpg,hi,0.0,Flop,5.0,0
Jai Durga Shakthi,2002,Unknown,0,0,0,114,,1,https://image.tmdb.org/t/p/w500/s9XwK6uiDJf1eBKZ87ElOZLlhxE.jpg,hi,0.0,Flop,5.0,0
Dhrupad in the Time of Liberalisation,2002,Documentary,0,0,0,31,"Public Service Broadcasting Trust, Chakra Production, Prasar Bharati Corporation",1,https://image.tmdb.org/t/p/w500/fLoLspLynHnuxpACDcOkmWfNKNO.jpg,hi,0.0,Flop,5.0,0
A Night of Prophecy,2002,Documentary,0,0,0,77,,1,https://image.tmdb.org/t/p/w500/drIN12GWXv3Bhu86GOW5SS47vFW.jpg,hi,0.0,Flop,5.0,0
Jism,2003,Thriller,501717,5481471,23,136,Fish Eye Network,1,https://image.tmdb.org/t/p/w500/afSVOdens3jMc1QzLA3Ps3XGSbR.jpg,hi,9.925424093662363,Hit,6.380211241711606,4979754
Xcuse Me,2003,Comedy,0,0,11,152,,9,https://image.tmdb.org/t/p/w500/7DYhOlXfYyNs4e3LufsnnuAdqs2.jpg,hi,0.0,Flop,6.079181246047625,0
Anubhav: An Experience,2003,"Drama, Crime",0,0,0,90,,6,,hi,0.0,Flop,5.0,0
LOC: Kargil,2003,"Action, War, History",0,0,22,255,J.P. Films,12,https://image.tmdb.org/t/p/w500/8rwlGnSWgLJlveO4OoOJ2n2YZyv.jpg,hi,0.0,Flop,6.361727836017593,0
Jajantaram Mamantaram,2003,"Family, Fantasy",0,0,12,115,iDream Productions,5,https://image.tmdb.org/t/p/w500/sN7WWCY8fKLEIl2oKUiX30gJfwL.jpg,hi,0.0,Flop,6.113943352306837,0
3 Deewarein,2003,"Crime, Drama",0,0,16,120,Metalight Productions,1,https://image.tmdb.org/t/p/w500/2dvUYYXBiXsP3KKmSDap2BrknEg.jpg,hi,0.0,Flop,6.230448921378274,0
Patth,2003,Unknown,0,0,0,0,,11,https://image.tmdb.org/t/p/w500/9wnTmLMRWN53YFOOdsE6lSYlw2Q.jpg,hi,0.0,Flop,5.0,0
Oops!,2003,Drama,0,0,17,109,,1,https://image.tmdb.org/t/p/w500/t4jfRyLsAQ1dzepsXpyQp1koFq.jpg,hi,0.0,Flop,6.2552725051033065,0
Baghban,2003,Drama,0,4800000,115,183,B.R. Films,10,https://image.tmdb.org/t/p/w500/p6NPup58fPjIEAU9tKU4XpQhtTA.jpg,hi,0.0,Flop,7.064457989226918,4800000
Kyon?,2003,Unknown,0,0,0,152,,8,https://image.tmdb.org/t/p/w500/x3QRdEKBfya2pW5h1MgqdkKajbh.jpg,hi,0.0,Flop,5.0,0
Tantrik Shakti,2003,Horror,0,0,0,0,,1,https://image.tmdb.org/t/p/w500/ncHAN9eHH9l3OfOZXAXQ8TuIF19.jpg,hi,0.0,Flop,5.0,0
Tere Naam,2003,"Action, Drama, Romance, Thriller",0,0,94,132,"MDA Productions, Orion",8,https://image.tmdb.org/t/p/w500/tnsOmOZsVdfLLwK693TCtSZpvFX.jpg,hi,0.0,Flop,6.977723605288848,0
Bhayaanak Panjaa,2003,Horror,0,0,0,0,,8,https://image.tmdb.org/t/p/w500/5zoNoQofUcpPCspYnxdSpkjBdXa.jpg,hi,0.0,Flop,5.0,0
Bas Yun Hi,2003,"Music, Comedy, Romance",0,0,0,166,,1,,hi,0.0,Flop,5.0,0
Kal Ho Naa Ho,2003,"Comedy, Drama, Romance",0,13214520,436,187,Dharma Productions,11,https://image.tmdb.org/t/p/w500/zhMI6I0kSLnewTMwE0A8Tz3Cj2f.jpg,hi,0.0,Flop,7.640481436970422,13214520
Koi... Mil Gaya,2003,"Science Fiction, Action, Adventure",3750000,10000000,246,165,"Film Kraft, Yash Raj Films",8,https://image.tmdb.org/t/p/w500/2iJVauDYcYxRRGciTmAOSjiATf9.jpg,hi,1.6666666666666667,Hit,7.392696953259666,6250000
Chupke Se,2003,Unknown,0,0,2,160,,9,https://image.tmdb.org/t/p/w500/izFg8A3PF6ZMyHOadNXD5RKL1qQ.jpg,hi,0.0,Flop,5.477121254719663,0
Munna Bhai M.B.B.S.,2003,"Comedy, Drama",0,0,343,156,Vidhu Vinod Chopra Productions,12,https://image.tmdb.org/t/p/w500/nZNUTxGsSB4nLEC9Bpa2xfu81qV.jpg,hi,0.0,Flop,7.53655844257153,0
Dhoop,2003,Unknown,0,0,2,0,,11,https://image.tmdb.org/t/p/w500/sM6aY3BWBEDiOV889G1PYBCElsc.jpg,hi,0.0,Flop,5.477121254719663,0
88 Antop Hill,2003,"Fantasy, Mystery",0,0,0,0,,6,https://image.tmdb.org/t/p/w500/dN5EjLA6Ujg5Uqi9fsg3OxWeMDV.jpg,hi,0.0,Flop,5.0,0
Dil Ka Rishta,2003,"Drama, Romance",0,0,45,150,Target Films,1,https://image.tmdb.org/t/p/w500/ykfDAJ4rUtytVPfkHkBgLu6D0yg.jpg,hi,0.0,Flop,6.662757831681574,0
Maqbool,2003,"Crime, Drama",0,0,65,132,"Kaleidoscope Entertainment Pvt. Ltd., Vishal Bhardwaj Pictures",1,https://image.tmdb.org/t/p/w500/8ULTBxnbt0NrWlDm5fahbQooj91.jpg,hi,0.0,Flop,6.819543935541869,0
Freaky Chakra,2003,"Comedy, Drama",0,0,0,90,"Trends Adfilm Makers Pvt. Ltd., Channel Nine Entertainment Ltd.",2,https://image.tmdb.org/t/p/w500/kxbR15Au94aEkS3Tz5DlHvuKC8n.jpg,hi,0.0,Flop,5.0,0
Valentine Days,2003,"Comedy, Drama, Romance",0,0,0,125,,2,https://image.tmdb.org/t/p/w500/7LgxL4LAejF8YGnVF5wqVclpbdd.jpg,hi,0.0,Flop,5.0,0
Nayee Padosan,2003,Comedy,0,0,1,136,,1,https://image.tmdb.org/t/p/w500/ggylOPbOn6BNFXmiTtMPK86hCjl.jpg,hi,0.0,Flop,5.301029995663981,0
Khushi,2003,"Romance, Drama, Action",0,0,20,166,Narsimha Enterprises,2,https://image.tmdb.org/t/p/w500/zqEnM5Ef8QXcbWrPZ311i2TLSUA.jpg,hi,0.0,Flop,6.3222192947339195,0
Tehzeeb,2003,Drama,0,0,1,143,,11,https://image.tmdb.org/t/p/w500/gm7HCdPnNCVy049dVGn0AIENWgd.jpg,hi,0.0,Flop,5.301029995663981,0
Footpath,2003,"Drama, Action, Crime",0,1100000,15,163,Vishesh Films,8,https://image.tmdb.org/t/p/w500/yQQbUMIZNhSksdsJPIZhe8yCLXK.jpg,hi,0.0,Flop,6.204119982655925,1100000
Humein Tumse Pyar Ho Gaya Chupke Chupke,2003,Drama,0,0,0,135,,6,,hi,0.0,Flop,5.0,0
The Hero: Love Story of a Spy,2003,"Thriller, Action, Adventure, Romance",0,0,22,160,Time Movies,4,https://image.tmdb.org/t/p/w500/f1tNXXHZwPRCiP94P7sB0NeNSRT.jpg,hi,0.0,Flop,6.361727836017593,0
Banana Brothers,2003,Comedy,0,0,0,0,,1,https://image.tmdb.org/t/p/w500/5ZXks14qFK2zHzGXpUFPbLBNDVx.jpg,hi,0.0,Flop,5.0,0
Main Prem Ki Diwani Hoon,2003,"Romance, Drama",0,0,58,197,,6,https://image.tmdb.org/t/p/w500/1ubxLXZbSXi3MWk8nZRBDEoqfB0.jpg,hi,0.0,Flop,6.770852011642145,0
Darna Mana Hai,2003,Horror,0,0,35,121,"K Sera Sera Limited, RGV Film Factory",6,https://image.tmdb.org/t/p/w500/aoI022wesHyrQJJKu4mH0bcXuCD.jpg,hi,0.0,Flop,6.556302500767288,0
Koi Hai,2003,"Drama, Mystery, Thriller",0,0,0,102,K.V. Films,6,https://image.tmdb.org/t/p/w500/o2tLn59GNCIPlL9BNc9EGvWhtu7.jpg,hi,0.0,Flop,5.0,0
Dum,2003,"Action, Crime, Drama, Romance",0,9700000,6,160,"Cineyugg Entertainment Pvt. Ltd., Lionheart Production House",1,https://image.tmdb.org/t/p/w500/eZSDTpkmVt1C1jKlPxaQTwajFzT.jpg,hi,0.0,Flop,5.845098040014257,9700000
Chalte Chalte,2003,"Comedy, Drama, Romance",4600000,18000000,102,175,"Dreamz Unlimited, United Motion Pictures",6,https://image.tmdb.org/t/p/w500/7eux23WmDXUkmgLdMdxuuFn9II4.jpg,hi,2.9130434782608696,Hit,7.012837224705172,13400000
Hungama,2003,Comedy,0,0,85,153,Venus Records & Tapes,8,https://image.tmdb.org/t/p/w500/oLmPYAufnpoqlkfzyeWWcsVcc0F.jpg,hi,0.0,Flop,6.9344984512435675,0
Ishq Vishk,2003,"Drama, Comedy, Romance",0,0,31,145,"Films & Casting TEMPLE, Tips Industries",5,https://image.tmdb.org/t/p/w500/h3ipvgyBjWS6nTeO4iB75vKulgL.jpg,hi,0.0,Flop,6.505149978319906,0
Andaaz,2003,"Drama, Music, Romance",0,0,15,146,Shree Krishna International,5,https://image.tmdb.org/t/p/w500/xLUQ9NLnn13rujYqbmdoNvv2dmM.jpg,hi,0.0,Flop,6.204119982655925,0
Fun2shh... Dudes in the 10th Century,2003,"Fantasy, Comedy",0,0,12,150,Shree Ashtavinayak Cine Vision,12,https://image.tmdb.org/t/p/w500/pET3uiCiis26wbxKek4cHaQKeP.jpg,hi,0.0,Flop,6.113943352306837,0
Kuch Naa Kaho,2003,"Comedy, Drama, Romance",0,0,25,169,,8,https://image.tmdb.org/t/p/w500/93tOqoycBAcqw7OFMQkBfx6WzrS.jpg,hi,0.0,Flop,6.414973347970818,0
Jhankaar Beats,2003,"Comedy, Romance, Music",0,0,5,144,Pritish Nandy Communications,6,https://image.tmdb.org/t/p/w500/m2xDt3HvKBwjlhtqR2Kp4zvyVul.jpg,hi,0.0,Flop,5.778151250383644,0
Bhoot,2003,Horror,2700000,9600000,29,113,"Dream Merchants Enterprise, RGV Film Factory",5,https://image.tmdb.org/t/p/w500/tbQMeDyLSYUqHOcOexuJVeE3wLy.jpg,hi,2.5555555555555554,Hit,6.477121254719663,6900000
Paanch,2003,"Crime, Thriller",130000,0,17,158,"Padmini Tele Media, Star Talash Promotions",9,https://image.tmdb.org/t/p/w500/mMrZBw7KcotPHiSfB83MMhzdgS1.jpg,hi,-1.0,Flop,6.2552725051033065,-130000
Chameli,2003,"Drama, Romance",1000000,0,23,108,,12,https://image.tmdb.org/t/p/w500/uIDURYYsAQYmV4V9PgNG7cL2nuO.jpg,hi,-1.0,Flop,6.380211241711606,-1000000
Paap,2003,"Thriller, Action, Romance",0,0,11,115,,12,https://image.tmdb.org/t/p/w500/e9Zy3HMway1a8ka6QOn2WeA4Vs.jpg,hi,0.0,Flop,6.079181246047625,0
Zameen,2003,"Action, Thriller",0,0,13,154,,9,https://image.tmdb.org/t/p/w500/jAKO0Rk0Vqm1Mabi6tpFTY202hz.jpg,hi,0.0,Flop,6.146128035678238,0
Armaan,2003,"Drama, Romance",0,0,6,158,Dhudiya Entertainment,5,https://image.tmdb.org/t/p/w500/iUWnIdPCPA38i8eq9hpEBDTAeBM.jpg,hi,0.0,Flop,5.845098040014257,0
Hawa,2003,"Drama, Horror",0,0,3,120,,7,https://image.tmdb.org/t/p/w500/qr4c93U4by1ukQjkS2UO3QE9lHA.jpg,hi,0.0,Flop,5.6020599913279625,0
Out of Control,2003,"Comedy, Drama, Romance",0,0,6,145,"Bollywood Hollywood Production, Pooja Entertainment",11,https://image.tmdb.org/t/p/w500/yu3Qdop5vN4dr5gDWoodmpgJCb6.jpg,hi,0.0,Flop,5.845098040014257,0
Saaya,2003,"Mystery, Horror",0,0,9,122,Vishesh Films,7,https://image.tmdb.org/t/p/w500/gsbI2smESxO0JExRbawfZSYJwSa.jpg,hi,0.0,Flop,6.0,0
Gangaajal,2003,"Drama, Crime",0,0,72,157,,8,https://image.tmdb.org/t/p/w500/hYgMIlRddxXV7WaVLy6QvGy5RPM.jpg,hi,0.0,Flop,6.863322860120456,0
Mumbai Se Aaya Mera Dost,2003,"Adventure, Romance, Action",0,0,5,146,Rubberband Films,8,https://image.tmdb.org/t/p/w500/bxzY3LHUxhq3RRswZO9EF3J2EH2.jpg,hi,0.0,Flop,5.778151250383644,0
Haasil,2003,"Drama, Romance",0,0,14,161,,5,https://image.tmdb.org/t/p/w500/7y8PBC2OyhnlJl8O4IPYa1IKmf0.jpg,hi,0.0,Flop,6.176091259055681,0
Kucch To Hai,2003,"Mystery, Horror, Thriller, Romance",0,0,6,142,Balaji Motion Pictures,1,https://image.tmdb.org/t/p/w500/wbp08dI1FFSd9lOFSFaRne1Mmdk.jpg,hi,0.0,Flop,5.845098040014257,0
Joggers Park,2003,"Drama, Comedy, Romance",0,0,1,0,,9,https://image.tmdb.org/t/p/w500/kV0nCEXN042SnbfnUffwNT4l9yl.jpg,hi,0.0,Flop,5.301029995663981,0
Tujhe Meri Kasam,2003,"Romance, Family, Comedy",420000,1850000,4,155,Ushakiron Movies International,1,https://image.tmdb.org/t/p/w500/lfk11oYjcDj2qC7meSN1rK34tPg.jpg,hi,3.4047619047619047,Hit,5.698970004336019,1430000
Kash Aap Hamare Hote,2003,"Family, Romance, Music",0,0,1,130,,2,https://image.tmdb.org/t/p/w500/duNwUEih7v3utAYZN7G1tf9pA55.jpg,hi,0.0,Flop,5.301029995663981,0
Aanch,2003,Drama,0,0,1,160,New Century Films Pvt. Ltd.,9,https://image.tmdb.org/t/p/w500/vV8vQ7mpu4ROGwkEd47hdesj5tX.jpg,hi,0.0,Flop,5.301029995663981,0
Chura Liyaa Hai Tumne,2003,"Drama, Thriller",0,0,6,143,,5,https://image.tmdb.org/t/p/w500/vZjfXC5gZU9D56XWEZCugzxgcwe.jpg,hi,0.0,Flop,5.845098040014257,0
Jaal: The Trap,2003,"Action, Drama",0,0,8,0,Parth Productions,7,https://image.tmdb.org/t/p/w500/rF8EKOQmg5odaQVXkYC6YpFRPne.jpg,hi,0.0,Flop,5.954242509439325,0
Chori Chori,2003,"Drama, Comedy, Romance",0,0,10,135,,8,https://image.tmdb.org/t/p/w500/n9Qm19Jj8NFEjI9vVuXH0yLH4PQ.jpg,hi,0.0,Flop,6.041392685158225,0
Hazaaron Khwaishein Aisi,2003,Drama,0,0,14,120,,12,https://image.tmdb.org/t/p/w500/13psYxACQGcK0i1nzGkW6Jyx0ts.jpg,hi,0.0,Flop,6.176091259055681,0
Khanjar (The Knife),2003,"Thriller, Mystery, Action",0,0,2,127,,6,https://image.tmdb.org/t/p/w500/iALkCG3a7o1lnKyGVOPR4hrRxc0.jpg,hi,0.0,Flop,5.477121254719663,0
Dil Pardesi Ho Gayaa,2003,"Drama, Romance",0,0,4,150,,9,https://image.tmdb.org/t/p/w500/cZsSavbfxzn2aoi1iHk49cVxupO.jpg,hi,0.0,Flop,5.698970004336019,0
Baaz: A Bird in Danger,2003,"Thriller, Horror",986250,750000,3,176,Kapishek Films,2,https://image.tmdb.org/t/p/w500/o51J5OcENQEoCdweSFvxDkMQilt.jpg,hi,-0.23954372623574144,Flop,5.6020599913279625,-236250
Ek Aur Ek Gyarah: By Hook or by Crook,2003,"Action, Comedy, Crime",0,0,29,144,,8,https://image.tmdb.org/t/p/w500/iVDIqVBiYcxfq81UvRjXS93RwZL.jpg,hi,0.0,Flop,6.477121254719663,0
Satta,2003,"Drama, Crime",0,0,3,153,Metalight Productions,2,https://image.tmdb.org/t/p/w500/sCG3YNpkYrLbNZoIsX1DhPY4y21.jpg,hi,0.0,Flop,5.6020599913279625,0
Sasura Bada Paisawala,2003,Unknown,0,0,0,164,,1,https://image.tmdb.org/t/p/w500/56742fTKr4c2YIvZHOhTKmH5nXM.jpg,hi,0.0,Flop,5.0,0
Zinda Dil,2003,Unknown,0,0,0,0,M M Movies,12,https://image.tmdb.org/t/p/w500/j6lyl3QEJsNKcKrNrQoohlrCA7T.jpg,hi,0.0,Flop,5.0,0
Dhund: The Fog,2003,"Adventure, Thriller, Mystery, Horror",0,0,3,153,Sukrit Pictures,2,https://image.tmdb.org/t/p/w500/lDrKjgcoa6HGCQ2yQEdUj8kXjlB.jpg,hi,0.0,Flop,5.6020599913279625,0
Waisa Bhi Hota Hai: Part II,2003,Unknown,0,0,5,138,,11,https://image.tmdb.org/t/p/w500/8oHDV3wXaTAykyVsWUPAlI8y3cP.jpg,hi,0.0,Flop,5.778151250383644,0
Mumbai Matinee,2003,"Drama, Comedy, Romance",0,0,5,125,,9,https://image.tmdb.org/t/p/w500/7Cg8jFjPnWY85EAx6ld38NGoLOd.jpg,hi,0.0,Flop,5.778151250383644,0
Supari,2003,"Action, Crime, Drama",578861,361618,3,143,,6,https://image.tmdb.org/t/p/w500/cl8sT1si65Q10JDhOYva8FxfNhi.jpg,hi,-0.3752938961166843,Flop,5.6020599913279625,-217243
Escape From Taliban,2003,"Thriller, Drama, War",0,0,1,133,ESC Films,2,https://image.tmdb.org/t/p/w500/aU0tw8BE76adqYIT6ISEoP9sOkX.jpg,hi,0.0,Flop,5.301029995663981,0
Market,2003,Drama,0,0,1,160,Tirumalai Pictures,9,https://image.tmdb.org/t/p/w500/uizdCg9PfB2QB8n1kDJR7EDurdw.jpg,hi,0.0,Flop,5.301029995663981,0
Raja Bhaiya,2003,"Comedy, Drama",0,277426,2,127,,10,https://image.tmdb.org/t/p/w500/fe8dcrZevOj2pJvYAPhTKBYkV45.jpg,hi,0.0,Flop,5.477121254719663,277426
Stumped,2003,Unknown,0,0,0,125,Reel Life Productions,5,https://image.tmdb.org/t/p/w500/aMeE1KZ5gXiPyFe6NRmKURjd1kG.jpg,hi,0.0,Flop,5.0,0
Main Madhuri Dixit Banna Chahti Hoon,2003,"Drama, Comedy",0,0,9,163,,10,https://image.tmdb.org/t/p/w500/dMifCeWWAeaFLiJd2VfIVJyN4L3.jpg,hi,0.0,Flop,6.0,0
Inteha,2003,Unknown,0,0,1,155,,10,https://image.tmdb.org/t/p/w500/k5wWH0ErjgUb9BEzb0aKluHyxJE.jpg,hi,0.0,Flop,5.301029995663981,0
Aapko Pehle Bhi Kahin Dekha Hai,2003,"Romance, Action, Comedy, Drama",0,0,1,0,"Anubhav Sinha Productions, T-Series",1,https://image.tmdb.org/t/p/w500/828BzZ0SjKFV3ulBwHivDfAli3z.jpg,hi,0.0,Flop,5.301029995663981,0
Pyaasa Haiwan,2003,Horror,0,0,2,0,,1,,hi,0.0,Flop,5.477121254719663,0
Love at Times Square,2003,Romance,0,0,1,120,,2,https://image.tmdb.org/t/p/w500/aYZnCvnoaKb4hILlzlXT62W25Nz.jpg,hi,0.0,Flop,5.301029995663981,0
Yeh Dil,2003,Romance,0,0,4,147,,6,https://image.tmdb.org/t/p/w500/rV5ky5fTMVAYRuP7j9Lgslw8fBy.jpg,hi,0.0,Flop,5.698970004336019,0
Om,2003,"Drama, Romance",0,0,3,141,,3,,hi,0.0,Flop,5.6020599913279625,0
Parwana,2003,Unknown,0,0,3,120,,9,https://image.tmdb.org/t/p/w500/c6yVNPRxqe1tkW477zRXv5ykeP3.jpg,hi,0.0,Flop,5.6020599913279625,0
Khwahish,2003,"Drama, Romance",0,0,4,152,,11,https://image.tmdb.org/t/p/w500/vghpheZzXrJJ2MpkFRB1QGISmCg.jpg,hi,0.0,Flop,5.698970004336019,0
Miss India: The Mystery,2003,Mystery,0,0,0,130,Rukamanee Arts,9,https://image.tmdb.org/t/p/w500/xW9QVnHd8tHMYbPYz8cIXTbDPbS.jpg,hi,0.0,Flop,5.0,0
Rules - Pyaar Ka Superhit Formula,2003,"Drama, Comedy, Romance",0,0,5,145,,9,https://image.tmdb.org/t/p/w500/lkXtwZAfWuV1qJobXl3TAtkicqy.jpg,hi,0.0,Flop,5.778151250383644,0
Woh Tera Naam Tha,2003,Romance,0,0,3,0,,12,,hi,0.0,Flop,5.6020599913279625,0
Praan Jaye Par Shaan Na Jaye,2003,Drama,0,0,1,137,,5,https://image.tmdb.org/t/p/w500/pubTYJUMggDa6ttltMow4yFWrU0.jpg,hi,0.0,Flop,5.301029995663981,0
Meri Ganga Ki Saugandh,2003,Unknown,0,0,0,118,5001 Films,3,https://image.tmdb.org/t/p/w500/gD4Y1eFkgocLraxye4EYbA7TGUF.jpg,hi,0.0,Flop,5.0,0
Samay: When Time Strikes,2003,"Crime, Thriller, Mystery",0,0,10,130,"iDream Productions, Red Ice Films",10,https://image.tmdb.org/t/p/w500/vlxRMeakczNOsovgluMk6T65rcw.jpg,hi,0.0,Flop,6.041392685158225,0
Kagaar,2003,"Crime, Drama",0,0,1,135,,10,https://image.tmdb.org/t/p/w500/rIy7dHprP2CDgmCmUg51gMEY92Z.jpg,hi,0.0,Flop,5.301029995663981,0
Ek Alag Mausam,2003,Drama,0,0,0,120,,1,,hi,0.0,Flop,5.0,0
Dangerous Night,2003,Horror,0,0,0,91,,1,https://image.tmdb.org/t/p/w500/a9eGeoMfbVpvfRFNBsKICloOZ21.jpg,hi,0.0,Flop,5.0,0
Hulchul,2004,"Comedy, Romance, Action",0,82436,71,150,,11,https://image.tmdb.org/t/p/w500/ve6YjkjNAbY2r2djFxrw6v9IXfy.jpg,hi,0.0,Flop,6.857332496431269,82436
Kismat,2004,"Action, Drama, Romance",0,0,12,143,Time Magnetics,2,https://image.tmdb.org/t/p/w500/pFV0U1TlXRipGNZBTk3OPhMXw6z.jpg,hi,0.0,Flop,6.113943352306837,0
Muskaan,2004,"Mystery, Romance",0,0,5,127,T-Series,3,https://image.tmdb.org/t/p/w500/bHGn7syKMOEL3d4STsZro4Bi4Ln.jpg,hi,0.0,Flop,5.778151250383644,0
Hawas,2004,"Romance, Thriller",0,0,8,123,,4,https://image.tmdb.org/t/p/w500/2Im4mGbTip0Y8nYq3vYKVQt6OV.jpg,hi,0.0,Flop,5.954242509439325,0
Rudraksh,2004,"Action, Fantasy",0,0,20,145,,2,https://image.tmdb.org/t/p/w500/3sE0OIkg0qUIpUcrJAVWXTdQP3Y.jpg,hi,0.0,Flop,6.3222192947339195,0
Veer-Zaara,2004,"Drama, Romance",7000000,29385320,297,192,"Yash Raj Films, Veer Zaara Pictures",11,https://image.tmdb.org/t/p/w500/j267YqLvKAHeyykTflxzpgVgviQ.jpg,hi,3.197902857142857,Hit,7.474216264076255,22385320
Raincoat,2004,"Drama, Romance",0,0,40,120,SVF Entertainment,12,https://image.tmdb.org/t/p/w500/doz7H7x8MA7NBJdlqg8P0xCeK6R.jpg,hi,0.0,Flop,6.6127838567197355,0
Main Hoon Na,2004,Drama,0,5920000,416,179,"Red Chillies Entertainment, Venus Films",4,https://image.tmdb.org/t/p/w500/iiZ8BgmAsxKUEyO6ux8z6GHiE6j.jpg,hi,0.0,Flop,7.620136054973758,5920000
Love Today,2004,Romance,0,0,0,0,,2,,hi,0.0,Flop,5.0,0
Taarzan: The Wonder Car,2004,"Action, Romance",0,0,45,163,Baba Films,8,https://image.tmdb.org/t/p/w500/q3c61F5c987j5dbV3i6acsDPvqW.jpg,hi,0.0,Flop,6.662757831681574,0
Mujhse Shaadi Karogi,2004,"Romance, Comedy",0,0,123,163,Nadiadwala Grandson Entertainment,7,https://image.tmdb.org/t/p/w500/9PqBPlaO5wLI7LPMaJNLoIiSSSA.jpg,hi,0.0,Flop,7.093421685162236,0
Dhoom,2004,"Action, Crime, Drama, Thriller",1500000,12000000,227,129,"Yash Raj Films, Dhoom Studios",8,https://image.tmdb.org/t/p/w500/A7fxXAsuYEohxYNl8YeH3FYkuDv.jpg,hi,7.0,Hit,7.357934847000454,10500000
Swades,2004,Drama,2900000,4800000,367,195,"Ashutosh Gowariker Productions, UTV Motion Pictures, Dillywood",12,https://image.tmdb.org/t/p/w500/yUSL24kpHc9Nls4Pohia4shgcIM.jpg,hi,0.6551724137931034,Average,7.565847818673518,1900000
Hanan: An Assault on Faith,2004,"Drama, Music, Action",0,0,0,127,Sahara One Motion Pictures,11,https://image.tmdb.org/t/p/w500/2Mjw8khpAs79Vumu8Wr49QhIAi7.jpg,hi,0.0,Flop,5.0,0
Little Terrorist,2004,Drama,0,0,7,15,"Alipur Films, On the Road",10,https://image.tmdb.org/t/p/w500/aSXPLmqMLv5GyDRXNSAy8k4UrHA.jpg,hi,0.0,Flop,5.903089986991944,0
Murder,2004,"Drama, Thriller",0,0,34,130,Vishesh Films,4,https://image.tmdb.org/t/p/w500/j14NjDFy7QQWHDSzfO9EkZvc9ZF.jpg,hi,0.0,Flop,6.544068044350276,0
Lakshya,2004,"War, Action, Drama, Romance",4500000,4600000,115,186,"Excel Entertainment, UTV Motion Pictures",6,https://image.tmdb.org/t/p/w500/ctB8RWoK2LHn5skqN4eUWVSvpyM.jpg,hi,0.022222222222222223,Average,7.064457989226918,100000
Kyun! Ho Gaya Na...,2004,"Drama, Family, Romance",0,0,19,175,Narsimha Enterprises,8,https://image.tmdb.org/t/p/w500/kKJZqL53LhyTB5vuBj8dQ3JW9Wh.jpg,hi,0.0,Flop,6.301029995663981,0
AK 47,2004,"Action, Thriller",0,0,1,125,,10,https://image.tmdb.org/t/p/w500/hvAUSrZEVZd4KeaPkUNewqbv1oe.jpg,hi,0.0,Flop,5.301029995663981,0
Hum Tum,2004,"Romance, Family, Comedy, Drama",0,1878702,119,142,Yash Raj Films,5,https://image.tmdb.org/t/p/w500/u4ctCNPq6qfwnUyZzAfxEzdJ0Lq.jpg,hi,0.0,Flop,7.079181246047625,1878702
Hum Kaun Hai,2004,Horror,0,0,2,0,,9,https://image.tmdb.org/t/p/w500/sTjjd8MTbUISgJvY7c8gUDmyVuL.jpg,hi,0.0,Flop,5.477121254719663,0
Black Friday,2004,"Crime, Drama",700000,1100000,95,162,"Mid Day Multimedia, Big Bang Pictures, Mirror Films",8,https://image.tmdb.org/t/p/w500/a5s6liMFTQd7EHvCSSjavu4piPr.jpg,hi,0.5714285714285714,Average,6.982271233039569,400000
Chrysalis,2004,"History, Drama",0,0,0,107,,12,https://image.tmdb.org/t/p/w500/jA8leeU3q45Nevg4618qEEGSehI.jpg,hi,0.0,Flop,5.0,0
Masti,2004,"Comedy, Crime, Mystery",0,39000000,59,166,"Maruti International, SLB Films",4,https://image.tmdb.org/t/p/w500/2cUfjsn5uCiDiTdkjiEQM2HXYLg.jpg,hi,0.0,Flop,6.778151250383644,39000000
Aitraaz,2004,"Thriller, Romance",3500000,9250000,65,159,Mukta Arts Ltd,11,https://image.tmdb.org/t/p/w500/9tVt6N7vgIFnf8g6NzaqfjkQObr.jpg,hi,1.6428571428571428,Hit,6.819543935541869,5750000
Dhakad Chhora,2004,"Romance, Family, TV Movie, Comedy",100000,500000,0,145,Rajlakshmi Movies,10,https://image.tmdb.org/t/p/w500/tQF3oz1SvxCP4WYzxbNRdmjRGwy.jpg,hi,4.0,Hit,5.0,400000
I Proud to Be an Indian,2004,"Action, Crime, Drama",1185140,887613,3,129,Sohail Khan Production,2,https://image.tmdb.org/t/p/w500/vlo5vNvzUdubHaoAJga0jaeed0M.jpg,hi,-0.2510479774541404,Flop,5.6020599913279625,-297527
Sangam,2004,Drama,0,0,3,28,,1,https://image.tmdb.org/t/p/w500/pBQwqjLQJBGCZlf6Mf7sTCn0yJI.jpg,hi,0.0,Flop,5.6020599913279625,0
Krishna Cottage,2004,"Horror, Mystery, Romance",0,0,18,124,,7,https://image.tmdb.org/t/p/w500/2j7Y5CyO10HxZEzCij9XcxmVYSz.jpg,hi,0.0,Flop,6.278753600952829,0
Khakee,2004,Action,3344039,6546059,81,180,DMS Films Private Limited,1,https://image.tmdb.org/t/p/w500/dMsqwWFl51t8jXR0tWzjEuO8H4l.jpg,hi,0.9575306986551293,Average,6.913813852383717,3202020
Yuva,2004,"Drama, Crime",4600000,6700000,50,161,Madras Talkies,5,https://image.tmdb.org/t/p/w500/8cMCIsULa0IrZq0KkCLejMINWmq.jpg,hi,0.45652173913043476,Average,6.707570176097937,2100000
Dil Ne Jise Apna Kahaa,2004,"Romance, Drama",0,0,12,146,"Reel Life Productions, Orion",9,https://image.tmdb.org/t/p/w500/iAE25a0EbYNLDFqWivPr3tULQXp.jpg,hi,0.0,Flop,6.113943352306837,0
Asambhav,2004,"Action, Adventure, Drama",0,0,6,139,Trimurti Films Pvt. Ltd.,7,https://image.tmdb.org/t/p/w500/4uXtuCf1AvZW87QEe0JLVJEsylz.jpg,hi,0.0,Flop,5.845098040014257,0
Garv: Pride and Honour,2004,"Action, Crime, Drama",1300000,2900000,27,162,Cinevista,7,https://image.tmdb.org/t/p/w500/9lqPTKndjMWfPmBRyH8rWw7bH5I.jpg,hi,1.2307692307692308,Hit,6.447158031342219,1600000
Aabra Ka Daabra,2004,"Fantasy, Family",0,0,9,144,"Creative Eye, Namah Shivay Enterprises",12,https://image.tmdb.org/t/p/w500/m59pSBuXtUDYCL0T3QR6Wr6JAjc.jpg,hi,0.0,Flop,6.0,0
Yeh Lamhe Judaai Ke,2004,"Romance, Drama, Mystery",4800000,11000000,10,188,R G Nayyar Films,3,https://image.tmdb.org/t/p/w500/42bvkEbdYh2Pxsv310oOn0Q9TlI.jpg,hi,1.2916666666666667,Hit,6.041392685158225,6200000
Ab Tumhare Hawale Watan Saathiyo,2004,"War, Drama, Action",0,0,16,192,Movie World,12,https://image.tmdb.org/t/p/w500/rxYbTEakxvnigRab30Nwlyu7lRC.jpg,hi,0.0,Flop,6.230448921378274,0
Raghu Romeo,2004,Comedy,0,0,4,96,"National Film Development Corporation of India, Cinematograph, Shemaroo Entertainment",6,https://image.tmdb.org/t/p/w500/wR6SAEMYwdwzlqAOc6g77xh1QOv.jpg,hi,0.0,Flop,5.698970004336019,0
Lakeer,2004,"Action, Drama, Romance, Action, Drama, Romance",0,0,6,170,,5,https://image.tmdb.org/t/p/w500/1AMdpr8BUNZPwFVDEWauNIs6Xnl.jpg,hi,0.0,Flop,5.845098040014257,0
Deewaar: Let's Bring Our Heroes Home,2004,"Drama, Action",0,0,11,161,,6,https://image.tmdb.org/t/p/w500/An2v1gqXvtR4EAEhiGHhQ7lKwec.jpg,hi,0.0,Flop,6.079181246047625,0
Dil Maange More!!!,2004,Romance,0,0,15,123,,12,https://image.tmdb.org/t/p/w500/7FX9KuLUFmuilftgQ4AdUfUwYQD.jpg,hi,0.0,Flop,6.204119982655925,0
Ek Hasina Thi,2004,"Crime, Action, Drama",0,0,49,120,"Bohra Bros Productions, K Sera Sera Limited, RGV Film Factory",1,https://image.tmdb.org/t/p/w500/xqvQv8zV6o2iugHbdbxC7rw5N5X.jpg,hi,0.0,Flop,6.698970004336019,0
Aan: Men at Work,2004,"Action, Crime, Thriller",0,0,18,149,Base Industries Group,6,https://image.tmdb.org/t/p/w500/3iZjhwvpnSrZPWviWWSs2wu10ey.jpg,hi,0.0,Flop,6.278753600952829,0
Dev,2004,Drama,0,0,15,176,,6,https://image.tmdb.org/t/p/w500/hZrDic5d9lpPKY5SQrZcGfhsrq4.jpg,hi,0.0,Flop,6.204119982655925,0
Meri Biwi Ka Jawab Nahin,2004,"Action, Comedy, Romance",0,0,2,150,"Iqbal Productions, J.K. Creations",7,https://image.tmdb.org/t/p/w500/fU93Maklubbj3os0kCQ8dySTgen.jpg,hi,0.0,Flop,5.477121254719663,0
Run,2004,Unknown,0,0,17,134,Sridevi Productions,1,https://image.tmdb.org/t/p/w500/qCE7mktMbGb6o6y5QJPg6bDMcpR.jpg,hi,0.0,Flop,6.2552725051033065,0
Madhoshi,2004,"Drama, Romance, Music, Mystery",0,0,6,145,,9,https://image.tmdb.org/t/p/w500/q2W3xa6h5NTxuIGRAz0BhEKxtej.jpg,hi,0.0,Flop,5.845098040014257,0
Tumsa Nahin Dekha: A Love Story,2004,"Music, Romance",0,0,6,127,Vishesh Films,9,https://image.tmdb.org/t/p/w500/sUUVw0m04K7x3iuzY15cwwELDC8.jpg,hi,0.0,Flop,5.845098040014257,0
Phir Milenge,2004,"Romance, Drama",0,0,8,160,,8,https://image.tmdb.org/t/p/w500/5W3BAwtHLgCkoXxg2bt5YzYoXup.jpg,hi,0.0,Flop,5.954242509439325,0
Fida,2004,"Thriller, Romance",0,0,20,122,Tips Industries,8,https://image.tmdb.org/t/p/w500/4MBbNqBbTHCtfjEEqrskZWIVfBZ.jpg,hi,0.0,Flop,6.3222192947339195,0
Aetbaar,2004,"Action, Drama, Thriller",0,0,7,152,,1,https://image.tmdb.org/t/p/w500/iFU4TSOiaEPhBygTSwRzx7ncoz2.jpg,hi,0.0,Flop,5.903089986991944,0
Rakht,2004,"Thriller, Horror",0,0,11,162,,9,https://image.tmdb.org/t/p/w500/rXKlHN74XpLwJI1WcwiSZoQ6Lpx.jpg,hi,0.0,Flop,6.079181246047625,0
Jaago,2004,"Crime, Drama, Thriller",200,0,2,122,Mehul Movies,2,https://image.tmdb.org/t/p/w500/vF3WJA4zyBUqUXEUSK4TStqBvFF.jpg,hi,-1.0,Flop,5.477121254719663,-200
Musafir,2004,"Drama, Action, Thriller, Crime",0,0,20,152,White Feather Films,12,https://image.tmdb.org/t/p/w500/51v4PPF9H2kSf3gVGDvOQSk5cZV.jpg,hi,0.0,Flop,6.3222192947339195,0
Paisa Vasool,2004,Crime,0,0,0,139,,1,https://image.tmdb.org/t/p/w500/mMGRF1l12OlfpdhbZ4YMw7hPLgI.jpg,hi,0.0,Flop,5.0,0
Tauba Tauba,2004,"Drama, Comedy",0,0,1,122,,10,https://image.tmdb.org/t/p/w500/u5n1FrbykOd5Kty7ezn0mPwax0a.jpg,hi,0.0,Flop,5.301029995663981,0
Naach,2004,"Music, Romance, Drama",2000000,490000,6,145,"K Sera Sera Limited, Sahara One Entertainment, RGV Film Factory",11,https://image.tmdb.org/t/p/w500/yHUZCoLXhl8McLxOBaGwcJQhdU7.jpg,hi,-0.755,Flop,5.845098040014257,-1510000
Manasarovar,2004,Drama,0,0,0,90,,10,https://image.tmdb.org/t/p/w500/fm0IGcGFVWXz1wn0YCGZVoYptpy.jpg,hi,0.0,Flop,5.0,0
Hosh,2004,Thriller,0,0,0,145,,1,https://image.tmdb.org/t/p/w500/bNaocbQjRsBNcab6IHgGfp3LkHN.jpg,hi,0.0,Flop,5.0,0
Vaastu Shastra,2004,"Mystery, Horror",0,0,8,110,"K Sera Sera Limited, RGV Film Factory",10,https://image.tmdb.org/t/p/w500/uBAOfYXIXFRfA3buv2r9fXmd8xF.jpg,hi,0.0,Flop,5.954242509439325,0
Bardaasht,2004,"Action, Drama, Thriller",0,0,7,160,,4,https://image.tmdb.org/t/p/w500/1VhInF8SQiZdhRQ36VueNqXjxDI.jpg,hi,0.0,Flop,5.903089986991944,0
Suno Sasurjee,2004,"Comedy, Romance",0,0,0,169,Shivam Chitrya,7,https://image.tmdb.org/t/p/w500/xM7OeyScSKI2qsyyV8bUcnTYLJK.jpg,hi,0.0,Flop,5.0,0
Tum: A Dangerous Obsession,2004,"Drama, Thriller, Romance",0,0,7,145,,2,https://image.tmdb.org/t/p/w500/cJ3HkQcveT7Tec2WxaH8zeZ1ZUx.jpg,hi,0.0,Flop,5.903089986991944,0
Meenaxi: Tale of 3 Cities,2004,Unknown,0,0,2,130,,4,https://image.tmdb.org/t/p/w500/qOOhNEI8Jdm3NInxn0RCVOkQTrI.jpg,hi,0.0,Flop,5.477121254719663,0
Let the Wind Blow,2004,Drama,0,0,5,93,"Mystique Media, Santocha Productions",1,https://image.tmdb.org/t/p/w500/98uhq3zemaKNLRhI1tLXFGqRO47.jpg,hi,0.0,Flop,5.778151250383644,0
Charas: A Joint Effort,2004,Unknown,0,0,2,140,,5,https://image.tmdb.org/t/p/w500/cgLu0IOEFbxIYKIlVc1br5yv0KG.jpg,hi,0.0,Flop,5.477121254719663,0
Karma,2004,Drama,0,0,0,26,,5,https://image.tmdb.org/t/p/w500/ybv7wjf6RpetqdcubZhuJd8l1Ev.jpg,hi,0.0,Flop,5.0,0
Gayab,2004,Fantasy,0,0,7,138,"K Sera Sera Limited, RGV Film Factory",7,https://image.tmdb.org/t/p/w500/bTEslOpqHHxqjB3Si3wM3DX8JWE.jpg,hi,0.0,Flop,5.903089986991944,0
Ishq Hai Tumse,2004,Romance,0,0,3,148,Padmalaya Studios,1,https://image.tmdb.org/t/p/w500/23r4t6gFtFC2DDMYDo0JYdZLaP4.jpg,hi,0.0,Flop,5.6020599913279625,0
Hatya: The Murder,2004,"Action, Crime, Drama, Fantasy",0,0,1,131,,10,https://image.tmdb.org/t/p/w500/8oI4FVGAQvInTt1C2TfbJDYILTO.jpg,hi,0.0,Flop,5.301029995663981,0
Shaadi Ka Laddoo,2004,Comedy,0,0,0,0,,4,https://image.tmdb.org/t/p/w500/tFUpkpEj7WHvAyTMhzzhFkrNtGc.jpg,hi,0.0,Flop,5.0,0
Shart: The Challenge,2004,Romance,0,0,0,0,,8,,hi,0.0,Flop,5.0,0
Love in Nepal,2004,"Action, Comedy, Romance",0,0,1,143,Star Entertainments,3,https://image.tmdb.org/t/p/w500/aghLzNcVgrLUEW1G2YlXHmyrxjZ.jpg,hi,0.0,Flop,5.301029995663981,0
Agni Pankh,2004,Unknown,0,0,0,0,,1,https://image.tmdb.org/t/p/w500/cjhFfZ0mf9QEJak9zP3BeUpour0.jpg,hi,0.0,Flop,5.0,0
Woh,2004,"Thriller, Crime, Drama",0,0,0,119,,3,https://image.tmdb.org/t/p/w500/uuqQVnxPHwOLLhWs95ybi8EXjh0.jpg,hi,0.0,Flop,5.0,0
Mysteries Shaque,2004,Thriller,0,0,0,124,,1,https://image.tmdb.org/t/p/w500/pFPNIK9bCVu7JF20FM8WJsaufY9.jpg,hi,0.0,Flop,5.0,0
Mission Mumbai,2004,Action,0,0,0,0,,3,,hi,0.0,Flop,5.0,0
The Legend of Buddha,2004,"Animation, Family",0,0,6,87,"Kingdom Animasia Inc., Pentamedia Graphics Limited, Shemaroo Entertainment",10,https://image.tmdb.org/t/p/w500/wwsGSLvhQCEVLgwdrmFOkF92h5O.jpg,hi,0.0,Flop,5.845098040014257,0
Ghar Grihasti,2004,"Music, Drama",0,0,0,142,A.M.K. International,6,https://image.tmdb.org/t/p/w500/yJpxCj4Ujv1SIVjaPK1xqWRGMrb.jpg,hi,0.0,Flop,5.0,0
Final Solution,2004,Documentary,0,0,5,149,,2,https://image.tmdb.org/t/p/w500/kJGAi7ni8QYORhHg1HvnJcpmHK8.jpg,hi,0.0,Flop,5.778151250383644,0
Kiss Kis Ko,2004,"Comedy, Music, Romance",0,0,12,119,"Medient Studios, Eros Worldwide, MVP Pictures, Mediente International Films Ltd",10,https://image.tmdb.org/t/p/w500/2yAOTOh2NO4PVDpybXGnpqMycgR.jpg,hi,0.0,Flop,6.113943352306837,0
Kis Kis Ki Kismat,2004,Unknown,0,0,2,142,,10,https://image.tmdb.org/t/p/w500/fJanBjFQAqr0g0SzkJrxpeoY2kE.jpg,hi,0.0,Flop,5.477121254719663,0
Inteqam: The Perfect Game,2004,"Thriller, Action",0,0,3,127,,11,https://image.tmdb.org/t/p/w500/9JhhPNbnACp0C88z86wBWw4DpZe.jpg,hi,0.0,Flop,5.6020599913279625,0
Pyaasi Nagin,2004,Horror,0,0,0,84,,1,,hi,0.0,Flop,5.0,0
Shikaar,2004,"Action, Thriller",0,0,2,139,,7,https://image.tmdb.org/t/p/w500/A5lfOyGR7GtZHGp6RUwOdf3tanq.jpg,hi,0.0,Flop,5.477121254719663,0
Dukaan: Pila House,2004,Unknown,0,0,2,0,,5,,hi,0.0,Flop,5.477121254719663,0
Kaam Jwala: The Fire,2004,Unknown,0,0,0,73,,6,https://image.tmdb.org/t/p/w500/a6F6n1pdYLPDdnIUPZFdhNCCEJQ.jpg,hi,0.0,Flop,5.0,0
Bhola in Bollywood,2004,"Music, Drama, Romance",0,0,0,138,,10,https://image.tmdb.org/t/p/w500/aHyiKYAWUx5VGMrcnvHqdVAXDcD.jpg,hi,0.0,Flop,5.0,0
Shukriya: Till Death Do Us Apart,2004,Unknown,0,0,4,137,,10,https://image.tmdb.org/t/p/w500/xcUSExwHtdoKKDdWVuWxi93RNfR.jpg,hi,0.0,Flop,5.698970004336019,0
The Game of Love,2004,"Drama, Crime",0,0,0,80,"Indo-American Films, Sagar & Balaji Productions",6,,hi,0.0,Flop,5.0,0
Kshya Tra Ghya,2004,"Drama, Fantasy",0,0,0,22,,1,https://image.tmdb.org/t/p/w500/lpv9jlOvfArdpJXIm4WTlieBQXI.jpg,hi,0.0,Flop,5.0,0
God Only Knows!,2004,Comedy,0,0,0,113,Why Not,1,,hi,0.0,Flop,5.0,0
Rok Sako To Rok Lo,2004,Unknown,0,0,2,0,,12,https://image.tmdb.org/t/p/w500/bIkPG26DiP9bGYImcLC6SLrIfat.jpg,hi,0.0,Flop,5.477121254719663,0
Wajahh: A Reason to Kill,2004,Thriller,0,0,2,140,,10,https://image.tmdb.org/t/p/w500/yhSIl4r92SoI7CMT5YQogDthMMT.jpg,hi,0.0,Flop,5.477121254719663,0
Popcorn Khao! Mast Ho Jao,2004,"Comedy, Drama, Romance",0,0,0,137,Pritish Nandy Communications,10,https://image.tmdb.org/t/p/w500/oofsOhtHEsEe7R1nGWm2d2lcCi.jpg,hi,0.0,Flop,5.0,0
Karam,2005,"Action, Crime, Drama",0,0,13,117,Baweja Movies,1,https://image.tmdb.org/t/p/w500/wyxJ3KkygtNApMpNS1t23nOjmGV.jpg,hi,0.0,Flop,6.146128035678238,0
D,2005,"Thriller, Crime, Drama",0,0,36,107,"UTV Motion Pictures, K Sera Sera Limited, RGV Film Factory",6,https://image.tmdb.org/t/p/w500/lDL3RikOCwbH6qEUtVHr7HJ6PFy.jpg,hi,0.0,Flop,6.568201724066995,0
Dus,2005,"Action, Crime, Thriller",0,0,38,146,,7,https://image.tmdb.org/t/p/w500/yGxt6OwPvstGA5EQlMwQqtaD3Vv.jpg,hi,0.0,Flop,6.5910646070264995,0
Sheesha,2005,"Drama, Romance, Thriller",0,0,11,140,,2,https://image.tmdb.org/t/p/w500/1rNLPwBItoiSVP4EyDpKe50cZHj.jpg,hi,0.0,Flop,6.079181246047625,0
Naina,2005,"Horror, Mystery",500000,0,12,103,iDream Productions,5,https://image.tmdb.org/t/p/w500/wSx1M12OYvKa1I7QbE4kVp27XYZ.jpg,hi,-1.0,Flop,6.113943352306837,-500000
Parineeta,2005,"Romance, Drama",6250000,0,53,124,Vidhu Vinod Chopra Productions,6,https://image.tmdb.org/t/p/w500/6PupxvUzTVqkSJvvbDILOjLQwuB.jpg,hi,-1.0,Flop,6.732393759822969,-6250000
Blackmail,2005,"Thriller, Action, Drama",950,0,10,126,"Siddhi Vinayak Creations, Devgan Entertainment Software",1,https://image.tmdb.org/t/p/w500/tIho6RIwbKOCAOQARqnpLGEwIb6.jpg,hi,-1.0,Flop,6.041392685158225,-950
Fareb,2005,"Thriller, Drama",0,0,2,155,,7,https://image.tmdb.org/t/p/w500/258YZzbZTLvc9Ch2XTihsXxpOS3.jpg,hi,0.0,Flop,5.477121254719663,0
Hum Dum,2005,"Romance, Comedy",0,0,1,140,Sarvodaya Pictures,2,https://image.tmdb.org/t/p/w500/vEYpPPTUUEoEknwzezql5qerbSe.jpg,hi,0.0,Flop,5.301029995663981,0
Barsaat,2005,"Drama, Romance",0,0,7,144,,8,https://image.tmdb.org/t/p/w500/eZ5qYiEDh0nS2EnZfGjUFdkkacT.jpg,hi,0.0,Flop,5.903089986991944,0
Chetna,2005,Drama,0,0,1,101,,6,https://image.tmdb.org/t/p/w500/9hIOYAcjvhPfDqa81QDevz5KIBd.jpg,hi,0.0,Flop,5.301029995663981,0
Chehraa,2005,"Drama, Thriller",0,0,2,136,Khwaish Movies,2,https://image.tmdb.org/t/p/w500/zZK8pl6jPu7J8UB0yvzeZWsdr6k.jpg,hi,0.0,Flop,5.477121254719663,0
Who?,2005,Animation,0,0,2,16,,1,https://image.tmdb.org/t/p/w500/qdwF5i54jdv3Xez0ODic1A4FtjA.jpg,hi,0.0,Flop,5.477121254719663,0
Chakachak,2005,Unknown,0,0,0,121,,1,,hi,0.0,Flop,5.0,0
Murad,2005,"Drama, Family, TV Movie",0,0,7,50,Evergreen Media Europe,3,https://image.tmdb.org/t/p/w500/t0NK3YFfksYv7FgnVDVgoy3tK48.jpg,hi,0.0,Flop,5.903089986991944,0
Sarkar,2005,"Crime, Action, Drama",1900000,5900000,85,123,"Sahara One Entertainment, K Sera Sera Limited",7,https://image.tmdb.org/t/p/w500/rxruLUuejw1By5KMZVbhN8VJv9O.jpg,hi,2.1052631578947367,Hit,6.9344984512435675,4000000
Black,2005,Drama,2652377,8029469,223,124,"Applause Bhansali Productions, Applause Entertainment, Bhansali Productions, Yash Raj Films",2,https://image.tmdb.org/t/p/w500/cFICDU9erHYmlAyCZzbb1adNMgh.jpg,hi,2.0272728952181382,Hit,7.350248018334163,5377092
Salaam Namaste,2005,"Comedy, Romance, Drama",2500000,0,96,158,"Yash Raj Films, Films & Casting TEMPLE, Film Victoria, Prime Focus",9,https://image.tmdb.org/t/p/w500/wL1lm92Da9R7VEPXD0ZCSt1kuUd.jpg,hi,-1.0,Flop,6.986771734266245,-2500000
Zeher,2005,Thriller,0,0,19,132,Vishesh Films,3,https://image.tmdb.org/t/p/w500/ch9QmFsEmCKDvEWrDDY0jYCB8WM.jpg,hi,0.0,Flop,6.301029995663981,0
Topless,2005,Unknown,0,0,1,117,Venus Records & Tapes,9,,hi,0.0,Flop,5.301029995663981,0
Paheli,2005,"Romance, Drama, Fantasy",4900000,11000000,100,141,Red Chillies Entertainment,6,https://image.tmdb.org/t/p/w500/1oQ8mBfBKcVT758y1949ULkSXER.jpg,hi,1.2448979591836735,Hit,7.004321373782643,6100000
No Entry,2005,"Comedy, Romance",3500000,14000000,72,164,"BSK Network and Entertainment, Sahara One Motion Pictures, SK Films Enterprises",8,https://image.tmdb.org/t/p/w500/h1ErmexOhpRsVYPil9PQOJVRu2j.jpg,hi,3.0,Hit,6.863322860120456,10500000
Ek Khiladi Ek Haseena,2005,"Crime, Thriller",0,0,9,140,,11,https://image.tmdb.org/t/p/w500/emVhmOZYn3mS3eqUzvVaYYQJR0z.jpg,hi,0.0,Flop,6.0,0
Mazaa Mazaa,2005,"Romance, Drama",0,0,4,150,Shagun Film Creations,7,https://image.tmdb.org/t/p/w500/c7BETsX1yEmm7ucGJbSj5Q49tI6.jpg,hi,0.0,Flop,5.698970004336019,0
Iqbal,2005,Drama,0,0,75,150,Mukta Searchlight Films,8,https://image.tmdb.org/t/p/w500/oPdtscy3BYDsM83wddWkmQxcTEg.jpg,hi,0.0,Flop,6.880813592280791,0
Vaah! Life Ho Toh Aisi!,2005,"Drama, Comedy, Family, Fantasy",2721088,4308390,37,132,"Tips Industries, Shree Krishna International, UTV Motion Pictures",12,https://image.tmdb.org/t/p/w500/1f4PGH7PDRWlcr5xml3uZCZBobC.jpg,hi,0.5833335783333725,Average,6.57978359661681,1587302
Kyon Ki...,2005,"Romance, Drama",0,0,40,160,Orion,11,https://image.tmdb.org/t/p/w500/j77NdrLrVhyt0e0enEG0ZzWP2v6.jpg,hi,0.0,Flop,6.6127838567197355,0
Maine Pyaar Kyun Kiya?,2005,"Comedy, Drama, Romance",0,0,122,145,"Shree Ashtavinayak Cine Vision, Sohail Khan Production",7,https://image.tmdb.org/t/p/w500/uV0P65zblJdjxeazaC4WC9UE6Ig.jpg,hi,0.0,Flop,7.089905111439398,0
Garam Masala,2005,Comedy,0,0,96,142,Venus Records & Tapes,11,https://image.tmdb.org/t/p/w500/puk8ca4bL9HG1R8BwORif8bHGqY.jpg,hi,0.0,Flop,6.986771734266245,0
Bunty Aur Babli,2005,"Comedy, Crime, Romance",0,3370142,84,170,Yash Raj Films,5,https://image.tmdb.org/t/p/w500/32OxUzs9ETQ3QvLFFYaDuuAtq3Y.jpg,hi,0.0,Flop,6.929418925714293,3370142
Bose: The Forgotten Hero,2005,"Drama, History",0,0,8,208,,5,https://image.tmdb.org/t/p/w500/wxCUiQkMseSSiGxPKA8GnPlpoDY.jpg,hi,0.0,Flop,5.954242509439325,0
Kalyug,2005,"Action, Crime, Thriller",0,0,23,116,,12,https://image.tmdb.org/t/p/w500/zvs6wuMCdn0zTe3U7yeXboiHjin.jpg,hi,0.0,Flop,6.380211241711606,0
Aashiq Banaya Aapne,2005,"Drama, Thriller, Romance",0,0,16,115,Shagun Film Creations,9,https://image.tmdb.org/t/p/w500/AoK87XkGXwPsUThzWhQGZcxHR0f.jpg,hi,0.0,Flop,6.230448921378274,0
Main Aisa Hi Hoon,2005,"Drama, Family",0,0,32,162,Baweja Movies,5,https://image.tmdb.org/t/p/w500/87ueqnQ9HRSGEAXAhLGifgSyIxz.jpg,hi,0.0,Flop,6.518513939877888,0
Dosti: Friends Forever,2005,"Romance, Drama",0,0,17,142,,12,https://image.tmdb.org/t/p/w500/jnJQne1uplPbXDDL9YCvRK7OI5u.jpg,hi,0.0,Flop,6.2552725051033065,0
Matrubhoomi: A Nation Without Women,2005,Drama,0,0,21,99,,1,https://image.tmdb.org/t/p/w500/5cBn5q6mt3wiKM2Etafx6Qn23nY.jpg,hi,0.0,Flop,6.342422680822207,0
Rog,2005,"Drama, Thriller, Romance",0,0,10,115,Fish Eye Network,1,https://image.tmdb.org/t/p/w500/3odZM1TuJH2n41fLLOykCFoSPgr.jpg,hi,0.0,Flop,6.041392685158225,0
Kaal,2005,"Action, Thriller, Horror",0,0,55,127,"Dharma Productions, Red Chillies Entertainment",4,https://image.tmdb.org/t/p/w500/dzFAY2jqODs7GXGhi590222WAyw.jpg,hi,0.0,Flop,6.748188027006201,0
Bewafaa,2005,Drama,0,0,20,149,,2,https://image.tmdb.org/t/p/w500/8FVH3HfBkkwmPNMHb6c6lqvH82v.jpg,hi,0.0,Flop,6.3222192947339195,0
Insan,2005,"Action, Crime, Drama",0,0,10,142,,1,https://image.tmdb.org/t/p/w500/fNwCr9gCMPpsOfVDCnJ766sx2I6.jpg,hi,0.0,Flop,6.041392685158225,0
Kisna,2005,"Drama, Romance",0,0,10,170,Mukta Arts Ltd,1,https://image.tmdb.org/t/p/w500/b4homgKuE49RXW5d3aUW1C5bRtJ.jpg,hi,0.0,Flop,6.041392685158225,0
Bluffmaster!,2005,"Drama, Comedy, Romance",1823152,7133082,46,137,"Sahara One Entertainment, Ramesh Sippy Entertainment",12,https://image.tmdb.org/t/p/w500/pekKOkIrc1fOwurlwqXR4g6K5sB.jpg,hi,2.9124998902998764,Hit,6.672097857935718,5309930
Home Delivery,2005,"Comedy, Romance",0,0,5,151,"Sahara One Motion Pictures, Perception Pictures",12,https://image.tmdb.org/t/p/w500/b9J35FCOulIxcRFoTtTnJJ2rkEb.jpg,hi,0.0,Flop,5.778151250383644,0
Maine Gandhi Ko Nahin Mara,2005,Drama,0,0,55,100,,9,https://image.tmdb.org/t/p/w500/xmxjQG998GVEcalvH8f2xIchbtI.jpg,hi,0.0,Flop,6.748188027006201,0
Shabnam Mausi,2005,Unknown,0,0,4,165,,5,https://image.tmdb.org/t/p/w500/vKxi94zkr3KCVjlv3sdg2uwObno.jpg,hi,0.0,Flop,5.698970004336019,0
Neal 'N' Nikki,2005,"Comedy, Romance",0,0,20,122,Yash Raj Films,12,https://image.tmdb.org/t/p/w500/aCjfuhKLvnH4K1QaxB2GJkGicWY.jpg,hi,0.0,Flop,6.3222192947339195,0
Apaharan,2005,"Action, Crime, Drama",0,0,31,173,,12,https://image.tmdb.org/t/p/w500/gZbY2w5NKuJZ8XBmIPZnG2P7X5L.jpg,hi,0.0,Flop,6.505149978319906,0
Mangal Pandey - The Rising,2005,"Drama, History",70000000,7250000,67,150,,8,https://image.tmdb.org/t/p/w500/8lX7chVhAYk17doTX0SOlbLH1HW.jpg,hi,-0.8964285714285715,Flop,6.832508912706237,-62750000
Tango Charlie,2005,"Action, Adventure, Drama",0,0,10,0,,3,https://image.tmdb.org/t/p/w500/jGfWsWcndUpzrdxZ8uddKYlJUsk.jpg,hi,0.0,Flop,6.041392685158225,0
Shaadi No. 1,2005,Comedy,0,0,11,129,,8,https://image.tmdb.org/t/p/w500/o9khHif9e22IwkfcKjrNTDGG1AL.jpg,hi,0.0,Flop,6.079181246047625,0
Sehar,2005,"Action, Thriller",0,0,9,0,,7,https://image.tmdb.org/t/p/w500/mfLIFMSy7wNbGQPfZftqRTzfJoF.jpg,hi,0.0,Flop,6.0,0
Shabd,2005,"Romance, Thriller",2500000,3100000,12,140,,2,https://image.tmdb.org/t/p/w500/aNzaVnUGJsnFVLx4clDoLsnjkKX.jpg,hi,0.24,Average,6.113943352306837,600000
Chocolate: Deep Dark Secrets,2005,"Thriller, Crime, Drama, Mystery",0,0,18,159,,9,https://image.tmdb.org/t/p/w500/dAGpuhiI3kbvc5SAmuf839iaUIe.jpg,hi,0.0,Flop,6.278753600952829,0
Page 3,2005,Drama,0,0,36,139,Lighthouse Films,1,https://image.tmdb.org/t/p/w500/wQnQ8BOiJpLze6wC01ujoQcjyeU.jpg,hi,0.0,Flop,6.568201724066995,0
Kyaa Kool Hai Hum,2005,Comedy,0,0,34,172,,5,https://image.tmdb.org/t/p/w500/iR93RMNEKFZkmY5yWByW1Qqyen2.jpg,hi,0.0,Flop,6.544068044350276,0
My Wife's Murder,2005,"Thriller, Mystery",0,0,9,103,"K Sera Sera Limited, RGV Film Factory, Anil Kapoor Film & Communication Network",8,https://image.tmdb.org/t/p/w500/zvAFzEv394aIH05EGdRwEVmLjxM.jpg,hi,0.0,Flop,6.0,0
Socha Na Tha,2005,"Drama, Comedy, Romance",1500000,2400000,33,145,Vijayta Films,3,https://image.tmdb.org/t/p/w500/8HbdfX0FGnQUQ8WtGWY5zLZB4lH.jpg,hi,0.6,Average,6.531478917042255,900000
Deewane Huye Paagal,2005,"Comedy, Drama, Romance",0,355962,47,150,Base Industries Group,11,https://image.tmdb.org/t/p/w500/gJJwTPur4VsCal7gVSXmPMk9QRp.jpg,hi,0.0,Flop,6.681241237375588,355962
Elaan,2005,"Drama, Action, Thriller",0,0,11,159,,1,https://image.tmdb.org/t/p/w500/1Mc56afI0xM6YtV5HiDhQp8F1x6.jpg,hi,0.0,Flop,6.079181246047625,0
"Main, Meri Patni Aur Woh",2005,"Comedy, Drama, Romance",0,0,21,128,,10,https://image.tmdb.org/t/p/w500/hedAEBVB4TzodNZeixNP9xrqZ5t.jpg,hi,0.0,Flop,6.342422680822207,0
Ramji Londonwaley,2005,"Comedy, Family, Drama",0,0,8,154,Motion Pictures Partners International,9,https://image.tmdb.org/t/p/w500/dKhPd5eqmDJERinmwFw1tYhJ6aj.jpg,hi,0.0,Flop,5.954242509439325,0
Siskiyaan,2005,"Drama, Thriller",0,0,1,125,Rama Entertainment Pvt. Ltd.,9,https://image.tmdb.org/t/p/w500/jy2GjVOYOIASxvMCYKaKmHksMga.jpg,hi,0.0,Flop,5.301029995663981,0
Khullam Khulla Pyaar Karen,2005,Comedy,0,0,1,155,,4,https://image.tmdb.org/t/p/w500/6PqrPB2BrPPolZ6VDxB0fs3X33q.jpg,hi,0.0,Flop,5.301029995663981,0
Jurm,2005,"Crime, Drama, Mystery, Thriller",0,0,8,150,,2,https://image.tmdb.org/t/p/w500/yfuUcZZqQ2FBPTTxVaU0ir2qt8U.jpg,hi,0.0,Flop,5.954242509439325,0
Taj Mahal: An Eternal Love Story!,2005,"Drama, History",0,0,0,151,,11,https://image.tmdb.org/t/p/w500/wPERgjEEH4q2K3gKenJJ9tvqMQr.jpg,hi,0.0,Flop,5.0,0
Yahaan,2005,"War, Drama, Romance",0,0,5,132,,7,https://image.tmdb.org/t/p/w500/dm0bTEpjffPceyl7kWc1tSdzLgk.jpg,hi,0.0,Flop,5.778151250383644,0
Chand Sa Roshan Chehra,2005,Romance,0,0,1,151,Aftab Pictures,3,https://image.tmdb.org/t/p/w500/ndpC5DpS4DqfULP9mCHqm5E9KCS.jpg,hi,0.0,Flop,5.301029995663981,0
Ek Ajnabee,2005,"Action, Thriller",0,213709,15,142,G.S. Entertainment,12,https://image.tmdb.org/t/p/w500/5zzicBnDDjxCzaIB8R0BUNr8P1H.jpg,hi,0.0,Flop,6.204119982655925,213709
Kuchh Meetha Ho Jaye,2005,"Drama, Comedy, Romance",0,0,3,130,Shemaroo Entertainment,4,https://image.tmdb.org/t/p/w500/bvhxjIc5eIFmA7s9W5BcQSqEFyn.jpg,hi,0.0,Flop,5.6020599913279625,0
Viruddh... Family Comes First,2005,"Drama, Family",0,0,12,132,,7,https://image.tmdb.org/t/p/w500/yOu5GADc1xzK7pUerul59Fb2361.jpg,hi,0.0,Flop,6.113943352306837,0
Yakeen,2005,"Action, Thriller",0,0,12,116,,6,https://image.tmdb.org/t/p/w500/v5EheBhPNfEk6jrVvI2UhZqU3p.jpg,hi,0.0,Flop,6.113943352306837,0
Hanuman,2005,"Animation, Fantasy, Family",0,0,15,138,Percept Picture Company,10,https://image.tmdb.org/t/p/w500/lnGhItGVyiet1Um0y2qfgEHihg.jpg,hi,0.0,Flop,6.204119982655925,0
Lucky: No Time for Love,2005,"Drama, Romance",0,0,26,180,Sohail Khan Production,4,https://image.tmdb.org/t/p/w500/hqBaHsrlg4ZavQWYtxtJpgW4nUk.jpg,hi,0.0,Flop,6.431363764158988,0
Film Star,2005,Drama,0,0,4,145,Sahara One Motion Pictures,8,https://image.tmdb.org/t/p/w500/qpQOz2nFepyJlj3kIJVXe6zQ2h0.jpg,hi,0.0,Flop,5.698970004336019,0
Vaada,2005,"Drama, Romance",0,0,12,122,Pooja Entertainment,1,https://image.tmdb.org/t/p/w500/bk0enIvemyRlYacoJYoS09Z25Gp.jpg,hi,0.0,Flop,6.113943352306837,0
Khamoshh... Khauff Ki Raat,2005,"Mystery, Thriller",0,0,3,123,,4,https://image.tmdb.org/t/p/w500/w4nsUGW7yioeAbrB2h8Tx9myfXv.jpg,hi,0.0,Flop,5.6020599913279625,0
James,2005,"Action, Thriller",0,0,6,137,"Sahara One Motion Pictures, K Sera Sera Limited",9,https://image.tmdb.org/t/p/w500/wwr6BFqunJJTWdqYjoSWRrNPClf.jpg,hi,0.0,Flop,5.845098040014257,0
7½ Phere,2005,"Comedy, Drama",0,0,1,136,Epitome Entertainment Pvt. Ltd.,7,https://image.tmdb.org/t/p/w500/cay4qE79QEyDlvCmGSolVN6cxzt.jpg,hi,0.0,Flop,5.301029995663981,0
Bachke Rehna Re Baba,2005,"Drama, Comedy, Romance",0,0,1,130,,6,https://image.tmdb.org/t/p/w500/quED30ZeiE7jT6HCKf4RRFWKVUM.jpg,hi,0.0,Flop,5.301029995663981,0
Mr Ya Miss,2005,Comedy,0,0,5,136,"Horseshoe Pictures, RGV Film Factory",12,https://image.tmdb.org/t/p/w500/eIO43xUoa7kwRwPHq5GA34h2Om9.jpg,hi,0.0,Flop,5.778151250383644,0
Jo Bole So Nihaal,2005,"Action, Comedy",0,0,5,127,,5,https://image.tmdb.org/t/p/w500/qxQI3LxqbrZxASMj0lEKwspUR7h.jpg,hi,0.0,Flop,5.778151250383644,0
Nazar,2005,Thriller,0,0,2,138,,5,https://image.tmdb.org/t/p/w500/iYXwRU6H2oCVAXv4rCS58YR9kTa.jpg,hi,0.0,Flop,5.477121254719663,0
Koi Aap Sa,2005,"Romance, Comedy, Drama",0,0,4,142,Balaji Motion Pictures,10,https://image.tmdb.org/t/p/w500/g9RSAsLY4wKbtN4ypuTTEKAiXw.jpg,hi,0.0,Flop,5.698970004336019,0
Koi Mere Dil Mein Hai,2005,"Drama, Comedy, Romance",0,0,3,134,,6,https://image.tmdb.org/t/p/w500/6uua1YADdc7u5HsW6YlKKrDGrrc.jpg,hi,0.0,Flop,5.6020599913279625,0
Krishna Balram: The Warrior Princess,2005,"Animation, Action, Adventure",0,0,0,68,Green Gold Animation,8,https://image.tmdb.org/t/p/w500/sapd6JRc0ndFx6sLQz50dW7ifoq.jpg,hi,0.0,Flop,5.0,0
Dubai Return,2005,Comedy,0,0,0,103,,12,https://image.tmdb.org/t/p/w500/m5xun3SrFJIPXVOoxgKAZYSconl.jpg,hi,0.0,Flop,5.0,0
Tum... Ho Na!,2005,"Romance, Drama",0,0,3,0,,1,https://image.tmdb.org/t/p/w500/hqpHO2vNwG8iJHuC2nSKmSDVmo5.jpg,hi,0.0,Flop,5.6020599913279625,0
Fun: Can Be Dangerous Sometimes,2005,Drama,0,0,0,138,,2,https://image.tmdb.org/t/p/w500/8hLbNsqnWY2XEPyAe4GjbAqThS9.jpg,hi,0.0,Flop,5.0,0
Kal: Yesterday and Tomorrow,2005,"Drama, Mystery, Thriller",0,0,0,131,,9,https://image.tmdb.org/t/p/w500/d5weOuf9Wx8D4rIByDKMM5YJwgM.jpg,hi,0.0,Flop,5.0,0
The Film,2005,"Crime, Drama, Mystery",0,0,0,135,,11,https://image.tmdb.org/t/p/w500/6ITYox76nCbStwBAGtXVUcrXiTD.jpg,hi,0.0,Flop,5.0,0
Ssukh,2005,Comedy,0,0,1,137,,6,https://image.tmdb.org/t/p/w500/4hjSze0BO8KHGNPJRkIYwouPNOw.jpg,hi,0.0,Flop,5.301029995663981,0
Revati,2005,Drama,0,0,1,145,Victory International,5,,hi,0.0,Flop,5.301029995663981,0
Kasak,2005,Drama,0,0,3,107,,7,https://image.tmdb.org/t/p/w500/w4PbZE3ctn8g5iFpc72T9QhReA6.jpg,hi,0.0,Flop,5.6020599913279625,0
My Brother... Nikhil,2005,Drama,0,0,9,120,,3,https://image.tmdb.org/t/p/w500/wk3bdtdcBnMDGA0jU03R9WdtK7s.jpg,hi,0.0,Flop,6.0,0
Chalta Hai Yaar,2005,Comedy,0,0,0,133,,1,,hi,0.0,Flop,5.0,0
Pyaar Mein Twist,2005,"Music, Comedy, Drama",0,0,3,123,,9,https://image.tmdb.org/t/p/w500/vYoLhm8yImh8kN0m4sQjvF7h8DT.jpg,hi,0.0,Flop,5.6020599913279625,0
Mixed Doubles,2006,"Comedy, Drama, Romance",0,0,5,91,"Cinematograph, Handmade Films",2,https://image.tmdb.org/t/p/w500/jCv6NWHOx9hf5dBHUoS94lYd1vw.jpg,hi,0.0,Flop,5.778151250383644,0
Sandwich,2006,"Comedy, Romance",0,0,16,152,Rahul Productions,7,https://image.tmdb.org/t/p/w500/1tnz4nWAyulISTPHcDh0bwjPR1g.jpg,hi,0.0,Flop,6.230448921378274,0
Ankahee,2006,Unknown,0,0,7,151,,5,https://image.tmdb.org/t/p/w500/bj5PeFr9b6urMxUy9v0ilezHeiB.jpg,hi,0.0,Flop,5.903089986991944,0
Katputtli,2006,"Drama, Thriller",0,0,3,120,,8,https://image.tmdb.org/t/p/w500/2X80xXio3Jhk9VWg6qBqZsywbpZ.jpg,hi,0.0,Flop,5.6020599913279625,0
Chingaari,2006,"Drama, Romance",0,0,3,160,,2,https://image.tmdb.org/t/p/w500/8Ani9R7jObI69AplkUZxSxcE47D.jpg,hi,0.0,Flop,5.6020599913279625,0
Tathastu,2006,Drama,0,0,3,113,Karma Entertainment,5,https://image.tmdb.org/t/p/w500/qPJQywktHvQbOaqZxhmdLkevXwF.jpg,hi,0.0,Flop,5.6020599913279625,0
Krrish,2006,"Action, Science Fiction",5000000,16000000,265,174,"Film Kraft, Golden Network Asia, Yash Raj Films, Adlabs Films",6,https://image.tmdb.org/t/p/w500/Apd4UKesyTmpDutEjNVHP45kvBi.jpg,hi,2.2,Hit,7.424881636631067,11000000
Dor,2006,Drama,0,0,27,124,Percept Picture Company,9,https://image.tmdb.org/t/p/w500/j29JyRQENX0JWYWBgeg7DlWsA7y.jpg,hi,0.0,Flop,6.447158031342219,0
Gafla,2006,Drama,0,0,1,0,Metropolis Multimedia Company,10,https://image.tmdb.org/t/p/w500/2B5ufjJOngC3UaRlwZx9qaZB5bf.jpg,hi,0.0,Flop,5.301029995663981,0
Rang De Basanti,2006,"Comedy, Drama, History, Romance",2200000,11502151,486,157,"UTV Motion Pictures, Rakeysh Omprakash Mehra Pictures",1,https://image.tmdb.org/t/p/w500/f1bF8CHzEu621bPSIg6XiUNAabh.jpg,hi,4.228250454545455,Hit,7.687528961214635,9302151
Dhoom 2,2006,"Drama, Action, Thriller, Crime",11000000,46396427,273,151,"Yash Raj Films, Dhoom Studios",11,https://image.tmdb.org/t/p/w500/3zJLnrP9g9LSMpX5C1wau49gGUv.jpg,hi,3.217857,Hit,7.437750562820388,35396427
Fanaa,2006,"Action, Drama, Romance, Thriller",5300000,22175908,221,168,Yash Raj Films,5,https://image.tmdb.org/t/p/w500/1Ji0nyfJmXJDw5icyOZcsVAyiiT.jpg,hi,3.1841335849056605,Hit,7.346352974450639,16875908
Don,2006,"Action, Drama, Thriller",5000000,15000000,294,178,Excel Entertainment,10,https://image.tmdb.org/t/p/w500/4HyRXNJ4U3H5yP9XjeTGWtlUlJN.jpg,hi,2.0,Hit,7.469822015978163,10000000
Chup Chup Ke,2006,Comedy,0,3912699,104,165,UTV Motion Pictures,6,https://image.tmdb.org/t/p/w500/daXoADAtEPis5bBvSrXVWfRa77X.jpg,hi,0.0,Flop,7.021189299069938,3912699
We R Friends,2006,Drama,0,0,1,110,Shanti Interactives Pvt. Ltd.,7,https://image.tmdb.org/t/p/w500/2Iz9gqz5KD7QhkjJMQIjPjlmKQY.jpg,hi,0.0,Flop,5.301029995663981,0
Phir Hera Pheri,2006,Comedy,4000000,15360000,139,155,"Base Industries Group, A.G. Films",6,https://image.tmdb.org/t/p/w500/c1Mvyd983ZyrU5Vf2aKEe6WncSq.jpg,hi,2.84,Hit,7.146128035678238,11360000
Vivah,2006,"Romance, Drama",0,4000000,91,175,Rajshri Productions,11,https://image.tmdb.org/t/p/w500/e5zFYX3hW1TNeFCzRw7ET2DxRPm.jpg,hi,0.0,Flop,6.963787827345556,4000000
Kudiyon Ka hai Zamaana,2006,Comedy,0,0,0,112,,1,https://image.tmdb.org/t/p/w500/wPQRUdYeEp2mIe331U3WBZcPOds.jpg,hi,0.0,Flop,5.0,0
Alag,2006,"Science Fiction, Fantasy, Thriller, Drama",0,0,11,122,Subi Samuel Movies,6,https://image.tmdb.org/t/p/w500/kmrla9Y9mCr3O4gMkZ0GzT3EgLZ.jpg,hi,0.0,Flop,6.079181246047625,0
Bhagam Bhag,2006,"Comedy, Thriller, Romance",7111000,15071000,92,157,"Shree Ashtavinayak Cine Vision, Popcorn Motion Pictures",12,https://image.tmdb.org/t/p/w500/wJqdwEgMiMzU0zIEnKBWEbTfeUS.jpg,hi,1.1193924905076642,Hit,6.968482948553935,7960000
Lage Raho Munna Bhai,2006,"Comedy, Drama, Romance",1800000,31517561,221,144,Vidhu Vinod Chopra Productions,9,https://image.tmdb.org/t/p/w500/lgSn1tXDstMXSHJYkSibKkHqW8y.jpg,hi,16.509756111111113,Hit,7.346352974450639,29717561
Baabul,2006,"Drama, Romance, Family",0,0,32,169,B.R. Films,12,https://image.tmdb.org/t/p/w500/301y5k764riqCJIgzs1OIh7d0MA.jpg,hi,0.0,Flop,6.518513939877888,0
Rocky,2006,"Action, Drama, Romance",0,0,3,125,,9,https://image.tmdb.org/t/p/w500/zHdS5xJI7PCrRsZ5cnQVKsjWToO.jpg,hi,0.0,Flop,5.6020599913279625,0
Ganga,2006,"Drama, Romance, Music, Action",0,0,0,102,,10,https://image.tmdb.org/t/p/w500/bBZBDfCIIAZy8QbNAwn5FBuAfjd.jpg,hi,0.0,Flop,5.0,0
Golmaal – Fun Unlimited,2006,"Comedy, Family",1800000,4900000,135,150,"K Sera Sera Limited, Shree Ashtavinayak Cinevision Ltd",7,https://image.tmdb.org/t/p/w500/3ubefqLk26Gy0lXCfGIu8hQrBak.jpg,hi,1.7222222222222223,Hit,7.133538908370218,3100000
Fight Club: Members Only,2006,Action,0,0,25,140,Sohail Khan Production,2,https://image.tmdb.org/t/p/w500/aXFmWfWYCCxQTkCn7K86RvDiMHZ.jpg,hi,0.0,Flop,6.414973347970818,0
I See You,2006,"Romance, Drama",0,0,11,122,"Chasing Ganesha Films, K Sera Sera Limited",12,https://image.tmdb.org/t/p/w500/z4ReGLUPzh4QiIsbX7K0A4PMOQ.jpg,hi,0.0,Flop,6.079181246047625,0
Malamaal Weekly,2006,"Comedy, Crime",839886,5123310,58,138,Percept Picture Company,3,https://image.tmdb.org/t/p/w500/kGYn1rK0XBciKqnGHtLSnzJw6Gf.jpg,hi,5.100006429443996,Hit,6.770852011642145,4283424
Aatma,2006,"Drama, Thriller, Horror, Crime",0,0,4,107,Parallel Films,5,https://image.tmdb.org/t/p/w500/z73F9cppYM69oZipEA4KxxIEiV.jpg,hi,0.0,Flop,5.698970004336019,0
Aap Ki Khatir,2006,"Comedy, Romance",0,0,13,127,Venus Films,8,https://image.tmdb.org/t/p/w500/kw57mXcLSshE6VzaAd7Sb6tdAcg.jpg,hi,0.0,Flop,6.146128035678238,0
Umrao Jaan,2006,"Romance, Drama",0,0,24,188,,11,https://image.tmdb.org/t/p/w500/ttSoeSxv1OfbM0R0Xy3s6ZowmA5.jpg,hi,0.0,Flop,6.3979400086720375,0
Darna Zaroori Hai,2006,"Thriller, Horror",0,0,27,108,"RGV Film Factory, K Sera Sera Limited",4,https://image.tmdb.org/t/p/w500/g5cEhoRiJXedCGAKMQZEPiT2cp5.jpg,hi,0.0,Flop,6.447158031342219,0
Jaan-E-Mann,2006,"Drama, Romance",0,5100000,38,171,Nadiadwala Grandson Entertainment,10,https://image.tmdb.org/t/p/w500/qBCQOQOZyeJKljODcGZbzr80REn.jpg,hi,0.0,Flop,6.5910646070264995,5100000
The Killer,2006,Drama,0,0,6,122,Vishesh Films,7,https://image.tmdb.org/t/p/w500/l5CUToJuYslpNhXHUCi0QRgMkIV.jpg,hi,0.0,Flop,5.845098040014257,0
Khosla Ka Ghosla!,2006,Comedy,0,0,111,135,UTV Motion Pictures,9,https://image.tmdb.org/t/p/w500/nYcqtbv8Be6qpTcl6Y7qp0hvVdh.jpg,hi,0.0,Flop,7.049218022670182,0
Shaadi Karke Phas Gaya Yaar,2006,Drama,0,0,6,152,Karishma International,8,https://image.tmdb.org/t/p/w500/wO7lSHuQxkeYpvEMJwY2oIBnc1c.jpg,hi,0.0,Flop,5.845098040014257,0
Chand Ke Paar Chalo,2006,"Drama, Romance",0,0,2,160,,3,,hi,0.0,Flop,5.477121254719663,0
Gangster,2006,"Romance, Crime, Drama, Action, Thriller",0,0,45,120,"Bhatt Productions, Vishesh Films",4,https://image.tmdb.org/t/p/w500/uZzJxx7ETfZVV1rVNKmNVCKaiji.jpg,hi,0.0,Flop,6.662757831681574,0
Woh Lamhe,2006,"Drama, Romance",0,0,7,132,Vishesh Films,9,https://image.tmdb.org/t/p/w500/4JqykmmlLuEoXDOfV33A9PGcNTY.jpg,hi,0.0,Flop,5.903089986991944,0
Yun Hota To Kya Hota,2006,Drama,0,0,6,115,,7,https://image.tmdb.org/t/p/w500/yU7UgN53pOHuMHkHcAExvqxk5BK.jpg,hi,0.0,Flop,5.845098040014257,0
Kabul Express,2006,"Action, Comedy, Drama, Thriller",0,0,20,104,Yash Raj Films,12,https://image.tmdb.org/t/p/w500/55JOXvEqxQtB1QQPAEmzCwpXXwY.jpg,hi,0.0,Flop,6.3222192947339195,0
Humko Deewana Kar Gaye,2006,"Drama, Romance",0,0,29,152,,4,https://image.tmdb.org/t/p/w500/5Pe8sACQOQ6Ht6mPR5tUNwpGHgy.jpg,hi,0.0,Flop,6.477121254719663,0
Humko Tumse Pyaar Hai,2006,"Romance, Thriller",0,0,10,128,"Elite Entertainment & Financial Mortgage, Cineyugg Entertainment Pvt. Ltd.",2,https://image.tmdb.org/t/p/w500/5bY3aUkH6fEGjyJAFHaaiSXCT5K.jpg,hi,0.0,Flop,6.041392685158225,0
Mere Jeevan Saathi,2006,"Action, Drama, Romance",0,0,6,0,,2,https://image.tmdb.org/t/p/w500/6A1xst4inhEsp2J7dY7yQjVLfeG.jpg,hi,0.0,Flop,5.845098040014257,0
Pyare Mohan,2006,Comedy,0,0,10,130,Maruti International,4,https://image.tmdb.org/t/p/w500/cfGrRlQOCGFpnlTBf8aHuqav5Om.jpg,hi,0.0,Flop,6.041392685158225,0
Shiva,2006,"Drama, Action, Thriller",0,0,8,119,RGV Film Factory,9,https://image.tmdb.org/t/p/w500/yNXpOsDxtDaag3zJxRs4hiRgPbg.jpg,hi,0.0,Flop,5.954242509439325,0
Naksha,2006,"Action, Adventure",0,0,11,130,,9,https://image.tmdb.org/t/p/w500/1WdMoSzM8P3ZkmYIo8xzZl7ypZf.jpg,hi,0.0,Flop,6.079181246047625,0
Zinda,2006,"Action, Thriller",0,0,26,116,White Feather Films,1,https://image.tmdb.org/t/p/w500/8dnHugvmE4CV2BLGHBcajmzBWpB.jpg,hi,0.0,Flop,6.431363764158988,0
Amidst,2006,Drama,0,0,0,43,Roving Eye Films,1,,hi,0.0,Flop,5.0,0
Dil Diya Hai,2006,"Romance, Drama",0,0,7,126,"Practical Productions, Pressland Media, Shiv Films, Shree Ashtavinayak Cine Vision",9,https://image.tmdb.org/t/p/w500/2SLnIGUDWeYmC0l5xddS3iLvUxG.jpg,hi,0.0,Flop,5.903089986991944,0
Bhoot Unkle,2006,"Fantasy, Family",0,0,2,110,,10,https://image.tmdb.org/t/p/w500/saO6Iygz0xgk9TPeZj31IVBptjq.jpg,hi,0.0,Flop,5.477121254719663,0
Taxi No. 9211,2006,"Comedy, Drama, Thriller",0,0,63,116,,2,https://image.tmdb.org/t/p/w500/jemDSQcGlsd1rvWkIDPamMKDkAj.jpg,hi,0.0,Flop,6.8061799739838875,0
Anthony Kaun Hai?,2006,"Comedy, Thriller",0,0,6,127,Adlabs Films Ltd.,8,https://image.tmdb.org/t/p/w500/v5fGN8fzc0XJ2FhhmTCW8fDLGft.jpg,hi,0.0,Flop,5.845098040014257,0
Deadline: Sirf 24 Ghante,2006,"Crime, Drama",0,0,5,102,Percept Picture Company,11,https://image.tmdb.org/t/p/w500/v41PRO3MrbDdgGj10Pxnh5dLOJ6.jpg,hi,0.0,Flop,5.778151250383644,0
Shaadi Se Pehle,2006,Drama,0,0,9,128,,4,https://image.tmdb.org/t/p/w500/jxLWzLNHSF0LHUwYe6DUDs2VRP6.jpg,hi,0.0,Flop,6.0,0
Family: Ties of Blood,2006,"Action, Crime, Drama, Thriller",0,0,10,151,"Amitabh Bachchan Corporation Limited, D. M. S. Films",1,https://image.tmdb.org/t/p/w500/dMo4b6JqrpbP8bkQpdqu5VlYybC.jpg,hi,0.0,Flop,6.041392685158225,0
Corporate,2006,Crime,0,0,22,142,,7,https://image.tmdb.org/t/p/w500/jwGU00goh5oU2olCF6owqi3cXnf.jpg,hi,0.0,Flop,6.361727836017593,0
Banaras,2006,Drama,0,0,3,0,,4,https://image.tmdb.org/t/p/w500/7wn0aMUZiL8qZbMehvQQyyvnoKQ.jpg,hi,0.0,Flop,5.6020599913279625,0
Ahista Ahista,2006,"Drama, Romance",0,0,6,123,Anjum Rizvi Film Company,8,https://image.tmdb.org/t/p/w500/tCmWqsiwRKDQC3QwW5Ih5fQvFpa.jpg,hi,0.0,Flop,5.845098040014257,0
Saawan... The Love Season,2006,Drama,0,0,6,116,Saawan Kumar Productions,4,https://image.tmdb.org/t/p/w500/9P3O21eApDBonAIFTXTgUFfh3NO.jpg,hi,0.0,Flop,5.845098040014257,0
Aksar,2006,"Thriller, Drama, Romance",0,0,16,135,"Venus Worldwide Entertainment Pvt Ltd, Siddhi Vinayak Creations",2,https://image.tmdb.org/t/p/w500/nNgA58yyd3tO5e3ti1MocKygKhn.jpg,hi,0.0,Flop,6.230448921378274,0
Pyaar Ke Side Effects,2006,"Comedy, Drama, Romance",0,0,21,132,Pritish Nandy Communications,9,https://image.tmdb.org/t/p/w500/vAMb2pLLYFd0JUOruj4zFETLBI5.jpg,hi,0.0,Flop,6.342422680822207,0
"Tom, Dick And Harry",2006,Comedy,0,0,6,137,Oracle Entertainment Pvt. Ltd.,5,https://image.tmdb.org/t/p/w500/v0ybAPvKmq26121ZhOWhXRewihQ.jpg,hi,0.0,Flop,5.845098040014257,0
Naughty Boy,2006,Comedy,0,0,1,95,,3,https://image.tmdb.org/t/p/w500/8RcIcF7xiqXTBBFb36zQZCVUurF.jpg,hi,0.0,Flop,5.301029995663981,0
My Bollywood Bride,2006,"Comedy, Romance",0,0,7,95,,1,https://image.tmdb.org/t/p/w500/eAvdM7S6SJTaIDLbNLywhIs7qxb.jpg,hi,0.0,Flop,5.903089986991944,0
Bas Ek Pal,2006,"Drama, Mystery, Romance",0,0,5,150,Sahara One Motion Pictures,9,https://image.tmdb.org/t/p/w500/wxyCJqrYdRmz8nMIXZ3kqMXGX9s.jpg,hi,0.0,Flop,5.778151250383644,0
Apna Sapna Money Money,2006,Comedy,0,0,19,134,,11,https://image.tmdb.org/t/p/w500/pTxNRZQhRqGqYyuNjAFAzk0iqrS.jpg,hi,0.0,Flop,6.301029995663981,0
Jai Santoshi Maa,2006,Drama,0,0,1,155,Percept Picture Company,9,https://image.tmdb.org/t/p/w500/cXNGSPk4ntLKNBFexdA1aBqgRCV.jpg,hi,0.0,Flop,5.301029995663981,0
The Angrez,2006,Comedy,50000,300000,8,110,,6,https://image.tmdb.org/t/p/w500/4kaM9YaWah0nyO6M7DwbPYeRWYe.jpg,hi,5.0,Hit,5.954242509439325,250000
Hyderabad Nawabs,2006,Comedy,0,0,5,120,,9,https://image.tmdb.org/t/p/w500/1AEpRsPcJujomX367WZhkF24oAK.jpg,hi,0.0,Flop,5.778151250383644,0
Love in Japan,2006,"Action, Comedy, Crime",0,0,1,146,,2,https://image.tmdb.org/t/p/w500/wqCgVxO6D41DKqnqexkYKXrQcJ5.jpg,hi,0.0,Flop,5.301029995663981,0
Aryan: Unbreakable,2006,Drama,0,0,5,135,"K Factor Entertainment Pvt. Ltd., Telebrands India",12,https://image.tmdb.org/t/p/w500/1Lrr0mjENawcb3xvJC6WOctnlN5.jpg,hi,0.0,Flop,5.778151250383644,0
Jawani Diwani: A Youthful Joyride,2006,"Romance, Comedy",0,0,10,111,,1,https://image.tmdb.org/t/p/w500/qzZKG3fzEcLSHJS7WacoygY21m0.jpg,hi,0.0,Flop,6.041392685158225,0
Vidhyaarthi: The Power of Students,2006,"Action, Drama",700000,0,0,250,Shree Guru Productions,6,https://image.tmdb.org/t/p/w500/iqCVT6kxrJKlgGCzJCgcVkVZrvx.jpg,hi,-1.0,Flop,5.0,-700000
Sarhad Paar,2006,"Drama, Romance",0,0,0,155,Nimbus Motion Pictures,11,https://image.tmdb.org/t/p/w500/egldi6LfxpYN9muKw4eHPLVmBpq.jpg,hi,0.0,Flop,5.0,0
Jaane Hoga Kya,2006,"Action, Romance, Science Fiction, Thriller",0,0,0,0,,8,https://image.tmdb.org/t/p/w500/g603vftgmBOBpeZV9qHKpqHrCQD.jpg,hi,0.0,Flop,5.0,0
Umar,2006,"Crime, Drama",0,0,2,135,Sujata Films,5,https://image.tmdb.org/t/p/w500/dptfi08qjYE4spPTGMKEu0alQej.jpg,hi,0.0,Flop,5.477121254719663,0
Teesri Aankh: The Hidden Camera,2006,"Crime, Thriller",0,0,5,108,,3,https://image.tmdb.org/t/p/w500/RcQwgQM9s37hkVCbEXCyAjsAFX.jpg,hi,0.0,Flop,5.778151250383644,0
Darwaaza Bandh Rakho,2006,"Comedy, Crime",0,0,2,108,RGV Film Factory,8,https://image.tmdb.org/t/p/w500/h0soAB21v4cenk0pVYI2esAxkEo.jpg,hi,0.0,Flop,5.477121254719663,0
Ho Sakta Hai!,2006,"Drama, Crime, Horror, Thriller",195750,12528,0,102,Ashco Media Arts,3,https://image.tmdb.org/t/p/w500/f7tBDjnd2aQ0qiKQLJCNVLIYyPh.jpg,hi,-0.936,Flop,5.0,-183222
Eight: The Power of Shani,2006,Horror,0,0,1,162,,4,,hi,0.0,Flop,5.301029995663981,0
Free Entry,2006,"Thriller, Drama, Romance",0,0,0,109,,1,,hi,0.0,Flop,5.0,0
Holiday,2006,"Romance, Music",0,0,2,99,Fish Eye Network,2,https://image.tmdb.org/t/p/w500/6fyHL6qfh3ItIDtpWnYvgCOgAbu.jpg,hi,0.0,Flop,5.477121254719663,0
Zindaggi Rocks,2006,"Drama, Romance",0,10335,3,127,BAG Films,10,https://image.tmdb.org/t/p/w500/jjMHJTwk6pQ40msvZ29kGDFKpIV.jpg,hi,0.0,Flop,5.6020599913279625,10335
Kachchi Sadak,2006,Action,0,0,2,145,,9,https://image.tmdb.org/t/p/w500/AbL61vDlt4JoPNyBC28ADoZub1V.jpg,hi,0.0,Flop,5.477121254719663,0
Dil Jo Bhi Kahey...,2006,Romance,0,0,5,144,Entertainment One Pvt. Ltd.,12,https://image.tmdb.org/t/p/w500/boSr1IpelWee87Lf88l5biw2fcf.jpg,hi,0.0,Flop,5.778151250383644,0
Prateeksha,2006,"Drama, Romance",0,0,2,133,,1,https://image.tmdb.org/t/p/w500/cXm4flQgvoOTckcvxNDWJJjHqJM.jpg,hi,0.0,Flop,5.477121254719663,0
Teesri Azadi,2006,Documentary,0,0,0,120,Bahujan Samaj Party,7,https://image.tmdb.org/t/p/w500/ktUAcGGDkL0x3TR414TD037q0WR.jpg,hi,0.0,Flop,5.0,0
Ladies Tailor,2006,Comedy,0,0,1,137,,1,https://image.tmdb.org/t/p/w500/uNXkMsqd8qyowSt2wS2nY99ARHp.jpg,hi,0.0,Flop,5.301029995663981,0
Krishna - The Birth,2006,"Animation, Drama, Adventure, TV Movie",0,0,2,72,Green Gold Animation,8,https://image.tmdb.org/t/p/w500/pm4WkIdmXJtQj6KDIVzuodYN2BM.jpg,hi,0.0,Flop,5.477121254719663,0
Hazy Grey Skies,2006,Drama,0,0,0,20,Film and Television Institute of India,2,https://image.tmdb.org/t/p/w500/Agjt9CZZ6qCZoIY17Gv0CFtBYLN.jpg,hi,0.0,Flop,5.0,0
Shaitani Dracula,2006,Horror,0,0,0,80,,1,https://image.tmdb.org/t/p/w500/wihZywdH6qJkdQR4nAK1DOLYSN4.jpg,hi,0.0,Flop,5.0,0
Janani,2006,"Drama, Romance",0,0,2,124,,11,https://image.tmdb.org/t/p/w500/qHDeCqfPuWYKoweFPnj7D1D3jAW.jpg,hi,0.0,Flop,5.477121254719663,0
Utthaan,2006,Unknown,0,0,0,134,,10,https://image.tmdb.org/t/p/w500/xug5PHKOMTVF62U91d51zqNPcwW.jpg,hi,0.0,Flop,5.0,0
Men Not Allowed,2006,Unknown,0,0,5,115,,6,https://image.tmdb.org/t/p/w500/sbvlCrIfdflztdvr5XHwU3jVIfX.jpg,hi,0.0,Flop,5.778151250383644,0
Virana,2006,Horror,0,0,0,74,,1,https://image.tmdb.org/t/p/w500/x7VSn8spHh92bQ40qCRktdAdCXD.jpg,hi,0.0,Flop,5.0,0
Shoonya,2006,Drama,0,0,0,100,Mirror Films,11,,hi,0.0,Flop,5.0,0
Like Stars on Earth,2007,Drama,2600000,28430000,1290,162,"Aamir Khan Productions, PVR Inox Pictures, UTV Motion Pictures",12,https://image.tmdb.org/t/p/w500/puHRt6Raovm5ujGCdwLWvRv4NHU.jpg,hi,9.934615384615384,Hit,8.11092624226642,25830000
Cheeni Kum,2007,"Romance, Drama",0,0,39,136,"Eros International, People Tree Films",5,https://image.tmdb.org/t/p/w500/qjjIQC9v0lH8kfYWSF0lz7jhhDL.jpg,hi,0.0,Flop,6.6020599913279625,0
To Be Continued,2007,Documentary,0,0,10,22,Film & Television Institute of India,5,https://image.tmdb.org/t/p/w500/kyO2IYzmMcCkwAS1i1rufnC8pHR.jpg,hi,0.0,Flop,6.041392685158225,0
Big Brother,2007,"Action, Crime, Drama",0,0,11,128,Vijayta Films,4,https://image.tmdb.org/t/p/w500/lzd7SpvJNDxZG8kPafMOjVoVJy.jpg,hi,0.0,Flop,6.079181246047625,0
Just Married,2007,"Drama, Romance",0,0,6,135,,3,https://image.tmdb.org/t/p/w500/5Grvzl6dg1y27IuRHfbNb9TZalV.jpg,hi,0.0,Flop,5.845098040014257,0
Welcome,2007,"Comedy, Crime, Family",0,36500000,169,150,"A.G. Films, The Indian Film Company, UTV Motion Pictures, Prime Focus, Base Industries Group",12,https://image.tmdb.org/t/p/w500/fudxnXlTTBIDCkpR7XhlIgkNaUY.jpg,hi,0.0,Flop,7.230448921378274,36500000
Dhokha,2007,"Drama, Action, Romance, Thriller",0,0,5,114,,8,https://image.tmdb.org/t/p/w500/opOV0aXoeskONTWO2xmDMcC714I.jpg,hi,0.0,Flop,5.778151250383644,0
Bal Ganesh,2007,"Animation, Family",0,0,4,106,,2,https://image.tmdb.org/t/p/w500/jxdOoBf6L0bfNUMl6TuGOjZz4xN.jpg,hi,0.0,Flop,5.698970004336019,0
68 Pages,2007,Drama,47200,0,8,92,Solaris Pictures,12,https://image.tmdb.org/t/p/w500/iuYBGcQ3GYRlDgZZnAnbnGiwDAM.jpg,hi,-1.0,Flop,5.954242509439325,-47200
Red Swastik,2007,"Crime, Drama, Thriller",0,0,6,131,Rainspirit Films,6,https://image.tmdb.org/t/p/w500/4fzwd2DjhGPI9aS2Xgucw9Qy6Sr.jpg,hi,0.0,Flop,5.845098040014257,0
Swami,2007,Drama,0,0,5,0,Pushpa Krishna Creations,6,https://image.tmdb.org/t/p/w500/3PoVCZNX2Qf1VVmMMn2MlyVWxEJ.jpg,hi,0.0,Flop,5.778151250383644,0
Bhool Bhulaiyaa,2007,"Comedy, Horror, Thriller",3800000,9900000,196,158,T-Series,10,https://image.tmdb.org/t/p/w500/soRW3p4GlPphHiFkwbqYGrodQ5S.jpg,hi,1.605263157894737,Hit,7.294466226161592,6100000
Om Shanti Om,2007,"Comedy, Thriller, Drama",9100000,37707444,385,169,"Red Chillies Entertainment, Eros International",11,https://image.tmdb.org/t/p/w500/lANy9BSU5ZkUkJdMZMJkZceX2Ux.jpg,hi,3.1436751648351646,Hit,7.586587304671755,28607444
Nirahua Rickshawala,2007,Drama,0,0,0,165,,3,https://image.tmdb.org/t/p/w500/m8ckwX6wK8vGzeWGdfSxYGlLttm.jpg,hi,0.0,Flop,5.0,0
"1, 2",2007,Drama,0,0,2,11,Film and Television Institute of India,1,https://image.tmdb.org/t/p/w500/jFDuiAr8CRTqrfzG0YJtEq8piaQ.jpg,hi,0.0,Flop,5.477121254719663,0
Guru,2007,"Drama, Romance",4700000,31000000,135,166,Madras Talkies,1,https://image.tmdb.org/t/p/w500/xX2BJ5sn3ElTZqhnOEod8ZXsCQg.jpg,hi,5.595744680851064,Hit,7.133538908370218,26300000
Jab We Met,2007,"Drama, Comedy, Romance",2300000,10065630,309,138,Shree Ashtavinayak Cine Vision,10,https://image.tmdb.org/t/p/w500/iqiH6vnoEgjAypKsuIScN7JlE2j.jpg,hi,3.376360869565217,Hit,7.491361693834273,7765630
Anwar,2007,"Drama, Romance",0,0,6,144,"Dayal Creations, Cenchurion Films",1,https://image.tmdb.org/t/p/w500/yfKrFPryTZw6Y3YzBGd7EeB6v9U.jpg,hi,0.0,Flop,5.845098040014257,0
Awarapan,2007,"Action, Drama, Crime",6000000,0,48,124,Vishesh Films,6,https://image.tmdb.org/t/p/w500/yVArEukDbkfNjxsynes4PWI4nlk.jpg,hi,-1.0,Flop,6.690196080028514,-6000000
My Own Sky,2007,"Drama, Science Fiction",0,0,0,110,,9,https://image.tmdb.org/t/p/w500/riCvZLjAfS72v1JjilnXUMAMcwt.jpg,hi,0.0,Flop,5.0,0
Chak De! India,2007,Drama,6300000,40000000,363,148,"Yash Raj Films, Film Victoria",8,https://image.tmdb.org/t/p/w500/9wP26QtbLUADWsfZZ8v2sJDWKdZ.jpg,hi,5.349206349206349,Hit,7.561101383649056,33700000
Saawariya,2007,"Drama, Music, Romance, Family",12500000,34750000,89,142,"Columbia Pictures, Bhansali Productions, CP Film Production Asia",11,https://image.tmdb.org/t/p/w500/k5JRtA6Np3n0nTr11QK6Pt9gm4r.jpg,hi,1.78,Hit,6.954242509439325,22250000
Yatra,2007,Drama,0,0,1,120,SPS Arts & Entertainment Ltd,5,https://image.tmdb.org/t/p/w500/qVOfeFBeoDZ5z0JlfvIBfMkLn6r.jpg,hi,0.0,Flop,5.301029995663981,0
Nehlle Pe Dehlla,2007,Comedy,0,0,6,125,Dhariwal Films,3,https://image.tmdb.org/t/p/w500/5ehrVp649NSVUmXoUjPc2ZolzdS.jpg,hi,0.0,Flop,5.845098040014257,0
Aaja Nachle,2007,"Romance, Drama",0,3800000,41,146,Yash Raj Films,11,https://image.tmdb.org/t/p/w500/xru51i8vXJrowpjz7z6ZsCYakPD.jpg,hi,0.0,Flop,6.623249290397901,3800000
Salaam-e-Ishq,2007,"Comedy, Drama, Romance",5100000,12552605,51,216,Eros International,1,https://image.tmdb.org/t/p/w500/85XY4iBEZrwow6IahGhrFvmtacX.jpg,hi,1.4612950980392156,Hit,6.7160033436347994,7452605
Dhol,2007,Comedy,0,0,50,145,Percept Picture Company,9,https://image.tmdb.org/t/p/w500/bq7qs9HEH9OIdGjzUUmXGgs5HCt.jpg,hi,0.0,Flop,6.707570176097937,0
Laaga Chunari Mein Daag,2007,"Drama, Romance",0,0,39,137,Yash Raj Films,10,https://image.tmdb.org/t/p/w500/lCyy2tQ14OmzYN7byobslSEOZz9.jpg,hi,0.0,Flop,6.6020599913279625,0
Namastey London,2007,"Comedy, Drama, Romance",0,0,120,131,"Blockbuster Movie Entertainers, Ultra Media & Entertainment [IN], Namastey London Productions Limited, Eros International",3,https://image.tmdb.org/t/p/w500/dO0F66lM1jehIH5bsooKSbdz7xG.jpg,hi,0.0,Flop,7.082785370316451,0
Dhamaal,2007,"Comedy, Adventure",0,0,124,135,Maruti International,9,https://image.tmdb.org/t/p/w500/pQgU9W1OyHDxBOZcJpVLc2E8gQa.jpg,hi,0.0,Flop,7.096910013008056,0
Heyy Babyy,2007,"Comedy, Drama, Romance",9400000,2200000,110,150,Nadiadwala Grandson Entertainment,8,https://image.tmdb.org/t/p/w500/9XxhqihX1kcZXcvJ48aQlPYHPQo.jpg,hi,-0.7659574468085106,Flop,7.045322978786658,-7200000
Ta Ra Rum Pum,2007,"Family, Comedy, Romance",6000000,15242548,82,153,Yash Raj Films,4,https://image.tmdb.org/t/p/w500/2KfeenEAF4rgGW6wX9o6ejzL53G.jpg,hi,1.5404246666666668,Hit,6.919078092376074,9242548
Partner,2007,"Comedy, Romance",0,20000000,115,143,"Eros International, Sohail Khan Production",7,https://image.tmdb.org/t/p/w500/rhbGzciEezbxrjnSKlKRyP3wNg4.jpg,hi,0.0,Flop,7.064457989226918,20000000
Manorama Six Feet Under,2007,"Thriller, Crime, Mystery, Drama",4000000,4500000,52,137,Shemaroo Entertainment,9,https://image.tmdb.org/t/p/w500/1b5ZrBI48xbAVmCbNNhvFXz474y.jpg,hi,0.125,Average,6.724275869600789,500000
Shootout at Lokhandwala,2007,"Action, Crime, History",11000000,12000000,57,145,"White Feather Films, Balaji Motion Pictures",5,https://image.tmdb.org/t/p/w500/6p8ddG6t8FzJTFNYODG27Er0Pdn.jpg,hi,0.09090909090909091,Average,6.763427993562937,1000000
Chain Kulii Ki Main Kulii,2007,"Comedy, Drama, Family, Fantasy",0,90000,34,118,"Saregama Films, Saregama HMV",6,https://image.tmdb.org/t/p/w500/j3DbqOVoxnkMGOwMZWfTxTc1tO8.jpg,hi,0.0,Flop,6.544068044350276,90000
Eklavya: The Royal Guard,2007,"Action, Drama, Thriller",0,0,22,105,Vidhu Vinod Chopra Productions,2,https://image.tmdb.org/t/p/w500/8IdT65RInyPf5Bo5wkqxKMituwJ.jpg,hi,0.0,Flop,6.361727836017593,0
Journey Bombay to Goa,2007,"Adventure, Comedy, Drama",0,0,8,140,,6,https://image.tmdb.org/t/p/w500/6QRetL6BMSTFTmhBFCPdNvgHaAj.jpg,hi,0.0,Flop,5.954242509439325,0
Naqaab,2007,"Crime, Romance, Thriller",0,0,15,115,Nimbus Motion Pictures,7,https://image.tmdb.org/t/p/w500/yb9pluBcX7xK1yPOKtpLgGCTg7W.jpg,hi,0.0,Flop,6.204119982655925,0
The Train: Some Lines Shoulder Never Be Crossed...,2007,"Action, Thriller",0,0,13,134,Siddhi Vinayak Creations,6,https://image.tmdb.org/t/p/w500/6DQawkGAhvrSF8GtC4NkxarvRxI.jpg,hi,0.0,Flop,6.146128035678238,0
Dus Kahaniyaan,2007,Drama,0,0,18,110,,12,https://image.tmdb.org/t/p/w500/lqqdfQIq8yLeYyPijzYv5aU6CaX.jpg,hi,0.0,Flop,6.278753600952829,0
Life in a Metro,2007,"Drama, Romance",1100000,2900000,83,132,UTV Motion Pictures,5,https://image.tmdb.org/t/p/w500/leYdd4PLhSlNShxLPe1EE70z4Oe.jpg,hi,1.6363636363636365,Hit,6.924279286061882,1800000
Risk,2007,Action,0,0,10,0,,1,https://image.tmdb.org/t/p/w500/t7XR3iEokWFbpgTf4CR7fc66HXC.jpg,hi,0.0,Flop,6.041392685158225,0
Dhan Dhana Dhan Goal,2007,Drama,0,0,28,167,UTV Motion Pictures,11,https://image.tmdb.org/t/p/w500/blecQPVoYDTNKPMYlOm2WNHuSYw.jpg,hi,0.0,Flop,6.462397997898956,0
Apne,2007,Drama,0,0,25,174,,6,https://image.tmdb.org/t/p/w500/qMGSWgtmtMyn9hkyGZeOB5Kz7zC.jpg,hi,0.0,Flop,6.414973347970818,0
Johnny Gaddaar,2007,"Crime, Drama, Thriller",0,0,65,141,,9,https://image.tmdb.org/t/p/w500/jWpo1qCIefGxJjQOURu2IfQgQK4.jpg,hi,0.0,Flop,6.819543935541869,0
Delhii Heights,2007,"Drama, Comedy",0,0,1,120,,3,https://image.tmdb.org/t/p/w500/lpw9AEn30ourP6SZFPKG6p2UnOr.jpg,hi,0.0,Flop,5.301029995663981,0
Shakalaka Boom Boom,2007,"Drama, Romance",0,0,3,129,Shree Krishna International,4,https://image.tmdb.org/t/p/w500/tgKUVyPaZ7GqvNieq1azO8W8KAb.jpg,hi,0.0,Flop,5.6020599913279625,0
Traffic Signal,2007,Drama,0,0,12,130,Bhandarkar Entertainment,2,https://image.tmdb.org/t/p/w500/1xA7cF9oz6JWYrEJXCIsstG1f0z.jpg,hi,0.0,Flop,6.113943352306837,0
Amal,2007,Drama,0,0,24,101,Poor Man's Productions,9,https://image.tmdb.org/t/p/w500/9VlgLuSE7QRote3WnAtCF4Sb7vQ.jpg,hi,0.0,Flop,6.3979400086720375,0
"Gandhi, My Father",2007,"Drama, History",0,0,11,136,Anil Kapoor Film & Communication Network,8,https://image.tmdb.org/t/p/w500/sFzo2Ss4PQfNUlrzeTfwoVp5ajE.jpg,hi,0.0,Flop,6.079181246047625,0
No Smoking,2007,"Thriller, Drama",0,797693,66,126,"Big Screen Entertainment, Vishal Bhardwaj Pictures, Eros Worldwide",10,https://image.tmdb.org/t/p/w500/gBiC8PvATw7cMhszMvPVBuTt93M.jpg,hi,0.0,Flop,6.826074802700827,797693
The Blue Umbrella,2007,"Drama, Family",0,0,22,90,UTV Motion Pictures,8,https://image.tmdb.org/t/p/w500/tyfyLg2pGzSsrim0pFijDL8bNl1.jpg,hi,0.0,Flop,6.361727836017593,0
Frozen,2007,"Drama, Horror",0,0,4,110,"Seagull Media Productions, Phat Phish Motion Pictures",7,https://image.tmdb.org/t/p/w500/2GL9yZtrgbYKCeKBc3TF9gGfZpX.jpg,hi,0.0,Flop,5.698970004336019,0
1971,2007,"Action, War, Drama",0,0,10,160,"Sagar Pictures Entertainment, Viacom18 Studios",3,https://image.tmdb.org/t/p/w500/pyifRwztOHpapPWM6ewMnNTdJPn.jpg,hi,0.0,Flop,6.041392685158225,0
Jhoom Barabar Jhoom,2007,"Drama, Romance",0,0,33,138,Yash Raj Films,6,https://image.tmdb.org/t/p/w500/u1KsUXW4Rjageid0zSYRQMFoUte.jpg,hi,0.0,Flop,6.531478917042255,0
Aditi Singh,2007,Unknown,0,0,0,44,,1,https://image.tmdb.org/t/p/w500/wqdUzcHNyBvIUGTM9n7oEwHK6rX.jpg,hi,0.0,Flop,5.0,0
Red: The Dark Side,2007,"Drama, Romance, Thriller",0,0,9,148,,3,https://image.tmdb.org/t/p/w500/bRsRw2gd9nQYOYBXfgJxBTXDTJo.jpg,hi,0.0,Flop,6.0,0
Nishabd,2007,"Romance, Drama",0,0,11,109,RGV Film Factory,3,https://image.tmdb.org/t/p/w500/37vLWXhFPlDmO2N0RhAeyEMn7e9.jpg,hi,0.0,Flop,6.079181246047625,0
Mahek,2007,Family,0,0,0,80,Children's Film Society of India,10,https://image.tmdb.org/t/p/w500/pASW66vdXPCZG3gBGuwq0mchu2B.jpg,hi,0.0,Flop,5.0,0
Salaam Bacche,2007,Unknown,0,0,0,0,,1,,hi,0.0,Flop,5.0,0
Ek Chalis Ki Last Local,2007,"Action, Comedy",0,0,24,150,Quartet Films,5,https://image.tmdb.org/t/p/w500/A0pnt4G4d93Agg14YL4GCbZVdr6.jpg,hi,0.0,Flop,6.3979400086720375,0
Ram Gopal Varma Ki Aag,2007,"Action, Comedy, Crime",0,0,27,163,"K Sera Sera Limited, RGV Film Factory",8,https://image.tmdb.org/t/p/w500/hqWnLZ766S2vBRH2ec1oFzFxlCT.jpg,hi,0.0,Flop,6.447158031342219,0
Kya Love Story Hai,2007,"Comedy, Drama, Romance",0,0,9,120,Adlabs Films,8,https://image.tmdb.org/t/p/w500/d3X6XUFfFxICCEQjUW2EDZHE9cR.jpg,hi,0.0,Flop,6.0,0
Strangers,2007,"Thriller, Drama, Romance",0,0,10,108,,12,https://image.tmdb.org/t/p/w500/gy5tR9A9oAXB79zV6Q2crzCB9tP.jpg,hi,0.0,Flop,6.041392685158225,0
Honeymoon Travels Pvt. Ltd.,2007,"Comedy, Drama, Romance",1400000,2500000,28,118,Excel Entertainment,2,https://image.tmdb.org/t/p/w500/fgJdZPJOFDLxje9PSHbTJTZKFAv.jpg,hi,0.7857142857142857,Average,6.462397997898956,1100000
Fool N Final,2007,"Action, Comedy",0,0,18,142,Base Industries Group,6,https://image.tmdb.org/t/p/w500/7GA1DrCFEOw99h0acpdiWcmG8jf.jpg,hi,0.0,Flop,6.278753600952829,0
Ghutan,2007,Horror,0,0,0,126,,6,https://image.tmdb.org/t/p/w500/gutqECREVLxgeN5bf0MRWrgfOZR.jpg,hi,0.0,Flop,5.0,0
Aap Kaa Surroor,2007,"Romance, Thriller",0,0,8,127,,6,https://image.tmdb.org/t/p/w500/n6zsKbKV6VsSTlG5fNziyPt6J3g.jpg,hi,0.0,Flop,5.954242509439325,0
Buddha Mar Gaya,2007,Comedy,0,0,7,93,,8,https://image.tmdb.org/t/p/w500/hrXH3malgOkX10ID7VzcFiKR1tT.jpg,hi,0.0,Flop,5.903089986991944,0
"Good Boy, Bad Boy",2007,"Comedy, Romance",3900000,4400000,20,115,Mukta Arts Ltd,5,https://image.tmdb.org/t/p/w500/mNXjhPcHC5XBVJlSjfhmCdKYAPb.jpg,hi,0.1282051282051282,Average,6.3222192947339195,500000
Religion,2007,"Drama, History",0,0,12,105,WSG Pictures,6,https://image.tmdb.org/t/p/w500/lgSC9owErpJ18de9yk2fJuw9Y4Q.jpg,hi,0.0,Flop,6.113943352306837,0
My Friend Ganesha,2007,"Family, Fantasy",0,0,4,121,,7,https://image.tmdb.org/t/p/w500/qtjnRSh5LaG0k0z6ZULqmNWJm9I.jpg,hi,0.0,Flop,5.698970004336019,0
Deha,2007,Unknown,0,0,3,123,,1,https://image.tmdb.org/t/p/w500/7m9SMq1TjaKBhJjdDAWbruqGCbi.jpg,hi,0.0,Flop,5.6020599913279625,0
Hattrick,2007,"Romance, Comedy, Drama",0,0,5,110,,3,https://image.tmdb.org/t/p/w500/yVH8QDymLIfZkSw4T6TUD9uVQC3.jpg,hi,0.0,Flop,5.778151250383644,0
Dil Dosti Etc,2007,Drama,0,0,8,106,,9,https://image.tmdb.org/t/p/w500/vQOhm6acL9QSOPS3eEYIpTsIrqv.jpg,hi,0.0,Flop,5.954242509439325,0
Fear,2007,Horror,0,0,1,128,,8,https://image.tmdb.org/t/p/w500/hXpCHXB1BYhY9pt8VYY08NZ9MIC.jpg,hi,0.0,Flop,5.301029995663981,0
Bheja Fry,2007,Comedy,0,0,57,95,First Run Features,4,https://image.tmdb.org/t/p/w500/2Wqlcf63EvabGzVffPppfpWlx2B.jpg,hi,0.0,Flop,6.763427993562937,0
Fun aur Masti,2007,Comedy,0,0,1,112,,11,,hi,0.0,Flop,5.301029995663981,0
MP3: Mera Pehla Pehla Pyaar,2007,"Romance, Drama",0,0,13,117,,6,https://image.tmdb.org/t/p/w500/kCImzTKC3sypFQb4cM9926yzP6z.jpg,hi,0.0,Flop,6.146128035678238,0
Life Mein Kabhie Kabhiee,2007,Drama,0,0,5,155,,4,https://image.tmdb.org/t/p/w500/oWGQAoFeO1e2No16fT2L5E2UY9w.jpg,hi,0.0,Flop,5.778151250383644,0
Maamu Tension Nai Leneka,2007,Comedy,1000000,3000000,0,105,"TELECINE INC PRODUCTIONS, Ankit Pictures",10,https://image.tmdb.org/t/p/w500/hm7KRw4NLYgu92nfaGr1d83LeDF.jpg,hi,2.0,Hit,5.0,2000000
Go,2007,"Crime, Romance",0,0,14,110,RGV Film Factory,10,https://image.tmdb.org/t/p/w500/QkzRFm636ObSqAjbEETqYADpfm.jpg,hi,0.0,Flop,6.176091259055681,0
Khoya Khoya Chand,2007,"Drama, Romance",0,0,6,0,,12,https://image.tmdb.org/t/p/w500/dO5b2TvHM5A5F2KeUT8klUoEEw5.jpg,hi,0.0,Flop,5.845098040014257,0
Nanhe Jaisalmer: A Dream Come True,2007,"Family, Drama",0,0,4,108,,9,https://image.tmdb.org/t/p/w500/x68KSyk98vabekwAyXUXPmSqMGA.jpg,hi,0.0,Flop,5.698970004336019,0
Darling,2007,"Drama, Horror, Romance",0,0,12,132,T-Series,9,https://image.tmdb.org/t/p/w500/hLDhBNVRZkxTh9SCiAHbfJtZ8HS.jpg,hi,0.0,Flop,6.113943352306837,0
Dosh,2007,Crime,0,0,0,159,,1,https://image.tmdb.org/t/p/w500/2ly6X4tOL6Ov1sOYSN0X3wrg8kb.jpg,hi,0.0,Flop,5.0,0
Joy Ride,2007,Documentary,0,0,0,9,,1,https://image.tmdb.org/t/p/w500/sWk1EeMh63XYbYFmoi87x6xe90T.jpg,hi,0.0,Flop,5.0,0
Aggar,2007,"Drama, Romance, Thriller",0,0,6,125,Siddhi Vinayak Creations,9,https://image.tmdb.org/t/p/w500/w0TXyPSxkaBFePzIIWmZcXRPdD1.jpg,hi,0.0,Flop,5.845098040014257,0
Raqeeb,2007,Unknown,0,0,3,124,,5,https://image.tmdb.org/t/p/w500/fg6wefNb0kMmiw1N7zSlYa0v763.jpg,hi,0.0,Flop,5.6020599913279625,0
Khanna & Iyer,2007,Unknown,0,0,0,102,,3,https://image.tmdb.org/t/p/w500/gntZ1LM3P2XfjTgc6VEBSPHB15W.jpg,hi,0.0,Flop,5.0,0
Mumbai Salsa,2007,"Drama, Comedy, Romance",0,0,2,0,,10,https://image.tmdb.org/t/p/w500/tsYE6p1jXwSghkX3mRCRABupK7M.jpg,hi,0.0,Flop,5.477121254719663,0
Return Of Hanuman,2007,"Animation, Family, Action, Adventure",0,740000,17,120,"Perception Pictures, Toonz Animation India",12,https://image.tmdb.org/t/p/w500/sBPYBOiyYnlCZdTKZvi4FLdWFh6.jpg,hi,0.0,Flop,6.2552725051033065,740000
Speed,2007,"Thriller, Action",0,0,6,102,Baweja Movies,10,https://image.tmdb.org/t/p/w500/r3n9To0WxMrLiiPLw5KEl4N7Qn0.jpg,hi,0.0,Flop,5.845098040014257,0
Blood Brothers,2007,Unknown,0,0,0,13,,9,https://image.tmdb.org/t/p/w500/9FJ4q0jPOrXAbWHuVEXdTvnYlEs.jpg,hi,0.0,Flop,5.0,0
Incomplete Dream,2007,Drama,0,0,0,88,Reddy Productions,4,,hi,0.0,Flop,5.0,0
Hungama in Dubai,2007,Comedy,0,0,3,107,,9,,hi,0.0,Flop,5.6020599913279625,0
Gauri The Unborn,2007,"Drama, Horror, Thriller",0,0,1,98,,11,https://image.tmdb.org/t/p/w500/GvdoF1UuSkLLtC1R6yuSgnJGT9.jpg,hi,0.0,Flop,5.301029995663981,0
Roadside Romeo,2008,"Animation, Family, Adventure, Comedy",7000000,1100000,37,92,"Yash Raj Films, Disney World Cinema",10,https://image.tmdb.org/t/p/w500/p2CBDCVzTPjnXaKXN21bEoPWBeQ.jpg,hi,-0.8428571428571429,Flop,6.57978359661681,-5900000
Mehbooba,2008,"Drama, Romance",0,0,2,171,Adlabs Films Ltd.,7,https://image.tmdb.org/t/p/w500/1TB49p4SJCbgKQseJd4E4DHEWh2.jpg,hi,0.0,Flop,5.477121254719663,0
Maharathi,2008,Thriller,0,0,6,119,,12,https://image.tmdb.org/t/p/w500/uaJhmaUQFzQgQ7zoKDB4PUsHGur.jpg,hi,0.0,Flop,5.845098040014257,0
Dasvidaniya,2008,"Comedy, Drama",0,0,31,117,Lemon Tea Productions,11,https://image.tmdb.org/t/p/w500/c3NF5xlUPrHmTWzewhu8u0oLZnu.jpg,hi,0.0,Flop,6.505149978319906,0
Hello,2008,Comedy,0,0,140,129,"Funky Buddha Media, Mirah Entertainment, Perception Pictures, Reel Life Productions",10,https://image.tmdb.org/t/p/w500/qpN7Td4djkQp4vFDjaGGAWgueTQ.jpg,hi,0.0,Flop,7.14921911265538,0
Chanchal,2008,Unknown,0,0,1,0,,8,,hi,0.0,Flop,5.301029995663981,0
Drona,2008,"Action, Thriller",15000000,3250000,18,150,,10,https://image.tmdb.org/t/p/w500/7l5lejRwvkEnQ3s1dOLQ1qUXGRf.jpg,hi,-0.7833333333333333,Flop,6.278753600952829,-11750000
Super Star,2008,Unknown,0,0,3,0,,2,https://image.tmdb.org/t/p/w500/iWc7b98giDZRQWfSZLB0ANA2nw1.jpg,hi,0.0,Flop,5.6020599913279625,0
Ghajini,2008,"Action, Romance, Thriller",9100000,76000000,433,186,Geetha Arts,12,https://image.tmdb.org/t/p/w500/cPLzHxPFRjzNvoyncdtDGBAxjp.jpg,hi,7.351648351648351,Hit,7.637489729512511,66900000
Inquilab,2008,"Documentary, History",0,0,0,40,,8,https://image.tmdb.org/t/p/w500/uxga5n527HbpDZLJ5kq9o8miwQx.jpg,hi,0.0,Flop,5.0,0
Rab Ne Bana Di Jodi,2008,"Comedy, Drama, Romance",0,29914469,305,167,Yash Raj Films,12,https://image.tmdb.org/t/p/w500/m8x6I2qf3R98HtF4DmJXcdxCU64.jpg,hi,0.0,Flop,7.485721426481581,29914469
Hulla,2008,"Comedy, Drama",0,0,1,110,,9,https://image.tmdb.org/t/p/w500/f5OGjOKWbGFfEsL5H3UdMpdd35R.jpg,hi,0.0,Flop,5.301029995663981,0
Jodhaa Akbar,2008,"Romance, History, Drama",5800000,28700000,269,213,"UTV Motion Pictures, Ashutosh Gowariker Productions",2,https://image.tmdb.org/t/p/w500/gPjgeywFNTlh9IUuXWy85nn4h8J.jpg,hi,3.9482758620689653,Hit,7.431363764158988,22900000
Race,2008,"Drama, Action, Thriller, Crime",0,0,127,161,"UTV Motion Pictures, Tips Industries, Films & Casting TEMPLE",3,https://image.tmdb.org/t/p/w500/krMI3hRmlgKcuNc3XBWtl8APasR.jpg,hi,0.0,Flop,7.107209969647869,0
U Me Aur Hum,2008,"Romance, Comedy, Drama",0,0,22,157,Devgan Entertainment,4,https://image.tmdb.org/t/p/w500/i4bqpI1SyauVMyGCzZKjs4HR0pj.jpg,hi,0.0,Flop,6.361727836017593,0
Kismat Konnection,2008,"Drama, Comedy, Romance",4180000,11000000,63,153,Tips Industries,7,https://image.tmdb.org/t/p/w500/maIqwcXgvcTLbJm2B8fjQ7BI3RY.jpg,hi,1.631578947368421,Hit,6.8061799739838875,6820000
Jannat,2008,"Crime, Drama, Romance",0,0,41,140,Vishesh Films,5,https://image.tmdb.org/t/p/w500/4QRFa5FjA27hC3ZnHfzAjeTUt0Q.jpg,hi,0.0,Flop,6.623249290397901,0
Bachna Ae Haseeno,2008,"Romance, Comedy, Drama",2400000,9600000,91,153,Yash Raj Films,8,https://image.tmdb.org/t/p/w500/bFjzXEDw7b8tjWJeFEKMXjCkqbz.jpg,hi,3.0,Hit,6.963787827345556,7200000
Bhoothnath,2008,"Family, Comedy",0,0,116,151,BR Films International,5,https://image.tmdb.org/t/p/w500/2Tvwmsu4ihzDiltXxPWI4RwTF3W.jpg,hi,0.0,Flop,7.068185861746162,0
Jaane Tu... Ya Jaane Na,2008,"Drama, Comedy, Romance",2300000,11100000,167,155,"PVR Inox Pictures, Aamir Khan Productions",7,https://image.tmdb.org/t/p/w500/iV1W0IEtQYuBnnxNmZxSmPHK3Pu.jpg,hi,3.8260869565217392,Hit,7.225309281725863,8800000
Fashion,2008,"Drama, Romance",5000000,0,92,167,"UTV Motion Pictures, Bhandarkar Entertainment",10,https://image.tmdb.org/t/p/w500/6PQyJUJ3Ny1AZegtL5OkUATCIcr.jpg,hi,-1.0,Flop,6.968482948553935,-5000000
Tashan,2008,"Action, Romance",0,0,39,148,Yash Raj Films,4,https://image.tmdb.org/t/p/w500/h5GHlLJLan8eFFpBazIMP4iD0Rg.jpg,hi,0.0,Flop,6.6020599913279625,0
Ghatothkach - Master of Magic,2008,"Animation, Family",0,0,1,91,,5,https://image.tmdb.org/t/p/w500/pPpOaaPVc39GFBzQmgYvEH9Ft3Y.jpg,hi,0.0,Flop,5.301029995663981,0
A Wednesday!,2008,"Drama, Thriller",1400000,3500000,350,103,UTV Motion Pictures,9,https://image.tmdb.org/t/p/w500/gVUSxtJM3arL5VIUIRNYde20EF0.jpg,hi,1.5,Hit,7.545307116465824,2100000
Dostana,2008,"Drama, Comedy, Romance",10000000,20000000,164,141,"Dharma Productions, Black Dog Jib Productions, Yash Raj Films",11,https://image.tmdb.org/t/p/w500/obwjlgNI2NFZupMuJBbKgH3IhQp.jpg,hi,1.0,Hit,7.217483944213907,10000000
Karzzzz,2008,"Action, Romance, Thriller",0,0,14,142,,10,https://image.tmdb.org/t/p/w500/l7cNOVPNart1QqnZpmu8zQwpfch.jpg,hi,0.0,Flop,6.176091259055681,0
Shaurya,2008,"Drama, Thriller",0,0,16,145,Moser Baer,4,https://image.tmdb.org/t/p/w500/6hOVoMggX597V7FpreS1UP3elLC.jpg,hi,0.0,Flop,6.230448921378274,0
Black & White,2008,"Action, Drama",0,0,1,120,,2,https://image.tmdb.org/t/p/w500/l0uoXiG4foEMozkg69E4upoPxwK.jpg,hi,0.0,Flop,5.301029995663981,0
Golmaal Returns,2008,Comedy,4200000,9600000,126,136,Shree Ashtavinayak Cine Vision,10,https://image.tmdb.org/t/p/w500/2X6ZSlnBpgsOpH0ELDraWTD4QO7.jpg,hi,1.2857142857142858,Hit,7.103803720955957,5400000
EMI,2008,"Comedy, Crime",0,0,2,128,Balaji Motion Pictures,11,https://image.tmdb.org/t/p/w500/okdWeR3NTYFfHSi8jxd53hYLBvH.jpg,hi,0.0,Flop,5.477121254719663,0
God Tussi Great Ho,2008,"Comedy, Drama, Fantasy",0,0,51,152,"Shaboo Arts, Reliance Entertainment",8,https://image.tmdb.org/t/p/w500/68WQOBUhe7UtyAGjKDKK5rqfORS.jpg,hi,0.0,Flop,6.7160033436347994,0
Halla Bol,2008,Drama,0,0,20,150,,1,https://image.tmdb.org/t/p/w500/deVwN1G189jS89OSR5gLgg38zs3.jpg,hi,0.0,Flop,6.3222192947339195,0
Dhara,2008,Unknown,0,0,0,95,,1,https://image.tmdb.org/t/p/w500/gs1AkzY8cmcfEoTyhtYICeuIWwr.jpg,hi,0.0,Flop,5.0,0
Sorry Bhai,2008,"Drama, Romance",0,0,4,118,,11,https://image.tmdb.org/t/p/w500/oLu1Qf93QOS3JhVuF6D3LO2ZmzI.jpg,hi,0.0,Flop,5.698970004336019,0
Ugly Aur Pagli,2008,"Drama, Romance",0,1000000,3,117,,8,https://image.tmdb.org/t/p/w500/SD8PWzstR2RQwDr1atUos17zdV.jpg,hi,0.0,Flop,5.6020599913279625,1000000
Mere Baap Pehle Aap,2008,"Romance, Comedy",0,0,29,163,Shemaroo Entertainment,6,https://image.tmdb.org/t/p/w500/sfwlA2IPIRX62wJDoaaCcKsbFHU.jpg,hi,0.0,Flop,6.477121254719663,0
Jumbo,2008,Unknown,0,0,3,0,"Eagle Home Entertainment, Kantana Motion Pictures, Percept Picture Company, Sahamongkolfilm",12,https://image.tmdb.org/t/p/w500/sET1CMQ0CUqjWQTocqSDxKoXBp4.jpg,hi,0.0,Flop,5.6020599913279625,0
Thoda Pyaar Thoda Magic,2008,"Drama, Comedy",0,0,51,145,Yash Raj Films,6,https://image.tmdb.org/t/p/w500/sILNLbwCDFHsQhCzLfxU89R1dni.jpg,hi,0.0,Flop,6.7160033436347994,0
Krazzy 4,2008,"Comedy, Crime",0,8000000,32,110,Film Kraft,4,https://image.tmdb.org/t/p/w500/8owptcZPbNIqugAHQOzawgRQM5s.jpg,hi,0.0,Flop,6.518513939877888,8000000
Sarkar Raj,2008,"Action, Adventure, Crime, Drama",820000,8130000,43,125,"K Sera Sera Limited, Z Picture Company, Balaji Motion Pictures",6,https://image.tmdb.org/t/p/w500/1ptl9Dq51jXpUNotg6CwHWZxoaK.jpg,hi,8.914634146341463,Hit,6.643452676486188,7310000
Mithya,2008,"Drama, Comedy, Crime, Thriller",0,0,13,110,"Planman Motion Pictures, Tangerine Digital Entertainment",1,https://image.tmdb.org/t/p/w500/vISVPrVsNwXyYiUIb2gqV1asoXA.jpg,hi,0.0,Flop,6.146128035678238,0
Money Hai Toh Honey Hai,2008,"Drama, Comedy",0,0,6,142,Big Screen Entertainment,7,https://image.tmdb.org/t/p/w500/xl9rrPZKzth1XZ9KpYH8rRoO2Oe.jpg,hi,0.0,Flop,5.845098040014257,0
1920,2008,Horror,0,0,39,138,ASA Productions and Enterprises,9,https://image.tmdb.org/t/p/w500/i9rva37n3B27xHmcur8oxW8Ludi.jpg,hi,0.0,Flop,6.6020599913279625,0
Yuvvraaj,2008,Drama,0,0,26,159,"Eros International, Mukta Arts Ltd",11,https://image.tmdb.org/t/p/w500/iZHd6JS8dxsEo4DN4DnIKTHQp4h.jpg,hi,0.0,Flop,6.431363764158988,0
Heroes,2008,"Action, Adventure, Comedy",5000000,0,14,140,,10,https://image.tmdb.org/t/p/w500/n3yb9bPeQxJt41thDm7kXjSDbWz.jpg,hi,-1.0,Flop,6.176091259055681,-5000000
Sunday,2008,"Comedy, Thriller",0,0,23,130,,1,https://image.tmdb.org/t/p/w500/rEFD2MOV4XrjVTmNwPP7p2Sm7hp.jpg,hi,0.0,Flop,6.380211241711606,0
Oye Lucky! Lucky Oye!,2008,"Action, Comedy",1400000,1700000,87,126,UTV Motion Pictures,11,https://image.tmdb.org/t/p/w500/b51jXYaPbRAZegOkShdc7jWBsfZ.jpg,hi,0.21428571428571427,Average,6.944482672150169,300000
Chamku,2008,"Action, Crime, Romance, Thriller",0,0,12,105,"Vijayta Films, Vainteya",8,https://image.tmdb.org/t/p/w500/Ocmh616FKgnnOEK51bPXwf5qYP.jpg,hi,0.0,Flop,6.113943352306837,0
"Oh, My God!!",2008,"Comedy, Drama",0,0,1,105,,12,https://image.tmdb.org/t/p/w500/nAUEsUO5EekJUAHaEXQUrOPDsXg.jpg,hi,0.0,Flop,5.301029995663981,0
Hijack,2008,"Action, Thriller",0,0,5,119,,9,https://image.tmdb.org/t/p/w500/st3qds7lR8E7I97zAFsMqzMbJya.jpg,hi,0.0,Flop,5.778151250383644,0
Phoonk,2008,"Drama, Horror, Mystery",750000,2760000,13,179,"One More Thought Entertainment, Ace Movie Company",8,https://image.tmdb.org/t/p/w500/6v5Tcek4RzzlopN7bVF8jjnh9gs.jpg,hi,2.68,Hit,6.146128035678238,2010000
Kidnap,2008,"Action, Crime, Thriller",10000000,8750000,25,165,"Shree Ashtavinayak Cinevision Ltd, Warner China Film HG Corporation",10,https://image.tmdb.org/t/p/w500/ewELRO32JnBBDTcYRtyrVD2Uyw6.jpg,hi,-0.125,Flop,6.414973347970818,-1250000
Ek Vivaah… Aisa Bhi,2008,"Drama, Romance",0,0,6,126,Rajshri Productions,11,https://image.tmdb.org/t/p/w500/4W1O7Ctg5qkF0uWa00FKhk49IjD.jpg,hi,0.0,Flop,5.845098040014257,0
Deshdrohi,2008,"Action, Crime, Thriller",0,0,8,139,,11,https://image.tmdb.org/t/p/w500/yaqUEsNpGfRLFe21l0G9sDbUAhe.jpg,hi,0.0,Flop,5.954242509439325,0
De Taali,2008,"Romance, Comedy, Drama",0,0,8,140,,11,https://image.tmdb.org/t/p/w500/3wMO91NmqCbRsm77ODtfET0ZIcB.jpg,hi,0.0,Flop,5.954242509439325,0
Mumbai Meri Jaan,2008,Drama,0,0,27,119,UTV Motion Pictures,8,https://image.tmdb.org/t/p/w500/pzxh642LtRJLpCksGjCdUk9aiIk.jpg,hi,0.0,Flop,6.447158031342219,0
Rock On!!,2008,Drama,7000000,0,104,144,"Excel Entertainment, Reliance Entertainment",8,https://image.tmdb.org/t/p/w500/cckTZXVpchMrljPouFf7u2wqUTX.jpg,hi,-1.0,Flop,7.021189299069938,-7000000
C Kkompany,2008,Comedy,31000,0,13,130,Balaji Motion Pictures,8,https://image.tmdb.org/t/p/w500/ndEFSdqZjjIVZVZiWAYf3ZK86S.jpg,hi,-1.0,Flop,6.146128035678238,-31000
Chhota Bheem and Krishna,2008,"Action, Adventure, Animation, TV Movie",0,0,6,69,Green Gold Animation,8,https://image.tmdb.org/t/p/w500/q5fxgssbSkQDS3McUmIFGAL3ChA.jpg,hi,0.0,Flop,5.845098040014257,0
Mission Istaanbul,2008,"Action, Adventure",0,4500000,8,125,"Popcorn Motion Pictures, Balaji Telefilms",7,https://image.tmdb.org/t/p/w500/7pZ6LXXO7j7FWVi1UU33hvEsaA1.jpg,hi,0.0,Flop,5.954242509439325,4500000
Welcome to Sajjanpur,2008,Comedy,0,0,21,134,UTV Spotboy Motion Pictures,9,https://image.tmdb.org/t/p/w500/9Q5fFvXPgPgaNaS0rWlpFaSwVeD.jpg,hi,0.0,Flop,6.342422680822207,0
Dil Kabaddi,2008,"Drama, Romance",0,0,2,120,"Viacom18 Studios, The Indian Film Company",12,https://image.tmdb.org/t/p/w500/zk78BrPFu4kdelIcM0myORAJlc1.jpg,hi,0.0,Flop,5.477121254719663,0
Dashavatar,2008,"Music, Animation, Family",0,0,6,119,Phoebus Creations Media,6,https://image.tmdb.org/t/p/w500/i1hOuoNpzbFIa6ZjTAoSkbvfnKv.jpg,hi,0.0,Flop,5.845098040014257,0
My Name Is Anthony Gonsalves,2008,"Drama, Comedy",0,0,9,136,,1,https://image.tmdb.org/t/p/w500/3fub9IvLqhwtfTHQSuBTIXgXEJh.jpg,hi,0.0,Flop,6.0,0
One Two Three,2008,Comedy,0,0,18,135,Big Screen Entertainment,3,https://image.tmdb.org/t/p/w500/8NZvA9tT1eHAL3fSM10cnWFX9JL.jpg,hi,0.0,Flop,6.278753600952829,0
Woodstock Villa,2008,"Crime, Mystery, Thriller",0,0,5,94,,5,https://image.tmdb.org/t/p/w500/i3vnjg624mFg007x7ZUe0rYdC10.jpg,hi,0.0,Flop,5.778151250383644,0
Tahaan,2008,Drama,0,0,3,95,"iDream Productions, Santosh Sivan Productions",9,https://image.tmdb.org/t/p/w500/AhdMcqc5NGKgLLKuyK5Qq1VUTqK.jpg,hi,0.0,Flop,5.6020599913279625,0
Haal-e-Dil,2008,"Drama, Romance",0,0,2,124,,6,https://image.tmdb.org/t/p/w500/o8iyHl67gXnUYnXxgrtFNCy3Gyn.jpg,hi,0.0,Flop,5.477121254719663,0
Tulsi: Mathrudevobhava,2008,Drama,0,0,1,126,Sri Tirumala Tirupati Venkateshwara Films,1,https://image.tmdb.org/t/p/w500/uqqPAMJMKAPQVUmyf3LF8CuCIbj.jpg,hi,0.0,Flop,5.301029995663981,0
Dhoom Dadakka,2008,"Drama, Comedy",0,0,3,128,,5,https://image.tmdb.org/t/p/w500/qMOUAFO8oyZ48F9411cdGg526jE.jpg,hi,0.0,Flop,5.6020599913279625,0
Jimmy,2008,"Drama, Action, Crime",0,0,0,114,High-Definition Motion Pictures,5,https://image.tmdb.org/t/p/w500/2Nl6478jkmiEvUsxleU9Y8tGDEw.jpg,hi,0.0,Flop,5.0,0
Aamir,2008,Thriller,364000,0,58,99,UTV Motion Pictures,6,https://image.tmdb.org/t/p/w500/g1Qe0d1mFUdrgScSyw2GgiMjsqj.jpg,hi,-1.0,Flop,6.770852011642145,-364000
Sirf,2008,"Drama, Romance",0,0,0,142,Seven Eagle Production,4,https://image.tmdb.org/t/p/w500/msrlQVWLGhiqVgI9Zdeb0lX55Sb.jpg,hi,0.0,Flop,5.0,0
Bollywood Evil Dead,2008,"Music, Horror",0,0,6,99,Jaya Films,12,https://image.tmdb.org/t/p/w500/3wAKptzmArm3ppYJP87m8yMJUn2.jpg,hi,0.0,Flop,5.845098040014257,0
Ru-Ba-Ru: For Now & Forever,2008,"Romance, Drama, Mystery",0,0,2,0,Percept Picture Company,9,https://image.tmdb.org/t/p/w500/dIGXr6SXxayeLWkFQTxDjI2L1Kg.jpg,hi,0.0,Flop,5.477121254719663,0
Migration,2008,Drama,0,0,3,19,Mirabai Films,3,https://image.tmdb.org/t/p/w500/mOoLIpzLh4t4WRUwBFsptMkNQQP.jpg,hi,0.0,Flop,5.6020599913279625,0
Mumbai Cutting,2008,Drama,0,0,0,130,"White Cloud Productions, Sahara One Motion Pictures",4,https://image.tmdb.org/t/p/w500/yCQmAjFsZ9ynYXRv4OOjPD3BrMK.jpg,hi,0.0,Flop,5.0,0
Maan Gaye Mughal-e-Azam,2008,"Crime, Comedy",0,0,2,137,Venus Records & Tapes,8,https://image.tmdb.org/t/p/w500/blnOfR0ZzzROF18NYysv4sIFDEU.jpg,hi,0.0,Flop,5.477121254719663,0
Thodi Life Thoda Magic,2008,Drama,0,0,0,0,,6,https://image.tmdb.org/t/p/w500/mzYP2cqytRdj9duEKkzjm0taUx8.jpg,hi,0.0,Flop,5.0,0
Hari Puttar,2008,"Comedy, Drama, Family",0,0,3,90,,9,https://image.tmdb.org/t/p/w500/mfpheZ55wsrHFVP9CO5YKRSgykQ.jpg,hi,0.0,Flop,5.6020599913279625,0
Inquilab,2008,"Documentary, History",0,0,0,40,,8,https://image.tmdb.org/t/p/w500/uxga5n527HbpDZLJ5kq9o8miwQx.jpg,hi,0.0,Flop,5.0,0
Mr. Black Mr. White,2008,Comedy,0,0,6,130,,5,https://image.tmdb.org/t/p/w500/pLNAMqhnv6auCNlwAkAvIircbbH.jpg,hi,0.0,Flop,5.845098040014257,0
Summer 2007,2008,Drama,0,0,0,166,,6,https://image.tmdb.org/t/p/w500/jsPNkYZEPE3c0eXxXMNZWeGdAHU.jpg,hi,0.0,Flop,5.0,0
Contract,2008,"Thriller, Action",0,0,3,122,PVR Inox Pictures,7,https://image.tmdb.org/t/p/w500/4lamRTfY5Svem3U16WLVl5dMMxE.jpg,hi,0.0,Flop,5.6020599913279625,0
Saas Bahu Aur Sensex,2008,"Comedy, Drama",0,0,1,0,,9,,hi,0.0,Flop,5.301029995663981,0
Good Luck!,2008,Unknown,0,0,0,0,,8,https://image.tmdb.org/t/p/w500/uAVki5yKsHPXFbDqMNQEf4J8JQ9.jpg,hi,0.0,Flop,5.0,0
Hastey Hastey Follow Your Heart,2008,Unknown,0,0,1,127,,11,https://image.tmdb.org/t/p/w500/408PwlRAwlRnQipaoiQlShR0juF.jpg,hi,0.0,Flop,5.301029995663981,0
Gumnaam: The Mystery,2008,"Crime, Mystery, Romance",0,0,1,107,,12,https://image.tmdb.org/t/p/w500/5xWGKId5lAnhyqnghiB77lYN3wt.jpg,hi,0.0,Flop,5.301029995663981,0
Anamika,2008,"Thriller, Romance",0,0,5,120,,5,https://image.tmdb.org/t/p/w500/dP8S2mrlq9R3XaTQkDcWLn6OuJX.jpg,hi,0.0,Flop,5.778151250383644,0
Good Night,2008,"Comedy, Drama, Romance",0,0,0,30,Also Ran Films,1,,hi,0.0,Flop,5.0,0
Jangarh Film One,2008,Documentary,0,0,1,24,,1,https://image.tmdb.org/t/p/w500/jOlR8ctOtqCuPATqj7ym8vOkC4F.jpg,hi,0.0,Flop,5.301029995663981,0
Mukhbiir,2008,"Action, Crime",0,0,3,132,,8,https://image.tmdb.org/t/p/w500/aefkedUyp8rABkDXwfR2xXyQgfN.jpg,hi,0.0,Flop,5.6020599913279625,0
Phir Tauba Tauba,2008,Crime,0,0,0,110,,1,https://image.tmdb.org/t/p/w500/ncfbGQ0Imso9GEoPs6JKMoC3IYX.jpg,hi,0.0,Flop,5.0,0
My Friend Ganesha 2,2008,"Animation, Family, Fantasy",0,0,0,117,,8,https://image.tmdb.org/t/p/w500/xq42NVZOhDsVjXC2LPKJb1pmWNe.jpg,hi,0.0,Flop,5.0,0
Bhram: An Illusion,2008,"Drama, Romance, Mystery",0,0,4,132,,4,https://image.tmdb.org/t/p/w500/nVyycCiSW78uZHgZhz8S1d2NroJ.jpg,hi,0.0,Flop,5.698970004336019,0
Pyar Jab Kenhu Se Hoi Jala,2008,"Music, Romance",0,0,0,145,SVF Entertainment,1,,hi,0.0,Flop,5.0,0
Yaar Meri Zindagi,2008,Unknown,0,0,0,0,,4,https://image.tmdb.org/t/p/w500/23psTmXkjlIHBNTgm8O02zDrxiH.jpg,hi,0.0,Flop,5.0,0
Udedh Bun,2008,Unknown,0,0,0,21,,2,https://image.tmdb.org/t/p/w500/iwX7oDQMfDKrJAZk9aJIx462Lu6.jpg,hi,0.0,Flop,5.0,0
3 Idiots,2009,"Drama, Comedy",9000000,70000000,2641,171,"Vidhu Vinod Chopra Productions, Vinod Chopra Films",12,https://image.tmdb.org/t/p/w500/66A9MqXOyVFCssoloscw79z8Tew.jpg,hi,6.777777777777778,Hit,8.42193281327851,61000000
Aladin,2009,"Fantasy, Drama, Romance, Adventure, Comedy",0,0,97,132,,10,https://image.tmdb.org/t/p/w500/rqXLyzAPk7yAygwRAyBrHcVL3os.jpg,hi,0.0,Flop,6.991226075692495,0
Fox,2009,"Action, Thriller",0,0,8,0,Tijori Entertainment,9,https://image.tmdb.org/t/p/w500/cddhNK23HaP85IOc6TE3Zp7A389.jpg,hi,0.0,Flop,5.954242509439325,0
Jugaad,2009,Comedy,0,0,3,114,Promodome Films,2,https://image.tmdb.org/t/p/w500/eL0O5Pbv3wwJKeJHsPvDZExMYl5.jpg,hi,0.0,Flop,5.6020599913279625,0
Phir Kabhi,2009,"Drama, Romance",0,0,1,0,UTV Motion Pictures,8,https://image.tmdb.org/t/p/w500/buZSaOOlVZW6jpvv68ox5IEgswi.jpg,hi,0.0,Flop,5.301029995663981,0
Kisaan,2009,"Action, Crime, Drama, Thriller",0,0,4,100,"Sohail Khan Production, UTV Spotboy Motion Pictures",8,https://image.tmdb.org/t/p/w500/r2ALo5BqiKWI6In0l3nPWcjy76m.jpg,hi,0.0,Flop,5.698970004336019,0
Narmeen,2009,Unknown,0,0,0,18,,4,,hi,0.0,Flop,5.0,0
Gaiir,2009,Unknown,0,0,2,0,,11,https://image.tmdb.org/t/p/w500/9bj9Y8NO0eezc8mEa8Sbhl6UWR6.jpg,hi,0.0,Flop,5.477121254719663,0
Jashnn: The Music Within,2009,"Drama, Music, Romance",0,0,3,127,,7,https://image.tmdb.org/t/p/w500/3xpVu5esYvlyy1IUuRZalvnCnEl.jpg,hi,0.0,Flop,5.6020599913279625,0
Wanted,2009,"Action, Comedy, Crime, Thriller",0,0,119,155,"Sahara One Motion Pictures, BSK Network and Entertainment",9,https://image.tmdb.org/t/p/w500/nymzAr2uEWxnDTfoIjUbh7a1UuB.jpg,hi,0.0,Flop,7.079181246047625,0
Paa,2009,"Drama, Family",3250000,0,85,133,A B Corp,12,https://image.tmdb.org/t/p/w500/vslu8ixLEceu5qM0CnXMl4mavY9.jpg,hi,-1.0,Flop,6.9344984512435675,-3250000
Let's Dance,2009,"Drama, Crime",0,0,0,118,Advait Entertainment Pvt. Ltd.,6,,hi,0.0,Flop,5.0,0
Kaminey,2009,"Action, Crime, Drama",9000000,18130000,103,135,"UTV Motion Pictures, Vishal Bhardwaj Pictures",8,https://image.tmdb.org/t/p/w500/bWjpvdO7BxOOnX6RMZN4p4Jukx5.jpg,hi,1.0144444444444445,Hit,7.017033339298781,9130000
Kambakkht Ishq,2009,"Action, Comedy, Drama, Romance",16000000,0,57,134,"Eros International, Nadiadwala Grandson Entertainment, Scrix",7,https://image.tmdb.org/t/p/w500/h8a14zHluHPTjnyulZ42mmt7GvT.jpg,hi,-1.0,Flop,6.763427993562937,-16000000
Billu,2009,"Comedy, Drama",5750000,10000000,109,137,"Red Chillies Entertainment, Eros International",2,https://image.tmdb.org/t/p/w500/nmWKskigmvBow3uOP4RPQOIaUux.jpg,hi,0.7391304347826086,Average,7.041392685158225,4250000
Ajab Prem Ki Ghazab Kahani,2009,"Romance, Comedy, Action",0,26000000,149,150,Tips Industries,11,https://image.tmdb.org/t/p/w500/6IC8PQZAynsUAh0MDvopR3zDTRk.jpg,hi,0.0,Flop,7.176091259055681,26000000
Kurbaan,2009,"Crime, Drama, Romance, Thriller, Action",7700000,6600000,41,161,"UTV Motion Pictures, Dharma Productions",11,https://image.tmdb.org/t/p/w500/eLG5R5pgVpTMFQbVeGhcUu1xSH1.jpg,hi,-0.14285714285714285,Flop,6.623249290397901,-1100000
Chandni Chowk to China,2009,"Action, Adventure, Comedy",12000000,17000000,84,154,"Warner Bros. Pictures, People Tree Films, Ramesh Sippy Enterprises, Benetone Films, Warner Bros. India, China Film Group Corporation",1,https://image.tmdb.org/t/p/w500/tGUVeDAsNArrogQBoV7jVhjkqHh.jpg,hi,0.4166666666666667,Average,6.929418925714293,5000000
Luck,2009,"Action, Thriller, Drama, Adventure",6000000,400000,40,130,"Shree Ashtavinayak Cine Vision, The Indian Film Company",7,https://image.tmdb.org/t/p/w500/mNiO9E1KQ7GH3I0yHUDdyXaByP7.jpg,hi,-0.9333333333333333,Flop,6.6127838567197355,-5600000
Luck by Chance,2009,"Romance, Drama, Comedy",2300000,3000000,68,155,"Excel Entertainment, Reliance Entertainment",1,https://image.tmdb.org/t/p/w500/19Qh3fEXsqB0pBl5DRnCBsgj7Ot.jpg,hi,0.30434782608695654,Average,6.838849090737256,700000
De Dana Dan,2009,"Comedy, Crime",8000000,9000000,95,166,"Venus Records & Tapes, Eros Worldwide",11,https://image.tmdb.org/t/p/w500/htOpALyz5x1Ee7YuZpaRCPEwEuX.jpg,hi,0.125,Average,6.982271233039569,1000000
Love Aaj Kal,2009,"Comedy, Drama, Romance",12500000,20794985,108,128,"Eros International, Illuminati Films Pvt Ltd",7,https://image.tmdb.org/t/p/w500/36hkylLil37eF45uIeSTe31NRVq.jpg,hi,0.6635988,Average,7.037426497940624,8294985
Dev.D,2009,"Comedy, Drama, Romance",1700000,7600000,141,144,"UTV Spotboy Motion Pictures, UTV Motion Pictures, Anurag Kashyap Films",2,https://image.tmdb.org/t/p/w500/A2SILF5dOBrAJU52DlmMyR5xzDx.jpg,hi,3.4705882352941178,Hit,7.152288344383056,5900000
Wake Up Sid,2009,"Comedy, Drama, Romance",3000000,11000000,177,138,Dharma Productions,10,https://image.tmdb.org/t/p/w500/1UpgW67W6Do0xizTuE26bMQFLdL.jpg,hi,2.6666666666666665,Hit,7.2504200023088945,8000000
Rocket Singh: Salesman of the Year,2009,"Drama, Comedy, Romance",1250000,0,119,156,Yash Raj Films,12,https://image.tmdb.org/t/p/w500/3Z8lLFzPOBfOO4w3CykRaCeh9h.jpg,hi,-1.0,Flop,7.079181246047625,-1250000
Delhi-6,2009,Drama,0,8250000,54,141,,2,https://image.tmdb.org/t/p/w500/52raGhYfU3oM25imWZFZnQ16XZI.jpg,hi,0.0,Flop,6.740362689494244,8250000
Gulaal,2009,"Crime, Drama",490000,2000000,66,147,Zee Limelight,3,https://image.tmdb.org/t/p/w500/2FT2A8qh3nbqqCLgpkXhPBCVW42.jpg,hi,3.0816326530612246,Hit,6.826074802700827,1510000
Dil Bole Hadippa!,2009,"Romance, Comedy, Drama",0,0,56,148,Yash Raj Films,9,https://image.tmdb.org/t/p/w500/zt6r5WddPoBaXW6knwQWRnor61F.jpg,hi,0.0,Flop,6.7558748556724915,0
New York,2009,"Crime, Drama, Thriller",0,0,77,153,"Yash Raj Films, Sri & Company",6,https://image.tmdb.org/t/p/w500/yFp4MiFPNGPiLOnl5zZGnS13jAL.jpg,hi,0.0,Flop,6.892094602690481,0
London Dreams,2009,Drama,0,9500000,18,151,"Blockbuster Movie Entertainers, Headstart Films UK Limited",10,https://image.tmdb.org/t/p/w500/q7oolzGDi0e9KNN2zGXsFYzJizR.jpg,hi,0.0,Flop,6.278753600952829,9500000
Acid Factory,2009,"Action, Crime, Thriller",0,0,10,105,White Feather Films,10,https://image.tmdb.org/t/p/w500/4Kv50pfZ718rPnJJT4cSsqfRONw.jpg,hi,0.0,Flop,6.041392685158225,0
All the Best: Fun Begins,2009,"Action, Comedy, Music",7500000,0,54,144,Ajay Devgn FFilms,10,https://image.tmdb.org/t/p/w500/8PFqM3uF5FUEctVGJa7IToZyq7I.jpg,hi,-1.0,Flop,6.740362689494244,-7500000
Meri Life Mein Uski Wife,2009,"Comedy, Drama",0,0,2,114,,10,https://image.tmdb.org/t/p/w500/cNaYDwzpmUUxItlANdeNBCLahiO.jpg,hi,0.0,Flop,5.477121254719663,0
Shortkut - The Con Is On,2009,Comedy,0,0,13,142,,7,https://image.tmdb.org/t/p/w500/tIGFNNlyYRmA3pXTbF1uzkMDJ5t.jpg,hi,0.0,Flop,6.146128035678238,0
Tum Mile,2009,Drama,0,0,15,134,"Vishesh Films, PVR Inox Pictures",11,https://image.tmdb.org/t/p/w500/lUp1hFwGpXy7pUYVLfgY1rgCH1J.jpg,hi,0.0,Flop,6.204119982655925,0
Teree Sang: A Kidult Love Story,2009,"Romance, Drama",1652551,555670,7,132,Karol Bagh Film & Entertainment,8,https://image.tmdb.org/t/p/w500/r9QImRwM5D9hoYkNNHkP1Q2iojl.jpg,hi,-0.6637501656529814,Flop,5.903089986991944,-1096881
Firaaq,2009,Drama,0,0,16,101,Percept Picture Company,3,https://image.tmdb.org/t/p/w500/6p7eoDgHughtjhr2O3Akkbt1165.jpg,hi,0.0,Flop,6.230448921378274,0
Vaada Raha... I Promise,2009,Drama,0,0,2,105,Top Angle Productions,9,https://image.tmdb.org/t/p/w500/kwcPrhJxeweybWEYsLLHpvPCZuC.jpg,hi,0.0,Flop,5.477121254719663,0
Paying Guests,2009,Comedy,0,0,3,119,,6,https://image.tmdb.org/t/p/w500/mgf5gOek7R9sLMQXD7TkF44ssel.jpg,hi,0.0,Flop,5.6020599913279625,0
Do Knot Disturb,2009,"Comedy, Romance",0,0,15,126,,10,https://image.tmdb.org/t/p/w500/vzj663OM9mE2vG4PlydpCwcE0LU.jpg,hi,0.0,Flop,6.204119982655925,0
Dhoondte Reh Jaaoge,2009,Comedy,0,0,7,135,UTV Motion Pictures,3,https://image.tmdb.org/t/p/w500/6BhThM04qrtnQGsUXJYBU2reD1G.jpg,hi,0.0,Flop,5.903089986991944,0
Life Partner,2009,"Comedy, Drama, Romance",0,0,17,136,"Burmawala Partners, Viacom18 Studios, The Indian Film Company",8,https://image.tmdb.org/t/p/w500/vIbT3VZ1FrWuG0LmvQGQKWwTzq7.jpg,hi,0.0,Flop,6.2552725051033065,0
Main Aurr Mrs Khanna,2009,Drama,2200000,3600000,58,115,,10,https://image.tmdb.org/t/p/w500/hsx9kbzMIDRP8qSrrWZO89MllZh.jpg,hi,0.6363636363636364,Average,6.770852011642145,1400000
99,2009,"Comedy, Crime",3000000,6600000,22,141,People Pictures,5,https://image.tmdb.org/t/p/w500/2MtjgwcijLshodM5cNkCJFUW7tK.jpg,hi,1.2,Hit,6.361727836017593,3600000
What's Your Raashee?,2009,Comedy,0,0,28,192,Ashutosh Gowariker Productions,9,https://image.tmdb.org/t/p/w500/ksSz2bRSpksZ0aRupQ1cINb7ibC.jpg,hi,0.0,Flop,6.462397997898956,0
Raaz: The Mystery Continues...,2009,"Horror, Mystery",6250000,8000000,44,137,Vishesh Films,1,https://image.tmdb.org/t/p/w500/muXsgB3xdW68OEQrKr1MzyPuzBS.jpg,hi,0.28,Average,6.653212513775344,1750000
Jail,2009,"Drama, Horror",0,0,7,155,Bhandarkar Entertainment,11,https://image.tmdb.org/t/p/w500/coZ3oOyOBwqrSSe1gFdMWVeoxUM.jpg,hi,0.0,Flop,5.903089986991944,0
8 x 10 Tasveer,2009,"Thriller, Action, Mystery, Science Fiction",0,0,23,119,"Percept Picture Company, T-Series",4,https://image.tmdb.org/t/p/w500/rnUpyQ8Wqfy2Zb9SM4S8lJ0B5qD.jpg,hi,0.0,Flop,6.380211241711606,0
Victory,2009,Unknown,0,0,5,150,"Walkwater Media, Victory Moving Pictures",1,https://image.tmdb.org/t/p/w500/y17YoREujvY27bu1mF1rHKVDBwc.jpg,hi,0.0,Flop,5.778151250383644,0
Meri Padosan,2009,"Comedy, Drama",0,0,0,0,,4,https://image.tmdb.org/t/p/w500/10aegsZKBxpuO9lj1JuTExRJSFo.jpg,hi,0.0,Flop,5.0,0
Aao Wish Karein,2009,"Fantasy, Drama, Comedy, Romance, Family",0,0,4,140,,11,https://image.tmdb.org/t/p/w500/ePNM44FHWhCCCXGh2W99wkjACnl.jpg,hi,0.0,Flop,5.698970004336019,0
Ek: The Power of One,2009,"Action, Drama, Thriller",0,0,7,146,,3,https://image.tmdb.org/t/p/w500/t99yP0Yil5rNPuMQnsN3x3w3UaD.jpg,hi,0.0,Flop,5.903089986991944,0
Aloo Chaat,2009,Comedy,0,1550000,7,155,"Mirchi Movies Limited, Red-Ice Productions, Maverick Productions",3,https://image.tmdb.org/t/p/w500/1XoRQnF2I49c0I3pZeIj9qaC4My.jpg,hi,0.0,Flop,5.903089986991944,1550000
Ishwar Sakshi,2009,Family,0,0,0,92,Select Media Holdings- Moving Pictures,8,https://image.tmdb.org/t/p/w500/igg9YNX5DNDDdT7rWqxxG4yiylX.jpg,hi,0.0,Flop,5.0,0
Yeh Mera India,2009,Drama,0,0,1,134,,8,https://image.tmdb.org/t/p/w500/uoSyIUm93xS3xwAkX3OTip8gaUq.jpg,hi,0.0,Flop,5.301029995663981,0
Radio,2009,"Music, Drama, Romance",1300000,0,1,105,Plus Entertainment Pvt. Ltd.,12,https://image.tmdb.org/t/p/w500/whHPB7QsMbKVqyJwEKTMRiVKQXg.jpg,hi,-1.0,Flop,5.301029995663981,-1300000
Barah Aana,2009,"Comedy, Drama",0,0,3,97,,3,https://image.tmdb.org/t/p/w500/pUtLT7wxkkxOXB14BIwvnsGMCPf.jpg,hi,0.0,Flop,5.6020599913279625,0
Sanam Teri Kasam,2009,"Action, Drama, Romance",0,0,2,170,,5,https://image.tmdb.org/t/p/w500/w7DIEj2nry7MIIQzP0H89IZrspa.jpg,hi,0.0,Flop,5.477121254719663,0
Chhota Bheem aur Krishna: Pataliputra - City of the Dead,2009,"Action, Adventure, Animation, TV Movie",0,0,1,65,Green Gold Animation,9,https://image.tmdb.org/t/p/w500/nD2VDpLPBJ9tO4vHC1rBTkAktdQ.jpg,hi,0.0,Flop,5.301029995663981,0
Kal Kissne Dekha,2009,"Drama, Comedy, Romance",24625,0,5,124,Pooja Entertainment,6,https://image.tmdb.org/t/p/w500/kMJl7NSlGPmFJxxG1eVNbDndasn.jpg,hi,-1.0,Flop,5.778151250383644,-24625
Chal Chalein,2009,Drama,0,0,1,132,Ankit Pictures,8,https://image.tmdb.org/t/p/w500/4QjAkMLUKKYusEC5zzojRgP1tPd.jpg,hi,0.0,Flop,5.301029995663981,0
Perfect Mismatch,2009,"Comedy, Romance",0,0,1,92,Xperience Films,7,https://image.tmdb.org/t/p/w500/vvkksBvnwyF7vr6FRchwllrkMZG.jpg,hi,0.0,Flop,5.301029995663981,0
Daddy Cool: Join the Fun,2009,Comedy,0,0,3,98,Maruti International,8,https://image.tmdb.org/t/p/w500/eTQGmWnj7AXjGXYphH2Q8VAiyoc.jpg,hi,0.0,Flop,5.6020599913279625,0
Sikandar,2009,"Drama, Thriller",0,0,3,110,,8,https://image.tmdb.org/t/p/w500/9L5S5Xr06YRthxety8zI9D1t710.jpg,hi,0.0,Flop,5.6020599913279625,0
Agyaat,2009,"Horror, Mystery",0,0,8,98,UTV Motion Pictures,8,https://image.tmdb.org/t/p/w500/d1v7dk1f1N2OfxQtD8q4w2XKnX7.jpg,hi,0.0,Flop,5.954242509439325,0
Chal Chala Chal,2009,"Drama, Comedy, Romance",0,0,2,138,,2,https://image.tmdb.org/t/p/w500/F5JAxSxdCCiIN1l8RjeIh0HA9B.jpg,hi,0.0,Flop,5.477121254719663,0
Fruit & Nut,2009,"Comedy, Romance",0,0,1,89,,10,https://image.tmdb.org/t/p/w500/pcC7BDzzSGGqQhJNbyOkvEkJHbE.jpg,hi,0.0,Flop,5.301029995663981,0
The President Is Coming,2009,Comedy,0,0,2,90,,1,,hi,0.0,Flop,5.477121254719663,0
Wagah,2009,Documentary,0,0,1,13,DETAILFILM,2,,hi,0.0,Flop,5.301029995663981,0
Sankat City,2009,Comedy,0,0,7,110,"MoserBaer Entertainment Ltd., 7 Entertainment Ltd.",7,https://image.tmdb.org/t/p/w500/jVFBHeoxSiRSNjMdpQIhL8H0fKM.jpg,hi,0.0,Flop,5.903089986991944,0
Aa Dekhen Zara,2009,"Thriller, Action",0,0,28,117,Eros International,3,https://image.tmdb.org/t/p/w500/2ZQC25WN6N5v9kidjHEv4Azq5gC.jpg,hi,0.0,Flop,6.462397997898956,0
Mere Khwabon Mein Jo Aaye,2009,"Drama, Horror, Romance",0,0,2,121,,2,https://image.tmdb.org/t/p/w500/n6Uf05IKWeJ48YnQvYokJzOPJ4i.jpg,hi,0.0,Flop,5.477121254719663,0
Love Khichdi,2009,"Comedy, Drama, Romance",0,0,4,130,,8,https://image.tmdb.org/t/p/w500/1oUmoJuqiyrMcGaESgBMXygIHGj.jpg,hi,0.0,Flop,5.698970004336019,0
Jai Veeru,2009,"Action, Adventure, Crime, Thriller",0,0,3,160,Siddhi Vinayak Movies,3,https://image.tmdb.org/t/p/w500/x7Dbc9ef9ow0EGDQVXHlKKUDdCc.jpg,hi,0.0,Flop,5.6020599913279625,0
A One Night Stand,2009,"Drama, Comedy, Romance",0,0,2,113,Percept Picture Company,12,https://image.tmdb.org/t/p/w500/2bb9mPwPBoYSxqwJKjQULQrsWwt.jpg,hi,0.0,Flop,5.477121254719663,0
Accident On Hill Road,2009,Thriller,0,0,2,104,,12,https://image.tmdb.org/t/p/w500/a9EMdR6xz4pxYmJ4nfCzB0zeIzq.jpg,hi,0.0,Flop,5.477121254719663,0
Thriller,2009,"Comedy, Horror",0,0,1,110,,1,,hi,0.0,Flop,5.301029995663981,0
Maruti Mera Dosst,2009,Unknown,0,0,1,0,Contiloe Pictures,1,https://image.tmdb.org/t/p/w500/qSEoFg0a7m5tb9nAYPl35o6zV3E.jpg,hi,0.0,Flop,5.301029995663981,0
Detective Naani,2009,"Comedy, Mystery",0,0,1,134,,5,https://image.tmdb.org/t/p/w500/wrnGQmYAQgOYtQUaCMeoQYXNshp.jpg,hi,0.0,Flop,5.301029995663981,0
Love Kaa Taddka,2009,"Comedy, Drama",0,0,0,180,,10,https://image.tmdb.org/t/p/w500/fKSwgkQjB6ezXlXOwj6vKVSvBJp.jpg,hi,0.0,Flop,5.0,0
Chintu Ji,2009,"Comedy, Drama",0,0,4,115,,9,https://image.tmdb.org/t/p/w500/bKvETPlNQlvDCqeheirGknoYwa4.jpg,hi,0.0,Flop,5.698970004336019,0
Ek Tho Chance,2009,"Thriller, Drama",0,0,0,120,Pritish Nandy Communications,12,https://image.tmdb.org/t/p/w500/do8uBnrLsIrk80bJ4Nji0wCEkpk.jpg,hi,0.0,Flop,5.0,0
Fast Forward,2009,"Music, Action, Drama",0,0,0,0,Y.T Entertainment Ltd.,9,https://image.tmdb.org/t/p/w500/7XYwhihsMOPXGmQGNeIrkSQCEdE.jpg,hi,0.0,Flop,5.0,0
The Stoneman Murders,2009,Crime,0,0,18,95,,2,https://image.tmdb.org/t/p/w500/eeAFUCp1VKvxHq6wXbmWwjdDn7j.jpg,hi,0.0,Flop,6.278753600952829,0
Ek Se Bure Do,2009,Unknown,0,0,1,0,,1,,hi,0.0,Flop,5.301029995663981,0
Siddharth: The Prisoner,2009,"Crime, Drama, Thriller",0,26959,0,91,"PVR Inox Pictures, Alliance Media & Entertainment, Moviscorp, Walkwater Media, Vistaar Religare Film Fund",2,https://image.tmdb.org/t/p/w500/lmn8eCAaJ9phn0NgiQ5zoSW5iCY.jpg,hi,0.0,Flop,5.0,26959
Tales of Siva 2,2009,"Animation, History, Drama",0,0,1,67,Toonz Media Group,12,https://image.tmdb.org/t/p/w500/iV9fFNw7WJA9068xyiAWplXMCqJ.jpg,hi,0.0,Flop,5.301029995663981,0
Team: The Force,2009,Action,0,0,2,115,,6,https://image.tmdb.org/t/p/w500/c5LRsIkGhnOCd2XLJOL3ZdwLpz1.jpg,hi,0.0,Flop,5.477121254719663,0
Aasma: The Sky Is the Limit,2009,Drama,25,0,1,108,,1,,hi,-1.0,Flop,5.301029995663981,-25
Certified Universal,2009,Documentary,0,0,0,28,"Public Service Broadcasting Trust, Doordarshan",1,https://image.tmdb.org/t/p/w500/vziu7BgQuOiqm16dA7zH6uubrIV.jpg,hi,0.0,Flop,5.0,0
Toss,2009,Unknown,0,0,1,0,,8,https://image.tmdb.org/t/p/w500/1dGooZjRbe9NXOnbOtdcnxzQiTD.jpg,hi,0.0,Flop,5.301029995663981,0
Kisse Pyaar Karoon,2009,Comedy,0,0,0,125,,2,https://image.tmdb.org/t/p/w500/coJqiD6Gh9Ka6rDRZML3XlDz7aw.jpg,hi,0.0,Flop,5.0,0
I Wonder...,2009,Documentary,0,0,0,71,Public Service Broadcasting Trust,1,,hi,0.0,Flop,5.0,0
Needle,2009,Documentary,0,0,0,30,,1,,hi,0.0,Flop,5.0,0
Marega Salaa,2009,"Crime, Drama, Mystery",0,0,0,0,Star Riders,11,https://image.tmdb.org/t/p/w500/gVfpZPb4QP1qyXFkXHT6i0Tg3K.jpg,hi,0.0,Flop,5.0,0
Johnny Goes to Bollywood,2009,"Animation, Comedy, TV Movie",0,0,0,11,Famous' House of Animation,6,,hi,0.0,Flop,5.0,0
Kushti,2010,"Comedy, Romance",0,0,2,121,,5,https://image.tmdb.org/t/p/w500/mT9UR5tifEYX0Z08RPJGczBy7jV.jpg,hi,0.0,Flop,5.477121254719663,0
Peepli Live,2010,"Drama, Comedy",2270000,6900000,73,110,Aamir Khan Productions,8,https://image.tmdb.org/t/p/w500/zJ1e7pmyJ8an6ZxhhjwVNvqHe7t.jpg,hi,2.039647577092511,Hit,6.869231719730976,4630000
Mallika,2010,"Drama, Horror, Mystery, Thriller",0,0,2,0,,9,https://image.tmdb.org/t/p/w500/lGFpHbK1FxCl8oOAVmGPHod6yiL.jpg,hi,0.0,Flop,5.477121254719663,0
My Name Is Khan,2010,"Drama, Romance",12000000,42345360,1401,165,"Dharma Productions, Fox Searchlight Pictures, Red Chillies Entertainment, Fox Star Studios, Image Nation Abu Dhabi, Fox International Productions, Mandate International, Star China Media, Bollywood Hollywood Productions, FilmyBox Movies, Sony Music",2,https://image.tmdb.org/t/p/w500/5Y36lCiNyyV71mjq6LavgiggbhT.jpg,hi,2.52878,Hit,8.14674801363064,30345360
Chase,2010,"Action, Crime, Drama",0,0,0,0,,4,,hi,0.0,Flop,5.0,0
Click,2010,"Horror, Mystery, Thriller",0,0,12,127,,2,https://image.tmdb.org/t/p/w500/6wLzaedZSPRQoMN3QoZLYrh7ToU.jpg,hi,0.0,Flop,6.113943352306837,0
Nakshatra,2010,"Thriller, Crime, Drama, Mystery, Romance",0,0,1,134,,10,https://image.tmdb.org/t/p/w500/h9pYMlrL5C99XcyhmfGdmCZbuGy.jpg,hi,0.0,Flop,5.301029995663981,0
Vakratunda Swaha,2010,Unknown,0,0,1,21,,1,https://image.tmdb.org/t/p/w500/iG1VQ2oeBNkJuR01gjuuYksH1Ke.jpg,hi,0.0,Flop,5.301029995663981,0
Ramayana: The Epic,2010,"Animation, Action, Adventure",0,0,9,98,Maya Digital Media,10,https://image.tmdb.org/t/p/w500/925qJjlQYgRUbE4lwnLwZuXSeBX.jpg,hi,0.0,Flop,6.0,0
Berozgaar,2010,Comedy,0,0,2,108,,9,https://image.tmdb.org/t/p/w500/qIRqHE802Ho7xDfPRnkjPrdzuYe.jpg,hi,0.0,Flop,5.477121254719663,0
Tees Maar Khan,2010,"Comedy, Crime",0,0,108,137,"UTV Motion Pictures, Hari Om Entertainment",12,https://image.tmdb.org/t/p/w500/xhbaxPSFA78hQpsSekPLdBoyGIK.jpg,hi,0.0,Flop,7.037426497940624,0
Veer,2010,"Action, Romance",1250000,0,46,160,Eros International,1,https://image.tmdb.org/t/p/w500/v09SoSyKjooHn4pmOwa4v58lE5U.jpg,hi,-1.0,Flop,6.672097857935718,-1250000
Dabangg,2010,"Action, Comedy, Crime",9370000,0,172,130,"Arbaaz Khan Productions, Shree Ashtavinayak Cine Vision",9,https://image.tmdb.org/t/p/w500/bi2J6IrRK7oFK63EMbzORIos8KP.jpg,hi,-1.0,Flop,7.238046103128795,-9370000
Badmaash Company,2010,Crime,1900000,5100000,57,144,Yash Raj Films,5,https://image.tmdb.org/t/p/w500/bz1nDlkhUN1XB9rERhN1jYRe4ka.jpg,hi,1.6842105263157894,Hit,6.763427993562937,3200000
Aakrosh,2010,"Action, Drama, Crime, Thriller",0,0,24,145,"Big Screen Entertainment, Zee Studios",10,https://image.tmdb.org/t/p/w500/ya8x3bI2MkvVfu4ZKzkgKSTsDaU.jpg,hi,0.0,Flop,6.3979400086720375,0
Khatta Meetha,2010,"Comedy, Drama",7500000,10000000,70,155,Hari Om Entertainment,7,https://image.tmdb.org/t/p/w500/rIM83O7WUcZIlg9pd6SgXgB0w2v.jpg,hi,0.3333333333333333,Average,6.8512583487190755,2500000
Housefull,2010,"Comedy, Romance",3500000,15000000,136,135,Nadiadwala Grandson Entertainment,4,https://image.tmdb.org/t/p/w500/koPiIQ7evC5rer6modUDxoZjYV.jpg,hi,3.2857142857142856,Hit,7.136720567156407,11500000
Dhobi Ghat,2010,Drama,0,0,90,102,Aamir Khan Productions,1,https://image.tmdb.org/t/p/w500/hSNbvyrRbfAxz29yJSz7bJ1Ujuu.jpg,hi,0.0,Flop,6.959041392321094,0
No Problem,2010,Comedy,0,0,21,143,"Eros International, Anil Kapoor Film & Communication Network",12,https://image.tmdb.org/t/p/w500/tkTuqXDzTDd1OhYZ7EKsvdt7OVK.jpg,hi,0.0,Flop,6.342422680822207,0
Golmaal 3,2010,"Comedy, Family",4800000,20000000,90,140,"Eros International, Shree Ashtavinayak Cinevision Ltd",11,https://image.tmdb.org/t/p/w500/S2BE87q5g8HWDVfoEU8QN9UXfn.jpg,hi,3.1666666666666665,Hit,6.959041392321094,15200000
Kites,2010,"Drama, Action, Romance",0,0,219,123,"Bollywood Hollywood Production, Reliance Entertainment, Film Kraft, Bollywood Hollywood Production",5,https://image.tmdb.org/t/p/w500/lYJhUIsKtlke4gNNHkYZNppYlTZ.jpg,hi,0.0,Flop,7.342422680822207,0
Guzaarish,2010,"Drama, Romance",0,0,126,126,"Prime Focus, UTV Motion Pictures, Bhansali Productions",11,https://image.tmdb.org/t/p/w500/uQgjtBBZ9se2Kcir9xQ9xY2kzyl.jpg,hi,0.0,Flop,7.103803720955957,0
Shaapit,2010,Horror,0,0,9,136,City Film,3,https://image.tmdb.org/t/p/w500/wRcriUqCdlM5V4TEyU4N6zMdJk1.jpg,hi,0.0,Flop,6.0,0
Aisha,2010,"Drama, Comedy, Romance",3900000,0,31,126,"PVR Inox Pictures, Anil Kapoor Film & Communication Network",8,https://image.tmdb.org/t/p/w500/axShahJKiP33H3YypztYQ2SgJG3.jpg,hi,-1.0,Flop,6.505149978319906,-3900000
Udaan,2010,Drama,800000,520000,216,138,"UTV Spotboy Motion Pictures, Anurag Kashyap Films, Sanjay Singh Films",6,https://image.tmdb.org/t/p/w500/8dQmrGk0WRPiCwiiGdIxnY5s8Pc.jpg,hi,-0.35,Flop,7.33645973384853,-280000
I Am Kalam,2010,"Comedy, Drama, Family",0,0,30,88,,10,https://image.tmdb.org/t/p/w500/zCl7XBbx8MfPFngcREwGH35J4yo.jpg,hi,0.0,Flop,6.491361693834273,0
Once Upon a Time in Mumbaai,2010,"Drama, Thriller, Crime",19000000,8300000,90,132,Balaji Motion Pictures,7,https://image.tmdb.org/t/p/w500/qkPmQx9GMuwTDEuIUMoeN6DEqVA.jpg,hi,-0.5631578947368421,Flop,6.959041392321094,-10700000
Anjaana Anjaani,2010,"Comedy, Drama, Romance",6400000,5900000,83,151,"Curbside Films, Eros Worldwide, Nadiadwala Grandson Entertainment",9,https://image.tmdb.org/t/p/w500/me3GHLnVREOlRdJPGmBPqsZBJTT.jpg,hi,-0.078125,Flop,6.924279286061882,-500000
Raajneeti,2010,"Drama, Thriller",0,0,83,167,"UTV Motion Pictures, Walkwater Media, Prakash Jha Productions",6,https://image.tmdb.org/t/p/w500/bZJeKk1vzekp2xfGecwYoUZGzoB.jpg,hi,0.0,Flop,6.924279286061882,0
We Are Family,2010,"Drama, Family",0,0,38,115,"UTV Motion Pictures, Dharma Productions, Columbia Pictures",9,https://image.tmdb.org/t/p/w500/dy2qAtTqe83zCCB55sqVK2g7i1m.jpg,hi,0.0,Flop,6.5910646070264995,0
Jaane Kahan Se Aayi Hai,2010,"Comedy, Drama, Fantasy, Romance",0,0,10,115,People Tree Films,4,https://image.tmdb.org/t/p/w500/8opCHaRGQQMHW1Sx3FR9xIObF4f.jpg,hi,0.0,Flop,6.041392685158225,0
Band Baaja Baaraat,2010,"Comedy, Drama, Romance",3300000,7400000,139,139,Yash Raj Films,12,https://image.tmdb.org/t/p/w500/uEh8cvyaW1uKfqvB4HJ8ALoT72M.jpg,hi,1.2424242424242424,Hit,7.146128035678238,4100000
Kaalo,2010,Horror,0,0,5,79,"Beyond Dreams Entertainment, Jay Jagannath Films",12,https://image.tmdb.org/t/p/w500/flczGLLtla3r2KqX5nunHmjPR78.jpg,hi,0.0,Flop,5.778151250383644,0
Hisss,2010,"Fantasy, Horror, Thriller",10000000,0,40,98,"Split Image Pictures, Venus Records & Tapes",10,https://image.tmdb.org/t/p/w500/iSCkImhJUgyagR7FxXxasXnNsDv.jpg,hi,-1.0,Flop,6.6127838567197355,-10000000
Rakht Charitra 2,2010,"Action, Crime, Drama",0,0,22,135,"Cloud Nine Movies, Cinergy Pictures",12,https://image.tmdb.org/t/p/w500/lx36zIYVOHfLVklyFlPYMCmlY7b.jpg,hi,0.0,Flop,6.361727836017593,0
Devra Bada Satawela,2010,Drama,0,0,1,157,,6,https://image.tmdb.org/t/p/w500/hZGnzDteMeiB8pXtB09NyQaZqEk.jpg,hi,0.0,Flop,5.301029995663981,0
Knock Out,2010,"Crime, Action, Thriller, Mystery",9000000,0,27,110,Sohail Maklai Entertainment Pvt Ltd,10,https://image.tmdb.org/t/p/w500/biCktF7ea5f16T8JITOpM6PeLLA.jpg,hi,-1.0,Flop,6.447158031342219,-9000000
Dulha Mil Gaya,2010,"Comedy, Drama, Romance",5600000,2700000,33,152,"Insight Productions, Morpheus Media Ventures, Intech Productions",1,https://image.tmdb.org/t/p/w500/2Gi6RJ0KEq8929qXHLE0OITyCCH.jpg,hi,-0.5178571428571429,Flop,6.531478917042255,-2900000
Payback,2010,"Action, Crime, Drama",3000000,2400000,1,132,,11,,hi,-0.2,Flop,5.301029995663981,-600000
Striker,2010,"Drama, Crime",0,0,3,124,"The Indian Film Company, Viacom18 Studios",2,https://image.tmdb.org/t/p/w500/mawcKti9BitQKGhqL6JG5CoT3Ka.jpg,hi,0.0,Flop,5.6020599913279625,0
Karthik Calling Karthik,2010,"Romance, Thriller",2800000,3900000,100,135,"Eros International, Excel Entertainment",2,https://image.tmdb.org/t/p/w500/8mIVy8A07asmB9vOSREI9x7kvSd.jpg,hi,0.39285714285714285,Average,7.004321373782643,1100000
Raavan,2010,"Action, Adventure, Crime, Drama, Romance, Thriller",4200000,4000000,27,138,"Madras Talkies, Reliance Entertainment",6,https://image.tmdb.org/t/p/w500/f7mdk7GTvRUUOb3enS60PGgEL8w.jpg,hi,-0.047619047619047616,Flop,6.447158031342219,-200000
Pyaar Impossible!,2010,"Comedy, Romance",0,0,39,140,Yash Raj Films,1,https://image.tmdb.org/t/p/w500/k8aqtzrGYLVZQTKgi7wU8Qg0Ikg.jpg,hi,0.0,Flop,6.6020599913279625,0
Crook,2010,"Action, Drama, Thriller",2500000,1800000,16,121,Vishesh Films,10,https://image.tmdb.org/t/p/w500/fR6fRSwxEPOKhm4LpYXBUu0duyC.jpg,hi,-0.28,Flop,6.230448921378274,-700000
Ishqiya,2010,"Thriller, Comedy",0,0,73,115,"Vishal Bhardwaj Pictures, Shemaroo Entertainment",1,https://image.tmdb.org/t/p/w500/zljQDSFyBvrhrzwJWNEOVyQzaIo.jpg,hi,0.0,Flop,6.869231719730976,0
Break Ke Baad,2010,"Drama, Comedy, Romance",2600000,427628,45,120,"Kunal Kohli Productions, Reliance Entertainment, Kunal Kohli Productions",11,https://image.tmdb.org/t/p/w500/uFrpvaP98ZBu0c6PxzmTqFZd4K8.jpg,hi,-0.8355276923076923,Flop,6.662757831681574,-2172372
Chance Pe Dance,2010,"Music, Romance, Drama",0,0,31,121,UTV Motion Pictures,1,https://image.tmdb.org/t/p/w500/ypnLRUuBiu6VxQAiYeBvmLrR4fL.jpg,hi,0.0,Flop,6.505149978319906,0
Paathshaala,2010,"Drama, Family",0,0,17,126,"Paperdoll Entertainment, Eros International",4,https://image.tmdb.org/t/p/w500/2MwfQpuOMCcN9D1vOnNNW1MgdTH.jpg,hi,0.0,Flop,6.2552725051033065,0
Teen Patti,2010,"Drama, Thriller",1000000,3900000,9,142,"Hinduja Ventures, Serendipity Films",2,https://image.tmdb.org/t/p/w500/t3k7qtufRawz2i8RUIMffUdV5bp.jpg,hi,2.9,Hit,6.0,2900000
"Road, Movie",2010,"Adventure, Comedy, Crime, Drama",0,0,10,95,"The Indian Film Company, Viacom18 Studios",3,https://image.tmdb.org/t/p/w500/kO2waE5hERjSuCzfYC4CLGUUJ9N.jpg,hi,0.0,Flop,6.041392685158225,0
Aashayein,2010,Drama,0,0,11,115,,8,https://image.tmdb.org/t/p/w500/dGkDAowxcCNbaNm1EGQEnDHmgXI.jpg,hi,0.0,Flop,6.079181246047625,0
Hum Tum Aur Ghost,2010,"Drama, Science Fiction",1900000,680000,3,135,"Movie Vision Entertainment, Shooting Stars Productions, Viacom18 Studios, The Indian Film Company",3,https://image.tmdb.org/t/p/w500/3R1sb05tSy8Xz0qcjH1Rw6zqHix.jpg,hi,-0.6421052631578947,Flop,5.6020599913279625,-1220000
Toonpur Ka Superrhero,2010,"Action, Adventure, Animation",0,0,12,107,"Big Screen Entertainment, Eros International",12,https://image.tmdb.org/t/p/w500/2apBkbLd19aivVAES4lboFeqtwC.jpg,hi,0.0,Flop,6.113943352306837,0
Lafangey Parindey,2010,"Action, Drama, Romance",4500000,5000000,22,126,Yash Raj Films,8,https://image.tmdb.org/t/p/w500/kJurtDFPuOaSYUJQvmvwGxL2ntP.jpg,hi,0.1111111111111111,Average,6.361727836017593,500000
Allah Ke Banday,2010,Drama,0,0,1,123,,11,https://image.tmdb.org/t/p/w500/yIOLcfw2NRxlHH8uB46BYNR9KWB.jpg,hi,0.0,Flop,5.301029995663981,0
Prem Kaa Game,2010,"Drama, Romance",0,0,0,131,"AKK Entertainment, PVR Inox Pictures",3,https://image.tmdb.org/t/p/w500/auYHADJOh0C31ymxpdrGsb6cVGx.jpg,hi,0.0,Flop,5.0,0
Khelein Hum Jee Jaan Sey,2010,"Action, Drama, History",0,0,9,183,"Ashutosh Gowariker Productions, Ashutosh Gowariker Productions, UTV Motion Pictures",12,https://image.tmdb.org/t/p/w500/dd4S6SmgSCAjx48AYunHoFlnwhn.jpg,hi,0.0,Flop,6.0,0
Help,2010,"Drama, Horror, Thriller",0,0,7,110,,8,https://image.tmdb.org/t/p/w500/1q6zOpQIa57GiixKZNf60LMo1R9.jpg,hi,0.0,Flop,5.903089986991944,0
Mirch,2010,"Drama, Romance",0,0,5,117,Reliance Entertainment,9,https://image.tmdb.org/t/p/w500/i5a2fn5HcfmCgTdVKBtIfBkqy9k.jpg,hi,0.0,Flop,5.778151250383644,0
Atithi Tum Kab Jaoge?,2010,Comedy,2100000,5400000,51,155,"Wide Frame Pictures, Panorama Studios, Warner Bros. Pictures",2,https://image.tmdb.org/t/p/w500/cia1gaHHjO626oSSH5Pf9hwbXN0.jpg,hi,1.5714285714285714,Hit,6.7160033436347994,3300000
Rakht Charitra,2010,"Action, Crime, Drama",390000,0,24,123,"Cinergy Pictures, Cloud Nine Movies",10,https://image.tmdb.org/t/p/w500/cPFW3LMUKUNfj5jaPJVPXZP5U06.jpg,hi,-1.0,Flop,6.3979400086720375,-390000
Phoonk 2,2010,"Horror, Thriller",0,0,4,110,Sarthak Movies,4,https://image.tmdb.org/t/p/w500/dH9L3SXVjUGTFlJixuIANNLP5ZZ.jpg,hi,0.0,Flop,5.698970004336019,0
Right Yaaa Wrong,2010,"Thriller, Crime, Drama",0,0,6,124,"Ikkon Pictures, Mukta Arts Ltd",3,https://image.tmdb.org/t/p/w500/jPqW3UwEGyCtYoHBMojjTdLwTZl.jpg,hi,0.0,Flop,5.845098040014257,0
Prince,2010,"Action, Science Fiction, Thriller",0,0,16,138,Tips Industries,4,https://image.tmdb.org/t/p/w500/dWKyB7hJ1SzyVjHoIQESx5lNzoM.jpg,hi,0.0,Flop,6.230448921378274,0
Lamhaa,2010,"Action, Thriller",0,0,7,115,,7,https://image.tmdb.org/t/p/w500/6NnWMtZGk0U9kHT9gKQIT7aV75s.jpg,hi,0.0,Flop,5.903089986991944,0
Hide & Seek,2010,"Horror, Thriller",0,0,5,96,,1,https://image.tmdb.org/t/p/w500/adpTAXIgxzkz7iOwzqP1nmf1EGW.jpg,hi,0.0,Flop,5.778151250383644,0
Tera Kya Hoga Johnny,2010,"Crime, Drama, Thriller",0,0,2,155,"Medient Studios, Pixion Studio",12,https://image.tmdb.org/t/p/w500/7p82P5RVqVsTBP9V0pBAdBK1ohC.jpg,hi,0.0,Flop,5.477121254719663,0
Milenge Milenge,2010,"Drama, Romance",0,0,16,144,"BSK Network and Entertainment, Eros International, Narsimha Enterprises, SK Films Enterprises, Sahara One Entertainment",7,https://image.tmdb.org/t/p/w500/ewb87d4vvJP9JSIPRt4nhJ8Lztr.jpg,hi,0.0,Flop,6.230448921378274,0
Bhavnao Ko Samjho,2010,Comedy,0,0,1,114,,1,https://image.tmdb.org/t/p/w500/wzIYOFwGjhQlwbDWE7Z68KL93zQ.jpg,hi,0.0,Flop,5.301029995663981,0
Khichdi: The Movie,2010,"Comedy, Family",0,0,19,120,Hats Off Productions,10,https://image.tmdb.org/t/p/w500/pe00dnjrldNryggGZyBQ6zon30U.jpg,hi,0.0,Flop,6.301029995663981,0
Rann,2010,"Drama, Thriller",7500000,2000000,18,145,"Cinergy Pictures, Viacom18 Studios, Vistaar Religare Film Fund",1,https://image.tmdb.org/t/p/w500/7obk53ZY4f1ljcmNXf2evNYZF9V.jpg,hi,-0.7333333333333333,Flop,6.278753600952829,-5500000
City of Gold,2010,"Drama, Crime",0,0,3,0,DAR Motion Pictures,4,https://image.tmdb.org/t/p/w500/1IMLJJ7sLqvA946nQndCk1mMxhu.jpg,hi,0.0,Flop,5.6020599913279625,0
Do Dooni Chaar,2010,"Drama, Comedy",0,0,29,111,"Planman Motion Pictures, Disney World Cinema",10,https://image.tmdb.org/t/p/w500/LeCB4YVGeabEEs0iuI4OapKrrX.jpg,hi,0.0,Flop,6.477121254719663,0
I Hate Luv Storys,2010,"Comedy, Drama, Romance",4400000,12000000,82,129,"Dharma Productions, UTV Motion Pictures",6,https://image.tmdb.org/t/p/w500/fNw2XEa4jKxQ5AURNU9JfgkeuUG.jpg,hi,1.7272727272727273,Hit,6.919078092376074,7600000
The Film Emotional Atyachar,2010,"Thriller, Comedy",663753,0,1,0,,9,https://image.tmdb.org/t/p/w500/cJDH85bYK7cqWUJ3JDC6ECGHlZc.jpg,hi,-1.0,Flop,5.301029995663981,-663753
Fired,2010,"Horror, Thriller",0,0,10,87,,1,https://image.tmdb.org/t/p/w500/pDyVWvdtbwCJU3yWRQZIhxiHCcQ.jpg,hi,0.0,Flop,6.041392685158225,0
Red Alert: The War Within,2010,"Drama, Action, Thriller, War",0,0,7,113,Star Entertainments,7,https://image.tmdb.org/t/p/w500/awP3RPNRP52M2gIr7mtBl6RwAyT.jpg,hi,0.0,Flop,5.903089986991944,0
Jhootha Hi Sahi,2010,"Drama, Romance",0,0,11,142,,10,https://image.tmdb.org/t/p/w500/d3j20TIls5bKHgzc7d0XOGbx1QR.jpg,hi,0.0,Flop,6.079181246047625,0
Rokkk,2010,"Thriller, Horror, Mystery",0,0,2,116,"Ikkon Films, Sumeet Arts",3,https://image.tmdb.org/t/p/w500/tm3nNniyNQeWhXWwbTIN4aC8t3r.jpg,hi,0.0,Flop,5.477121254719663,0
Dunno Y Na Jaane Kyun...,2010,"Drama, Romance",0,0,8,134,"Movies Masti Magic Studios, Shantketan Films",11,https://image.tmdb.org/t/p/w500/i5V3Ny58jLTf478NKPuQ9S5sbr7.jpg,hi,0.0,Flop,5.954242509439325,0
Road to Sangam,2010,Drama,0,0,3,135,Gipsy Films,1,https://image.tmdb.org/t/p/w500/pibPCFBxMQMyPFSj4RP4IeaR7Xp.jpg,hi,0.0,Flop,5.6020599913279625,0
Ada... A Way of Life,2010,"Action, Crime, Drama",0,0,0,121,Ahmad World Studios,12,https://image.tmdb.org/t/p/w500/mSK36NlifzFtzztdWZHTXDv0jb0.jpg,hi,0.0,Flop,5.0,0
Tum Milo Toh Sahi,2010,"Comedy, Drama",0,0,4,127,Fourth Wall Productions,3,https://image.tmdb.org/t/p/w500/rT5JdQLZNoJjbuq6Jq9IfuYUnqd.jpg,hi,0.0,Flop,5.698970004336019,0
Bumm Bumm Bole,2010,Drama,0,0,10,124,,5,https://image.tmdb.org/t/p/w500/swVBv5JcuzWKunrxphKGPQOY1Vh.jpg,hi,0.0,Flop,6.041392685158225,0
Life Express,2010,Drama,0,0,2,122,,9,https://image.tmdb.org/t/p/w500/dQuLOTiUSguJ9TuLeKbowwoDg0d.jpg,hi,0.0,Flop,5.477121254719663,0
Muskurake Dekh Zara,2010,Unknown,0,0,0,0,,3,https://image.tmdb.org/t/p/w500/lcTToTRiwEaBqtqT5ZSTygAnavf.jpg,hi,0.0,Flop,5.0,0
Bhoot and Friends,2010,"Drama, Action, Adventure, Horror",0,0,4,108,,12,https://image.tmdb.org/t/p/w500/NJvdA4uSFyXUhy1egI5nmvzwzG.jpg,hi,0.0,Flop,5.698970004336019,0
Phas Gaye Re Obama,2010,"Comedy, Crime",1312000,3061870,59,111,"Revel Films, Warner Bros. India",11,https://image.tmdb.org/t/p/w500/wdRVfwsdXpN7H4p8Ydnr90Ym5d3.jpg,hi,1.3337423780487805,Hit,6.778151250383644,1749870
The Waiting Room,2010,"Crime, Drama, Mystery",0,0,0,91,Alliance Media & Entertainment,1,,hi,0.0,Flop,5.0,0
I M 24,2010,Comedy,0,0,1,114,Planman Motion Pictures,10,https://image.tmdb.org/t/p/w500/tEL8llpeGNyoxXgtvojTCyKp0cj.jpg,hi,0.0,Flop,5.301029995663981,0
Khuda Kasam,2010,"Action, Drama",0,0,0,0,,10,https://image.tmdb.org/t/p/w500/cDqldKi5bIUrNv9GQfDdIcTESa1.jpg,hi,0.0,Flop,5.0,0
Tere Bin Laden,2010,Comedy,0,0,57,104,,7,https://image.tmdb.org/t/p/w500/9L1SPbw0UCvEQ36qYote2lVfTm5.jpg,hi,0.0,Flop,6.763427993562937,0
"Shahrukh Bola ""Khoobsurat Hai Tu""",2010,"Comedy, Drama",0,0,0,89,RSB Films,11,https://image.tmdb.org/t/p/w500/lCT6PxckFPN16d0rrL5HAk42s4s.jpg,hi,0.0,Flop,5.0,0
My Friend Ganesha 3,2010,"Drama, Animation, Comedy",0,0,1,125,,3,,hi,0.0,Flop,5.301029995663981,0
Open Doors,2010,Drama,0,0,2,15,,1,https://image.tmdb.org/t/p/w500/2jr6UAZkGgvGV3VOX3ri5MFTWPu.jpg,hi,0.0,Flop,5.477121254719663,0
Ramaa: The Saviour,2010,"Adventure, Animation, Drama, Action, Family",0,0,2,140,,11,https://image.tmdb.org/t/p/w500/1jtcxOhVWnMwxCmLCvVuKNOWkjn.jpg,hi,0.0,Flop,5.477121254719663,0
Well Done Abba,2010,Comedy,0,0,6,144,,9,https://image.tmdb.org/t/p/w500/21bMe3DvLiVRJ1Y3uCl2St2Z59B.jpg,hi,0.0,Flop,5.845098040014257,0
Bodyguard,2011,"Drama, Action, Romance",0,0,154,134,"Reel Life Productions, Reliance Entertainment, Funky Buddha Productions",8,https://image.tmdb.org/t/p/w500/12VEUEHebd9ydQs0Y4ikzb179LY.jpg,hi,0.0,Flop,7.190331698170292,0
I Am,2011,"Documentary, Drama",0,0,11,106,,4,https://image.tmdb.org/t/p/w500/lvCg5UxGJrn2TMK13tHaLpj72i9.jpg,hi,0.0,Flop,6.079181246047625,0
The Dirty Picture,2011,"Comedy, Drama",2600000,17000000,85,144,"Balaji Motion Pictures, Cult Movies",12,https://image.tmdb.org/t/p/w500/oebs05w6hggeleB0F28uerrzvkq.jpg,hi,5.538461538461538,Hit,6.9344984512435675,14400000
Gattu,2011,Drama,0,0,4,90,,11,https://image.tmdb.org/t/p/w500/rXUY6OOTFaX88OVTIqT3DLvNCup.jpg,hi,0.0,Flop,5.698970004336019,0
Chaloo Movie,2011,Unknown,0,0,2,90,,12,https://image.tmdb.org/t/p/w500/2gT3nGbv93jNhZKS2MuQz7aI0cM.jpg,hi,0.0,Flop,5.477121254719663,0
Mummy Punjabi,2011,Unknown,0,0,1,116,,8,https://image.tmdb.org/t/p/w500/yZN8FLm0nTJTiiI9BNOx9IVkS6E.jpg,hi,0.0,Flop,5.301029995663981,0
Ragini MMS,2011,"Drama, Horror, Mystery",0,0,37,93,,5,https://image.tmdb.org/t/p/w500/eABMkxPnI3Rfkv0qJw0XyuXQ2iC.jpg,hi,0.0,Flop,6.57978359661681,0
Chalo Dilli,2011,Comedy,0,0,21,115,"Big Daddy Productions, Eros International Media, Bheegi Basanti Entertainment",4,https://image.tmdb.org/t/p/w500/9IAHOSZpWxyHbK40WmUFJq2Bwuh.jpg,hi,0.0,Flop,6.342422680822207,0
Loot,2011,"Comedy, Crime",0,0,4,0,,11,https://image.tmdb.org/t/p/w500/7TAq98pSM3ObTkpkZsedvhnLTMW.jpg,hi,0.0,Flop,5.698970004336019,0
Be-Careful,2011,Unknown,0,0,2,96,,10,https://image.tmdb.org/t/p/w500/a9ze8y6N6uSSxlRHoApN1Wr5l5v.jpg,hi,0.0,Flop,5.477121254719663,0
Noise,2011,Drama,0,0,0,17,Anurag Kashyap Films,8,https://image.tmdb.org/t/p/w500/8hA48UPN835hT0VW4qJSiDEBkQ0.jpg,hi,0.0,Flop,5.0,0
Zindagi Na Milegi Dobara,2011,"Drama, Comedy, Romance",7700000,160000000,396,154,"Excel Entertainment, Eros International, KanZaman Productions",7,https://image.tmdb.org/t/p/w500/hKO9O715wYxjkQSEv47giCYcyO8.jpg,hi,19.77922077922078,Hit,7.598790506763115,152300000
Rockstar,2011,"Drama, Music, Romance",10920000,19660000,215,159,"Eros International, Shree Ashtavinayak Cine Vision",11,https://image.tmdb.org/t/p/w500/cJZC9riwrdATBUonkZJZD6y9g40.jpg,hi,0.8003663003663004,Average,7.334453751150931,8740000
Ra.One,2011,"Adventure, Action, Science Fiction",24000000,35911689,362,156,"Red Chillies Entertainment, Eros International, Prime Focus",10,https://image.tmdb.org/t/p/w500/qwC3rbgCI0frJpRxVm74Ak3ktpU.jpg,hi,0.496320375,Average,7.559906625036112,11911689
Force,2011,"Action, Crime, Drama, Thriller",0,0,47,137,,9,https://image.tmdb.org/t/p/w500/ozSxdP967hxbyMcnLVNSzRzwaPv.jpg,hi,0.0,Flop,6.681241237375588,0
Delhi Belly,2011,"Action, Comedy",4090000,18035000,202,102,"UTV Motion Pictures, Aamir Khan Productions",7,https://image.tmdb.org/t/p/w500/7FMYqomLfFnVhsA7PnWX0GLEB0O.jpg,hi,3.4095354523227384,Hit,7.307496037913213,13945000
Don 2,2011,"Action, Thriller",11000000,2900000,258,139,"Excel Entertainment, Red Chillies Entertainment, Landmark Productions, Pixion Studio",12,https://image.tmdb.org/t/p/w500/2gBM8c36HIwn4vc2UuMeliqiCKY.jpg,hi,-0.7363636363636363,Flop,7.413299764081252,-8100000
Hostel,2011,"Drama, Action, Crime",0,0,21,155,,1,https://image.tmdb.org/t/p/w500/wL91L05ONOOv5965sTxWVYbJGZZ.jpg,hi,0.0,Flop,6.342422680822207,0
Ready,2011,"Action, Comedy",5800000,27000000,99,140,Sohail Khan Production,6,https://image.tmdb.org/t/p/w500/umfKMUkXXPfMUoOq60nXjDbQOCL.jpg,hi,3.6551724137931036,Hit,7.0,21200000
Singham,2011,"Drama, Action, Crime",4800000,30000000,175,143,Reliance Entertainment,7,https://image.tmdb.org/t/p/w500/pggLRaurdWwjqX2vkhKIVQSBjXV.jpg,hi,5.25,Hit,7.24551266781415,25200000
Desi Boyz,2011,"Comedy, Drama",0,0,106,122,"Eros International, Next Gen Films",11,https://image.tmdb.org/t/p/w500/2Tga4SJQTKSENOISM5CRIb240LR.jpg,hi,0.0,Flop,7.02938377768521,0
Thank You,2011,Comedy,13100000,4100000,59,140,"UTV Motion Pictures, Hari Om Entertainment",4,https://image.tmdb.org/t/p/w500/1jz15NthZjMHG8sKajS6D6QJkeb.jpg,hi,-0.6870229007633588,Flop,6.778151250383644,-9000000
Shaitan,2011,"Action, Crime, Drama, Thriller",1700000,6100000,49,126,"Anurag Kashyap Films, Bohra Bros Productions, Getaway Films Private Limited, Viacom18 Studios",6,https://image.tmdb.org/t/p/w500/4X9wr1tnwPY0MPlf3MHtJBggdlA.jpg,hi,2.588235294117647,Hit,6.698970004336019,4400000
Yeh Dooriyan,2011,"Drama, Romance",0,0,3,107,,8,https://image.tmdb.org/t/p/w500/lYKEJDqWnjzcya8TXZ4axc3o3HD.jpg,hi,0.0,Flop,5.6020599913279625,0
I Am Singh,2011,"Crime, Drama, Action",0,0,1,150,"Nahar & Puneet Moviez, 3-Dimension Films",1,,hi,0.0,Flop,5.301029995663981,0
Patang,2011,Drama,0,0,4,93,,7,https://image.tmdb.org/t/p/w500/kSppGBAjNtJgoQ67CZtLDO14fAq.jpg,hi,0.0,Flop,5.698970004336019,0
Murder 2,2011,"Action, Crime, Drama, Thriller",0,0,51,127,"Vishesh Films, Prime Focus",7,https://image.tmdb.org/t/p/w500/y0Nb0eN5ybRX3j4uMyk5NN96ugl.jpg,hi,0.0,Flop,6.7160033436347994,0
Dum Maaro Dum,2011,"Action, Crime, Thriller",4800000,8400000,34,130,"Ramesh Sippy Enterprises, Cheyenne Enterprises, Fox Star Studios, Louverture Films, Fox International Productions",4,https://image.tmdb.org/t/p/w500/uzqKhhSA6ypWwqsnZSwCs7C42sb.jpg,hi,0.75,Average,6.544068044350276,3600000
Impatient Vivek,2011,"Comedy, Drama, Romance",0,0,1,109,,1,https://image.tmdb.org/t/p/w500/h7RdvMmZklRFMW4s34mslEK2guL.jpg,hi,0.0,Flop,5.301029995663981,0
Soul of Sand,2011,"Drama, Mystery, Thriller",0,0,3,99,,1,https://image.tmdb.org/t/p/w500/zPXDv5yFNJMJ2cPLX6A1vzgKI5Y.jpg,hi,0.0,Flop,5.6020599913279625,0
Bhindi Baazaar Inc,2011,"Crime, Drama, Thriller",0,0,5,157,,6,https://image.tmdb.org/t/p/w500/yVyFneXVIQDJqhVML5zGbK92HvO.jpg,hi,0.0,Flop,5.778151250383644,0
Shor in the City,2011,"Crime, Drama",0,0,28,107,"Cult Movies, Balaji Motion Pictures",4,https://image.tmdb.org/t/p/w500/ivBODI3DCKviepb7WdRqUvUU2Fb.jpg,hi,0.0,Flop,6.462397997898956,0
Always Kabhi Kabhi,2011,"Comedy, Crime, Drama, Romance",0,0,10,126,"Red Chillies Entertainment, Eros International",6,https://image.tmdb.org/t/p/w500/JXS3QQMIZVWZGyjy6fXzcC520Z.jpg,hi,0.0,Flop,6.041392685158225,0
Game,2011,"Mystery, Thriller",0,0,43,135,"Excel Entertainment, Eros International",4,https://image.tmdb.org/t/p/w500/nB8jtWGzFuYGRY1Dkbtf23dxbap.jpg,hi,0.0,Flop,6.643452676486188,0
Aarakshan,2011,"Drama, Thriller",6100000,7900000,41,164,"Base Industries Group, Prakash Jha Productions",8,https://image.tmdb.org/t/p/w500/accK9eB8qVpuxY3MdIK1RzFotTt.jpg,hi,0.29508196721311475,Average,6.623249290397901,1800000
Stanley Ka Dabba,2011,"Comedy, Family",0,0,51,96,Fox Star Studios,5,https://image.tmdb.org/t/p/w500/6ivNFQZCg7ZeDtPK900DD4iwPSc.jpg,hi,0.0,Flop,6.7160033436347994,0
7 Khoon Maaf,2011,"Drama, Mystery, Thriller",2200000,2900000,51,148,Vishal Bhardwaj Pictures,2,https://image.tmdb.org/t/p/w500/aLJEqWXMqdboAOee3C4zGl6UFf1.jpg,hi,0.3181818181818182,Average,6.7160033436347994,700000
Double Dhamaal,2011,"Comedy, Crime",0,0,46,140,"Maruti International, Reliance Entertainment",6,https://image.tmdb.org/t/p/w500/ysGYrjeAdIXZULLVdGzwliqGHyU.jpg,hi,0.0,Flop,6.672097857935718,0
Pyaar Ka Punchnama,2011,"Drama, Comedy, Romance",1400000,7200000,94,149,,5,https://image.tmdb.org/t/p/w500/vKCuXtM3hpsm9kLu1Jlg5E79owb.jpg,hi,4.142857142857143,Hit,6.977723605288848,5800000
Mausam,2011,"Romance, Drama",0,725966,37,161,"Cinergy Pictures, Vistaar Religare Film Fund",9,https://image.tmdb.org/t/p/w500/dxk7w6CDQLc1yjkZZCiGdusU0n1.jpg,hi,0.0,Flop,6.57978359661681,725966
Patiala House,2011,Drama,3000000,4100000,61,140,"Hari Om Entertainment, T-Series",1,https://image.tmdb.org/t/p/w500/16Q863XEtms2HH8LaCZQmp3tRoz.jpg,hi,0.36666666666666664,Average,6.792391689498254,1100000
Nirvana 13,2011,Drama,0,0,0,95,,10,https://image.tmdb.org/t/p/w500/qki6LdiPx4dDKHI3VgoJhvEBcgP.jpg,hi,0.0,Flop,5.0,0
Chillar Party,2011,"Drama, Comedy, Family",0,0,61,140,"UTV Spotboy Motion Pictures, SKBH Productions",7,https://image.tmdb.org/t/p/w500/8YiD2WbKltx1XzpWZ83sNIUttGX.jpg,hi,0.0,Flop,6.792391689498254,0
Ladies VS. Ricky Bahl,2011,"Comedy, Drama, Romance",0,328870,81,140,Yash Raj Films,12,https://image.tmdb.org/t/p/w500/3PxKzBv4hr7rKjofcCiMRnwx4AT.jpg,hi,0.0,Flop,6.913813852383717,328870
Haunted-3D,2011,"Horror, Thriller",0,0,46,143,,5,https://image.tmdb.org/t/p/w500/enab9pHxda3bcaRpPDAnIJv1voa.jpg,hi,0.0,Flop,6.672097857935718,0
Mere Brother Ki Dulhan,2011,"Drama, Comedy, Romance",5510000,18050000,80,139,Yash Raj Films,9,https://image.tmdb.org/t/p/w500/xPOnbPiAVkRu6GIHDnsyRl3Kb0K.jpg,hi,2.2758620689655173,Hit,6.9084850188786495,12540000
Love Breakups Zindagi,2011,"Comedy, Romance",0,0,8,150,"Born Free Entertainment, Sahara One Motion Pictures",10,https://image.tmdb.org/t/p/w500/iS8iOSdhMx9W6A8yPBCsb1tIH5S.jpg,hi,0.0,Flop,5.954242509439325,0
Yeh Saali Zindagi,2011,Thriller,0,0,23,130,,2,https://image.tmdb.org/t/p/w500/bbJ8UP16wjesxRo4l0oksoMqDm8.jpg,hi,0.0,Flop,6.380211241711606,0
Dil Toh Baccha Hai Ji,2011,"Drama, Comedy, Romance",2600000,5700000,35,146,"Bhandarkar Entertainment, Wide Frame Pictures",1,https://image.tmdb.org/t/p/w500/f0J9E4BuhliUAtEsNdKSUcRkBPt.jpg,hi,1.1923076923076923,Hit,6.556302500767288,3100000
Mujhse Fraaandship Karoge,2011,"Drama, Comedy, Romance",0,0,20,106,Y-Films,10,https://image.tmdb.org/t/p/w500/oew8lhCSVVw44vttJ8vCFVdyfHn.jpg,hi,0.0,Flop,6.3222192947339195,0
Saheb Biwi Aur Gangster,2011,"Drama, Action, Thriller, Crime, Romance",0,0,27,119,"Brandsmith Motion Pictures, Tigmanshu Dhulia Films",9,https://image.tmdb.org/t/p/w500/wadMSZ16EMmJkMcVwKapF6XaYwb.jpg,hi,0.0,Flop,6.447158031342219,0
Rascals,2011,Comedy,6500000,7100000,26,128,"Rupali Aum Entertainment, Sanjay Dutt Productions",10,https://image.tmdb.org/t/p/w500/qmxNVBW0Yl4pVeo6jjVFlMS7RJC.jpg,hi,0.09230769230769231,Average,6.431363764158988,600000
No One Killed Jessica,2011,"Crime, Drama",0,634297,83,136,UTV Spotboy Motion Pictures,1,https://image.tmdb.org/t/p/w500/oIFJXzzfG2sRxCn1T03WVN0gl9v.jpg,hi,0.0,Flop,6.924279286061882,634297
Bbuddah Hoga Terra Baap,2011,"Action, Thriller",2230000,0,34,118,,7,https://image.tmdb.org/t/p/w500/yatGTB5sPpVySH7LqAALljmeeR5.jpg,hi,-1.0,Flop,6.544068044350276,-2230000
He...,2011,Unknown,0,0,0,105,National Film Development Corporation of India,2,https://image.tmdb.org/t/p/w500/yYZ1bjqGSuSs1mER4sAGGoBOtKV.jpg,hi,0.0,Flop,5.0,0
Luv Ka The End,2011,"Comedy, Drama",0,0,17,106,Y-Films,5,https://image.tmdb.org/t/p/w500/sJ1jSKqc4iXIHsWVFzpgxV6Y0Sy.jpg,hi,0.0,Flop,6.2552725051033065,0
Naughty @ 40,2011,"Comedy, Drama",0,0,2,108,"Gangani Multimedia, Srishti Creations",4,https://image.tmdb.org/t/p/w500/mwKGjpYXFUfIjwCJE1Ranpxnu8f.jpg,hi,0.0,Flop,5.477121254719663,0
Zokkomon,2011,"Action, Adventure, Family",0,0,6,109,Disney World Cinema,4,https://image.tmdb.org/t/p/w500/ub1NcqnUrXfRbRudmehCoUa2aix.jpg,hi,0.0,Flop,5.845098040014257,0
Tanu Weds Manu,2011,"Comedy, Romance, Drama",400000,252000,104,119,"Sanjay Singh Films, Viacom18 Studios, Soundarya production",2,https://image.tmdb.org/t/p/w500/jSp16ilrwEyeBorFcBdFtYjhMUr.jpg,hi,-0.37,Flop,7.021189299069938,-148000
Utt Pataang,2011,"Comedy, Romance",0,0,1,96,,2,https://image.tmdb.org/t/p/w500/29N2q1eECl20Xj3SEN0qOOnojmG.jpg,hi,0.0,Flop,5.301029995663981,0
Not a Love Story,2011,"Crime, Drama, Thriller",0,0,11,104,"Bohra Bros Productions, Paramhans Creations, Shreya Productions",8,https://image.tmdb.org/t/p/w500/fTenAYOVzLqi5yM4tOqoxxtjcXJ.jpg,hi,0.0,Flop,6.079181246047625,0
Teen Thay Bhai,2011,"Comedy, Drama",0,0,3,125,,4,https://image.tmdb.org/t/p/w500/3iTpHP9Gcu8k4mNBVvzKRCdrtsj.jpg,hi,0.0,Flop,5.6020599913279625,0
Miley Naa Miley Hum,2011,"Comedy, Drama, Romance",0,0,4,115,Maverick Productions,11,https://image.tmdb.org/t/p/w500/1VsnK2wQCHhcN3cO13zNNjXjLqH.jpg,hi,0.0,Flop,5.698970004336019,0
Yamla Pagla Deewana,2011,"Music, Action, Comedy, Drama, Romance",0,0,39,160,NH Studioz,1,https://image.tmdb.org/t/p/w500/1Po2YSBz2vloFxjYbs3CNO7I1vf.jpg,hi,0.0,Flop,6.6020599913279625,0
Kucch Luv Jaisaa,2011,"Drama, Crime",0,0,4,102,,5,https://image.tmdb.org/t/p/w500/naLQclim2cELtKmKXUco0QwEXi2.jpg,hi,0.0,Flop,5.698970004336019,0
Angel,2011,"Drama, Romance",0,0,4,118,,2,https://image.tmdb.org/t/p/w500/2uEnDEVPmIh3yL0EA4Z46kTxoLr.jpg,hi,0.0,Flop,5.698970004336019,0
Zabardast,2011,"Adventure, Comedy",0,0,1,98,,5,https://image.tmdb.org/t/p/w500/9W1UaMIKS2UVlldxCALb8GLsmf7.jpg,hi,0.0,Flop,5.301029995663981,0
The Golden Bird,2011,Science Fiction,0,0,1,55,,9,https://image.tmdb.org/t/p/w500/aCKmsKRxnaRkyaz6TPFJumb4fc3.jpg,hi,0.0,Flop,5.301029995663981,0
Sahi Dhandhe Galat Bande,2011,"Action, Comedy, Drama",0,0,2,120,,8,https://image.tmdb.org/t/p/w500/7DrTNMIKAep8Zc0R1wORuQwqyjU.jpg,hi,0.0,Flop,5.477121254719663,0
Jo Hum Chahein,2011,Romance,0,0,2,0,,12,https://image.tmdb.org/t/p/w500/bPJ0p8DDu1YVgddg9fhBSIOXLzW.jpg,hi,0.0,Flop,5.477121254719663,0
Shagird,2011,"Drama, Action, Crime",0,0,11,128,Reliance Entertainment,5,https://image.tmdb.org/t/p/w500/k7RiRBHpFBJp2AVSBWYrdXgYxrA.jpg,hi,0.0,Flop,6.079181246047625,0
Shabri,2011,"Crime, Drama, Action",0,0,3,129,Reliance Entertainment,11,https://image.tmdb.org/t/p/w500/v9JcUoBO4AOZS08BPyW3QncPkHe.jpg,hi,0.0,Flop,5.6020599913279625,0
F.A.L.T.U.,2011,Comedy,0,0,19,120,Pooja Entertainment,4,https://image.tmdb.org/t/p/w500/9Tvhk4DZieGiDezkzsKLSpVWN8.jpg,hi,0.0,Flop,6.301029995663981,0
Chala Mussaddi - Office Office,2011,"Drama, Comedy",0,0,4,100,,8,https://image.tmdb.org/t/p/w500/h3mZNHQRXMbkurrqHJMkDA6UINC.jpg,hi,0.0,Flop,5.698970004336019,0
Aashiqui.in,2011,"Drama, Romance",0,0,1,109,,2,https://image.tmdb.org/t/p/w500/mGAMfiIydvClHZ9QYDfUxEmeHkV.jpg,hi,0.0,Flop,5.301029995663981,0
Bheja Fry 2,2011,"Drama, Comedy",0,0,17,130,,6,https://image.tmdb.org/t/p/w500/oczOWHlWBI12q45w0aylhCB1f3.jpg,hi,0.0,Flop,6.2552725051033065,0
Bureaucracy Sonata,2011,"Comedy, Drama",0,0,0,26,,1,https://image.tmdb.org/t/p/w500/ishl8JW4lg9IhN5PnOtEkpqCOX0.jpg,hi,0.0,Flop,5.0,0
Khushiyaan,2011,Family,0,0,2,130,"Kanhiya Film Productions, Eros International",10,https://image.tmdb.org/t/p/w500/qrKSYCsUcsMDBg8PTKJFuaaLYTB.jpg,hi,0.0,Flop,5.477121254719663,0
Monica,2011,"Drama, Thriller",0,0,2,124,ARK Widescreen Films,3,https://image.tmdb.org/t/p/w500/4H4QU5EHSEZtJImD3K1lTOTsE7.jpg,hi,0.0,Flop,5.477121254719663,0
Chhota Bheem: Journey to Petra,2011,"Animation, Adventure",0,0,0,67,Green Gold Animation,5,https://image.tmdb.org/t/p/w500/2vd5nvmHDrhPrCZ68duzo5dbdLs.jpg,hi,0.0,Flop,5.0,0
Hum Tum Shabana,2011,"Comedy, Romance",0,0,5,0,,9,https://image.tmdb.org/t/p/w500/lMRpSnvCSv8LGyEB3xcuMJCEk3L.jpg,hi,0.0,Flop,5.778151250383644,0
Chhota Bheem and Krishna: Mayanagari,2011,"Animation, TV Movie",0,0,5,66,Green Gold Animation,9,https://image.tmdb.org/t/p/w500/bfr1AlNOmDbsFJKTxJhDB9dCTJk.jpg,hi,0.0,Flop,5.778151250383644,0
Soundtrack,2011,Drama,0,0,5,132,"Saregama Productions, Indie Ideas",10,https://image.tmdb.org/t/p/w500/5p2cDmyZ1K1KMbaI2uofQX7WS7X.jpg,hi,0.0,Flop,5.778151250383644,0
Tripura,2011,"Animation, Drama",0,0,0,79,,1,https://image.tmdb.org/t/p/w500/98ieuXrTQarzi2KZftwvkqTZuo2.jpg,hi,0.0,Flop,5.0,0
The Desire: A Journey of a Woman,2011,"Drama, Music, Romance",0,0,1,81,,8,https://image.tmdb.org/t/p/w500/4HiazLrfJLuXKCMkyPiX1woPlYx.jpg,hi,0.0,Flop,5.301029995663981,0
404: Error Not Found,2011,"Drama, Mystery, Thriller",0,0,20,121,,5,https://image.tmdb.org/t/p/w500/1B1jyibEUknWeeoUc5OpsitQyAO.jpg,hi,0.0,Flop,6.3222192947339195,0
Bubble Gum,2011,Drama,121890,0,2,116,Koncept Infotenment Pvt. Ltd.,7,https://image.tmdb.org/t/p/w500/iDNKtCRos2Weeonet6ipB1l4LCZ.jpg,hi,-1.0,Flop,5.477121254719663,-121890
Trapped in Tradition: Rivaaz,2011,Drama,0,0,4,120,,9,https://image.tmdb.org/t/p/w500/ziN0z4kNBsYhBiSBIPjiHYFjOY8.jpg,hi,0.0,Flop,5.698970004336019,0
Krishna Balram : Kalvakra Returns,2011,"Animation, Action, Adventure",0,0,4,68,Green Gold Animation,12,https://image.tmdb.org/t/p/w500/2fFOa8jZelgHH4ICm8i9Jta5KTw.jpg,hi,0.0,Flop,5.698970004336019,0
Love Express,2011,"Comedy, Drama",0,0,0,0,,6,https://image.tmdb.org/t/p/w500/te4NyW0sCqerDEc2N2g3RW5ijvB.jpg,hi,0.0,Flop,5.0,0
Jaanleva,2011,"Thriller, Mystery",0,0,0,0,,12,,hi,0.0,Flop,5.0,0
Tell Me O Kkhuda,2011,Family,0,0,3,130,H. M. Creations,10,https://image.tmdb.org/t/p/w500/xTkh2sPbQjKxj0QblitCr0wBdvV.jpg,hi,0.0,Flop,5.6020599913279625,0
Gandhi to Hitler,2011,Unknown,0,0,2,108,,7,https://image.tmdb.org/t/p/w500/lFbJof90OPImS1lvCYhORnFiibZ.jpg,hi,0.0,Flop,5.477121254719663,0
A Strange Love Story,2011,Drama,0,0,1,120,,5,https://image.tmdb.org/t/p/w500/vbiG4ZSGoAzBtqTgZlVaXKOQXzz.jpg,hi,0.0,Flop,5.301029995663981,0
I Am,2011,Unknown,0,0,2,75,,4,https://image.tmdb.org/t/p/w500/bADgcZ7K2VjlCus0qfhWV22Fs2z.jpg,hi,0.0,Flop,5.477121254719663,0
Who's There?,2011,"Horror, Thriller",0,0,1,109,,11,https://image.tmdb.org/t/p/w500/9W2kjrwMRGbisrlrzlfqeawL06S.jpg,hi,0.0,Flop,5.301029995663981,0
Michael,2011,"Drama, Thriller",0,0,4,97,Viacom18 Studios,9,https://image.tmdb.org/t/p/w500/eJurvojUZoQZFAaNGRIb67x2RRW.jpg,hi,0.0,Flop,5.698970004336019,0
B.A. Pass,2012,Drama,0,0,41,95,,8,https://image.tmdb.org/t/p/w500/5KiuF1VdtjFXTp7aeYsGyFcKa7O.jpg,hi,0.0,Flop,6.623249290397901,0
Student Of The Year,2012,"Comedy, Drama, Romance",8391922,13749809,187,146,"Dharma Productions, Red Chillies Entertainment",10,https://image.tmdb.org/t/p/w500/yQIph97KwXmMiXu1kOWPj065P8J.jpg,hi,0.6384576739392954,Average,7.27415784926368,5357887
Blood Money,2012,"Drama, Action, Thriller",0,0,9,110,"Vishesh Films, Viacom18 Studios",3,https://image.tmdb.org/t/p/w500/oX09oi63n3xlmaej3OvtA6PBQ4A.jpg,hi,0.0,Flop,6.0,0
Agent Vinod,2012,"Action, Adventure, Thriller, Romance",0,698210,65,157,"Illuminati Films Pvt Ltd, Illuminati Films",3,https://image.tmdb.org/t/p/w500/y1GOWhrtXHidZGGsNMJiB8r5CIp.jpg,hi,0.0,Flop,6.819543935541869,698210
Ishaqzaade,2012,"Drama, Action, Romance",0,0,72,132,Yash Raj Films,5,https://image.tmdb.org/t/p/w500/vbjG5AwV0uBFxTNqiJbr2rh4ohV.jpg,hi,0.0,Flop,6.863322860120456,0
Hate Story,2012,"Drama, Thriller",1300000,2300000,42,140,BVG Films,4,https://image.tmdb.org/t/p/w500/ncpbVw0I5rzbfMJvHIAqmZuHkg5.jpg,hi,0.7692307692307693,Average,6.633468455579586,1000000
Jannat 2,2012,"Action, Romance",0,0,30,134,"Fox Star Studios, Vishesh Films",5,https://image.tmdb.org/t/p/w500/2nQgcZb9hGzU2Dz8cYC5JoxkYBi.jpg,hi,0.0,Flop,6.491361693834273,0
1920: Evil Returns,2012,"Thriller, Horror, Romance",0,0,137,130,ASA Productions and Enterprises,11,https://image.tmdb.org/t/p/w500/mGxYnL1fjDdzSbIowzyQTc4QNjY.jpg,hi,0.0,Flop,7.139879086401237,0
Vicky Donor,2012,"Comedy, Romance",700000,0,188,122,"Eros International, JA Entertainment",4,https://image.tmdb.org/t/p/w500/u8AO7DgcVYkVSXeU7oQdlhMFwcN.jpg,hi,-1.0,Flop,7.276461804173245,-700000
Ship of Theseus,2012,Drama,0,0,63,143,Recyclewala Films,9,https://image.tmdb.org/t/p/w500/t75n1cm3uZXl4WQj8U9UcfBRmWC.jpg,hi,0.0,Flop,6.8061799739838875,0
Khiladi 786,2012,"Action, Comedy",0,126,46,139,Hari Om Entertainment,12,https://image.tmdb.org/t/p/w500/3chNHVi7j0jmUvJ1k7n2EYPfFmC.jpg,hi,0.0,Flop,6.672097857935718,126
Heroine,2012,Drama,0,0,43,140,,9,https://image.tmdb.org/t/p/w500/v1QyMNUpbWJwrU0OlI3uLivrENZ.jpg,hi,0.0,Flop,6.643452676486188,0
Chittagong,2012,"War, Action, Drama",690000,0,18,105,Jonai Productions,10,https://image.tmdb.org/t/p/w500/2YUIg8P4rJnoXoZMF30mmteoIdf.jpg,hi,-1.0,Flop,6.278753600952829,-690000
Bol Bachchan,2012,"Comedy, Action",6300000,21000000,72,155,Fox Star Studios,7,https://image.tmdb.org/t/p/w500/9k3qk8dmvawAWE34MpRAWkfwnKJ.jpg,hi,2.3333333333333335,Hit,6.863322860120456,14700000
Janleva 555,2012,"Music, Romance, Thriller",0,0,1,140,,10,https://image.tmdb.org/t/p/w500/gDZMk89cbEM7zt0LlNso4QZ4uld.jpg,hi,0.0,Flop,5.301029995663981,0
Chhota Bheem: The Rise of Kirmada,2012,"Animation, TV Movie, Action",0,0,3,68,Green Gold Animation,11,https://image.tmdb.org/t/p/w500/cunykbDmy7ExMMi6J7vEffOZy3G.jpg,hi,0.0,Flop,5.6020599913279625,0
Teri Meri Kahaani,2012,"Comedy, Drama, Romance",0,0,35,117,"Kunal Kohli Productions, Eros International",6,https://image.tmdb.org/t/p/w500/rUo1qX8RklC3FfKnkYAXffSAQ1O.jpg,hi,0.0,Flop,6.556302500767288,0
Department,2012,"Action, Thriller",3200000,4800000,9,141,Dreamforce Enterprise,5,https://image.tmdb.org/t/p/w500/jhCneije4SDj6aW1phk2TkbzYbx.jpg,hi,0.5,Average,6.0,1600000
Paan Singh Tomar,2012,"Crime, Drama",0,0,138,135,"UTV Motion Pictures, UTV Spotboy Motion Pictures",3,https://image.tmdb.org/t/p/w500/ii2KMVvGmcmJrqwYcT5nKn92bD5.jpg,hi,0.0,Flop,7.143014800254095,0
Tezz,2012,"Drama, Action, Thriller",7500000,3800000,26,121,Venus Records & Tapes,4,https://image.tmdb.org/t/p/w500/iokEa7lggQqReHkj9rs27m07Jt1.jpg,hi,-0.49333333333333335,Flop,6.431363764158988,-3700000
Raaz 3,2012,"Horror, Thriller",3600000,14000000,40,139,"Fox Star Studios, Vishesh Films",9,https://image.tmdb.org/t/p/w500/nOsWrm2IbH9mwIRBvhH7mFjmS5q.jpg,hi,2.888888888888889,Hit,6.6127838567197355,10400000
Arjun: The Warrior Prince,2012,"Action, Animation",0,0,36,96,"UTV Motion Pictures, Disney World Cinema",5,https://image.tmdb.org/t/p/w500/bbyNAeBppsHUE0ki5BgikCdb6s.jpg,hi,0.0,Flop,6.568201724066995,0
The Forest,2012,"Drama, Horror, Thriller",0,0,2,88,"Alipur Films, Alipur Films India",5,https://image.tmdb.org/t/p/w500/fpOKqXLGuAW04u3bhLfR1qRCM9E.jpg,hi,0.0,Flop,5.477121254719663,0
Ferrari Ki Sawaari,2012,"Family, Comedy",0,0,34,140,Vidhu Vinod Chopra Productions,6,https://image.tmdb.org/t/p/w500/htmR4Id9iS0p7CIpLUKRlslwoZ0.jpg,hi,0.0,Flop,6.544068044350276,0
Krishna and Kamsa,2012,"Drama, Animation, Action",0,0,7,117,"Reliance MediaWorks, Reliance Animation, Reliance Entertainment",8,https://image.tmdb.org/t/p/w500/dH4YP32bNNFjywDGsQJzJ73JrQd.jpg,hi,0.0,Flop,5.903089986991944,0
Makkhi,2012,Unknown,0,0,0,30,,1,https://image.tmdb.org/t/p/w500/f7AVyO7WIuHpdSVoCEbbVleNcoK.jpg,hi,0.0,Flop,5.0,0
Son of Sardaar,2012,"Action, Comedy, Romance",4300000,2200000,62,141,"Viacom18 Studios, Ajay Devgn FFilms",11,https://image.tmdb.org/t/p/w500/rqFbCvKVPdqI1Yrm8Xn172XXiVC.jpg,hi,-0.4883720930232558,Flop,6.799340549453582,-2100000
Ekk Deewana Tha,2012,Romance,0,495,16,160,"Fox Star Studios, Reliance Entertainment, Photon Kathaas, R S Infotainment",2,https://image.tmdb.org/t/p/w500/k0qkcAF6SolWYmTWPzxLLIEeZKa.jpg,hi,0.0,Flop,6.230448921378274,495
Aiyyaa,2012,"Romance, Comedy",1200000,2500000,30,146,"Anurag Kashyap Films, Viacom18 Studios",10,https://image.tmdb.org/t/p/w500/gz4zgMZGg3zYOLYL7qzOQwDP13.jpg,hi,1.0833333333333333,Hit,6.491361693834273,1300000
Luv Shuv Tey Chicken Khurana,2012,Comedy,460000,1600000,17,140,"Jar Pictures, UTV Motion Pictures",11,https://image.tmdb.org/t/p/w500/gGUwqtdCUJ36pTwqg2tiYzvKI4F.jpg,hi,2.4782608695652173,Hit,6.2552725051033065,1140000
Bhoot Returns,2012,Horror,750000,890000,6,73,"Eros Entertainment, Alumbra Entertainment",10,https://image.tmdb.org/t/p/w500/eHLyKMkAEUbtngVqhphAUZmUr8d.jpg,hi,0.18666666666666668,Average,5.845098040014257,140000
Fatso!,2012,"Comedy, Romance, Fantasy",1685336,41197,6,97,"Daily Multimedia Limited, Pritish Nandy Communications",5,https://image.tmdb.org/t/p/w500/zhbm7rzLIhoz51ykAqSPzlwl2rT.jpg,hi,-0.9755556162094681,Flop,5.845098040014257,-1644139
Gali Gali Chor Hai,2012,"Drama, Action",0,0,9,0,,2,https://image.tmdb.org/t/p/w500/3PjM4g5bdl2mkN08E7Ed0WrEzgM.jpg,hi,0.0,Flop,6.0,0
Kamaal Dhamaal Malamaal,2012,"Comedy, Drama",0,0,6,140,,9,https://image.tmdb.org/t/p/w500/f4wB6oEeTZ51jGmTAlBkFD9cKRU.jpg,hi,0.0,Flop,5.845098040014257,0
Shanghai,2012,"Thriller, Crime, Mystery",0,4900000,53,120,"PVR Inox Pictures, Dibakar Banerjee Productions, National Film Development Corporation of India",6,https://image.tmdb.org/t/p/w500/i1SwP8KqOIKtu5V2i2IjXNm2dVy.jpg,hi,0.0,Flop,6.732393759822969,4900000
Joker,2012,"Comedy, Science Fiction",0,0,53,104,Hari Om Entertainment,8,https://image.tmdb.org/t/p/w500/gA3xoiTWuaqEAiBXUqTv0gfZRSA.jpg,hi,0.0,Flop,6.732393759822969,0
Kismat Love Paisa Dilli,2012,"Crime, Adventure, Comedy",0,0,5,129,Invincible Entertainment,10,https://image.tmdb.org/t/p/w500/eIS4r5qxObYgO44ShFSw94cFEAU.jpg,hi,0.0,Flop,5.778151250383644,0
Tere Naal Love Ho Gaya,2012,"Drama, Comedy, Romance",0,0,32,126,,2,https://image.tmdb.org/t/p/w500/2Xk8g7AyNrG6kbamqoyDW9kB8n3.jpg,hi,0.0,Flop,6.518513939877888,0
Bumboo,2012,Comedy,0,0,1,126,,3,https://image.tmdb.org/t/p/w500/crz9tyL0aEHEAeG7gouvh3KNI7l.jpg,hi,0.0,Flop,5.301029995663981,0
Ek Main Aur Ekk Tu,2012,"Drama, Comedy, Romance",0,0,152,110,"Dharma Productions, UTV Motion Pictures",2,https://image.tmdb.org/t/p/w500/yei87xHRcmf4OhritS6GAju8fdq.jpg,hi,0.0,Flop,7.184691430817599,0
Shirin Farhad Ki Toh Nikal Padi,2012,Romance,0,0,7,111,"Eros Worldwide, Bhansali Productions",8,https://image.tmdb.org/t/p/w500/lABo7DIWzX2tOKI6A9pcayCLw8j.jpg,hi,0.0,Flop,5.903089986991944,0
Decision,2012,Documentary,0,0,0,56,,1,https://image.tmdb.org/t/p/w500/5K5v3MNxFaz1KUDRoGoL6RfXfaC.jpg,hi,0.0,Flop,5.0,0
Chaar Din Ki Chandni,2012,"Comedy, Romance",0,0,5,119,,3,https://image.tmdb.org/t/p/w500/6z1PlqEuv8Ju5ivcbk9p3VTghkk.jpg,hi,0.0,Flop,5.778151250383644,0
Ajab Gazabb Love,2012,Romance,0,0,2,120,,10,https://image.tmdb.org/t/p/w500/srI7sgDhJ613afQLjqy71EzUMDn.jpg,hi,0.0,Flop,5.477121254719663,0
Chakravyuh,2012,Thriller,0,0,19,145,,10,https://image.tmdb.org/t/p/w500/4IL0OpV4HzJzqWBpvdGc7RG7iF.jpg,hi,0.0,Flop,6.301029995663981,0
Shudra: The Rising,2012,"History, Family, Drama",0,0,2,120,Rudraksh Adventures Pvt. Ltd.,10,https://image.tmdb.org/t/p/w500/2BaV2sf2nZZVeE4geNZ2PeSs1KV.jpg,hi,0.0,Flop,5.477121254719663,0
Peddlers,2012,"Thriller, Drama",0,0,0,116,Sikhya Entertainment,5,https://image.tmdb.org/t/p/w500/p2um46aEpfNhF5OWkQ3jeiu67DE.jpg,hi,0.0,Flop,5.0,0
Ajj De Ranjhe,2012,Unknown,0,0,1,0,,9,https://image.tmdb.org/t/p/w500/tNBOkDudUobl81jjV1o4iBSM1wh.jpg,hi,0.0,Flop,5.301029995663981,0
Rush,2012,"Crime, Thriller",0,11878,9,110,,10,https://image.tmdb.org/t/p/w500/ubgnfxLO8diIZq7eNm0AOun0sYi.jpg,hi,0.0,Flop,6.0,11878
Chaalis Chauraasi,2012,"Crime, Drama, Thriller",0,0,2,115,,1,https://image.tmdb.org/t/p/w500/3C2KwqyTqgLXr5sUrG7Ik1IDfop.jpg,hi,0.0,Flop,5.477121254719663,0
Hansa,2012,Drama,0,0,0,89,Aranya Films,12,https://image.tmdb.org/t/p/w500/rPYrOSGnJBlH8090Toq0spBIv5k.jpg,hi,0.0,Flop,5.0,0
As the River Flows,2012,Thriller,0,0,0,96,National Film Development Corporation of India,9,https://image.tmdb.org/t/p/w500/dO0YsyKIAqo9FlxSwyRLwMLtC9B.jpg,hi,0.0,Flop,5.0,0
Jalpari,2012,Unknown,0,0,4,95,,8,https://image.tmdb.org/t/p/w500/d4fYsWKlcATrjNgjrlRKKEnF64X.jpg,hi,0.0,Flop,5.698970004336019,0
Rakhtbeej,2012,Thriller,0,0,1,120,,5,https://image.tmdb.org/t/p/w500/6u1lRQmgUqvyzooriiVGwEDHkPS.jpg,hi,0.0,Flop,5.301029995663981,0
Staying Alive,2012,Drama,0,0,0,0,,2,https://image.tmdb.org/t/p/w500/glOBL4HmpSK5dSc8uPGbxvs9FN.jpg,hi,0.0,Flop,5.0,0
Jeena Hai Toh Thok Daal,2012,Drama,0,0,0,123,,9,https://image.tmdb.org/t/p/w500/zffa8KzTYceNxyp7YQDY4X0iBJ0.jpg,hi,0.0,Flop,5.0,0
Chhota Bheem: Dholakpur to Kathmandu,2012,"Animation, Action, Adventure",0,0,2,69,,3,https://image.tmdb.org/t/p/w500/xgOG2qkL8CT7msXPMKAc298fMTA.jpg,hi,0.0,Flop,5.477121254719663,0
Future to Bright Hai Ji,2012,Drama,0,0,3,117,,11,https://image.tmdb.org/t/p/w500/sz62VVgQaPUt2LHC32pUSDkIwih.jpg,hi,0.0,Flop,5.6020599913279625,0
Yeh Jo Mohabbat Hai,2012,Unknown,0,0,0,0,,8,https://image.tmdb.org/t/p/w500/fNFYIA9WcbhWrPoXzcb1CJ3cp7g.jpg,hi,0.0,Flop,5.0,0
Will You Marry Me?,2012,Drama,0,0,2,0,,3,https://image.tmdb.org/t/p/w500/6hUHWW02kCLDsNcnABOqb5tzxW0.jpg,hi,0.0,Flop,5.477121254719663,0
Aalaap,2012,Drama,0,0,0,116,,7,https://image.tmdb.org/t/p/w500/uTh0OrZEIOp8uiq429x4HSynOrf.jpg,hi,0.0,Flop,5.0,0
Four Two Ka One,2012,Unknown,0,0,0,112,,12,https://image.tmdb.org/t/p/w500/yHnJDh16PPuKylFkGjzlvwQWO8X.jpg,hi,0.0,Flop,5.0,0
Prem Mayee,2012,Unknown,0,0,0,0,,10,https://image.tmdb.org/t/p/w500/8ArkNIjZULu264z4QMPUyehbGEn.jpg,hi,0.0,Flop,5.0,0
Mere Dost Picture Abhi Baki Hai,2012,Comedy,0,0,2,123,,7,https://image.tmdb.org/t/p/w500/fGo04UwjgGS8tmcOXQlg2EyLLTn.jpg,hi,0.0,Flop,5.477121254719663,0
Roll No 21 - The Quest For Swarnamani,2012,"Animation, Adventure, Action",0,0,0,73,,3,https://image.tmdb.org/t/p/w500/ljxg9g3leEw2Or2kN8nVsruZ3dM.jpg,hi,0.0,Flop,5.0,0
3 Bachelors,2012,"Comedy, Romance",0,0,3,110,,6,https://image.tmdb.org/t/p/w500/aBNPhSdn2WLEN7atHJic9Y4fBpM.jpg,hi,0.0,Flop,5.6020599913279625,0
I.D.,2012,Drama,0,0,4,90,Collective Phase One,11,https://image.tmdb.org/t/p/w500/vpgIs0MfYMN1O0mPN5vkHaKyQTc.jpg,hi,0.0,Flop,5.698970004336019,0
Delhi in a Day,2012,"Comedy, Drama",0,0,5,88,Nomad Productions PLC,8,https://image.tmdb.org/t/p/w500/zN6NvgSTSsOcAdqkRa6cZlCmcGF.jpg,hi,0.0,Flop,5.778151250383644,0
Mumbai's King,2012,Unknown,0,0,8,78,,10,https://image.tmdb.org/t/p/w500/nCl0SVBgMaITeIfdpePeAmTNOj8.jpg,hi,0.0,Flop,5.954242509439325,0
Chhota Bheem and the Curse of Damyaan,2012,"Animation, Comedy, Fantasy",0,0,8,88,Green Gold Animation,5,https://image.tmdb.org/t/p/w500/wQvja2azMSrxYy30D9Skq76pdhz.jpg,hi,0.0,Flop,5.954242509439325,0
The Night Is Young,2012,Unknown,0,0,0,8,,4,https://image.tmdb.org/t/p/w500/w51L0ICRBDkpVA8xyqO2fyT0dy5.jpg,hi,0.0,Flop,5.0,0
Mr Bhatti on Chutti,2012,Unknown,0,0,0,0,,5,https://image.tmdb.org/t/p/w500/k1gYyDymjH5TWg70vdoSy67tDyQ.jpg,hi,0.0,Flop,5.0,0
Challo Driver,2012,"Romance, Comedy",0,0,2,95,,7,https://image.tmdb.org/t/p/w500/it3altNQTNvhaJEwMHBYk4QuenE.jpg,hi,0.0,Flop,5.477121254719663,0
Urmi,2012,Unknown,0,0,0,11,,7,https://image.tmdb.org/t/p/w500/ma2VQGSCujhxGWR7HGOD46olg03.jpg,hi,0.0,Flop,5.0,0
Zindagi Tere Naam,2012,Romance,0,0,0,155,,3,https://image.tmdb.org/t/p/w500/7QyTxGGDL3lVVyJwi7jXMKb5slO.jpg,hi,0.0,Flop,5.0,0
Gullu Dada Thiree,2012,"Drama, Comedy, Romance",0,0,1,108,,12,,hi,0.0,Flop,5.301029995663981,0
Chashme Baddoor,2013,"Comedy, Drama",37000000,5500000,26,120,Viacom18 Studios,4,https://image.tmdb.org/t/p/w500/aqTXvi4Jp1BuhJhQ9fyxzgvizFM.jpg,hi,-0.8513513513513513,Flop,6.431363764158988,-31500000
Jackpot,2013,"Comedy, Thriller",0,0,4,132,Viiking Media & Entertainment,12,https://image.tmdb.org/t/p/w500/ez2rqjHFJbiyNTWzx6STChKbIlr.jpg,hi,0.0,Flop,5.698970004336019,0
Zanjeer,2013,"Action, Crime, Drama",0,0,34,138,"Prakash Mehra Productions, Flying Turtles, Rampage Motion Pictures, Reliance Entertainment",9,https://image.tmdb.org/t/p/w500/xh9sPcIEIdco1EzBaEXmuPlZv44.jpg,hi,0.0,Flop,6.544068044350276,0
Gippi,2013,"Romance, Comedy",0,0,2,138,Dharma Productions,5,https://image.tmdb.org/t/p/w500/i4grsPFfz0CW0H3jzb0JXm0z3oi.jpg,hi,0.0,Flop,5.477121254719663,0
Gangoobai,2013,"Drama, Family",0,0,2,110,National Film Development Corporation of India,1,https://image.tmdb.org/t/p/w500/226J7emFdDUKvhAnGiocF8cYgf4.jpg,hi,0.0,Flop,5.477121254719663,0
Shorts,2013,Drama,0,0,1,95,,7,https://image.tmdb.org/t/p/w500/7AfctXNIn2JrvSDBg1h241PdeoQ.jpg,hi,0.0,Flop,5.301029995663981,0
Aashiqui 2,2013,"Drama, Romance",1300000,16000000,182,132,"T-Series, Vishesh Films",4,https://image.tmdb.org/t/p/w500/lMblq8xcQIRRIVdaMg1XC283gU0.jpg,hi,11.307692307692308,Hit,7.26245108973043,14700000
Chennai Express,2013,"Romance, Comedy, Action",18000000,62000000,367,141,"Red Chillies Entertainment, UTV Motion Pictures, Reliance MediaWorks",8,https://image.tmdb.org/t/p/w500/9j7XfhBJKNfidMCa8JsNbqU1waV.jpg,hi,2.4444444444444446,Hit,7.565847818673518,44000000
Sona Spa,2013,Drama,0,0,3,102,,3,https://image.tmdb.org/t/p/w500/cZXBLnsaD4LverVO9dImLnjS8H7.jpg,hi,0.0,Flop,5.6020599913279625,0
Bloody Isshq,2013,Romance,0,0,2,148,,3,https://image.tmdb.org/t/p/w500/sSLwbzwHhPSlpCCtHCEwttFAHmT.jpg,hi,0.0,Flop,5.477121254719663,0
Dhoom 3,2013,"Action, Crime",19500000,91000000,302,171,"Yash Raj Films, Dhoom Studios, Prime Focus",12,https://image.tmdb.org/t/p/w500/rUVTM5EQUQ2I0fcfE46AkvBYWae.jpg,hi,3.6666666666666665,Hit,7.481442628502305,71500000
Boss,2013,"Action, Comedy, Drama",0,0,84,143,,10,https://image.tmdb.org/t/p/w500/kOsSC9X6aarcq0LlFAPTECIZ0jd.jpg,hi,0.0,Flop,6.929418925714293,0
Bombay Talkies,2013,"Drama, Romance",11000000,2700000,59,127,Viacom18 Studios,5,https://image.tmdb.org/t/p/w500/jToHRUGY86MVkloVFgKVD090j90.jpg,hi,-0.7545454545454545,Flop,6.778151250383644,-8300000
Enemmy,2013,Action,0,0,3,140,,6,https://image.tmdb.org/t/p/w500/9RJ80byc1dABjiGZgo4BPwp2KrP.jpg,hi,0.0,Flop,5.6020599913279625,0
The Lunchbox,2013,"Drama, Romance",3400000,17240000,786,104,"DAR Motion Pictures, Asap Films, Sikhya Entertainment, National Film Development Corporation of India, Rohfilm, Cine Mosaic, ARTE France Cinéma, Dharma Productions, Nittin Keni Creations, UTV Motion Pictures",9,https://image.tmdb.org/t/p/w500/jSOiz1h97i3qwjZJXY8SeLvjPsl.jpg,hi,4.070588235294117,Hit,7.895974732359065,13840000
Dilli Gang,2013,Thriller,0,0,1,96,,10,https://image.tmdb.org/t/p/w500/8LHM31C5uX08vftdDxoIxhBUBuF.jpg,hi,0.0,Flop,5.301029995663981,0
Oye Teri,2013,Unknown,0,0,0,8,,7,,hi,0.0,Flop,5.0,0
Yeh Jawaani Hai Deewani,2013,"Romance, Comedy",7700000,46000000,287,160,"Dharma Productions, UTV Motion Pictures, Eros International",5,https://image.tmdb.org/t/p/w500/em39H81XLCDgXsI7V4IcBZseEO6.jpg,hi,4.974025974025974,Hit,7.459392487759232,38300000
R... Rajkumar,2013,"Action, Romance",0,0,96,146,"Next Gen Films, Eros International",12,https://image.tmdb.org/t/p/w500/2wURYkClPhuWaZz936eUEWWVzUM.jpg,hi,0.0,Flop,6.986771734266245,0
Krrish 3,2013,"Action, Science Fiction",20000000,84000000,194,152,Film Kraft,11,https://image.tmdb.org/t/p/w500/lJOPh0j0L1IA5mJvHf2RNRdzFlO.jpg,hi,3.2,Hit,7.290034611362518,64000000
Inkaar,2013,Unknown,850000,1600000,21,133,Viacom18 Studios,1,https://image.tmdb.org/t/p/w500/qjrTqFoVJAcG4426KCssLzkogs.jpg,hi,0.8823529411764706,Average,6.342422680822207,750000
Goliyon Ki Raasleela Ram-Leela,2013,"Drama, Romance",0,32000000,196,155,"Eros International, Bhansali Productions",11,https://image.tmdb.org/t/p/w500/6Pph0xbOJvNPhWh1fdeWGHppSPH.jpg,hi,0.0,Flop,7.294466226161592,32000000
Ramaiya Vastavaiya,2013,"Romance, Action, Comedy",4600000,7300000,38,148,Tips Industries,7,https://image.tmdb.org/t/p/w500/iSVYJE0Hz4g0SEAGKXA84yhcfPT.jpg,hi,0.5869565217391305,Average,6.5910646070264995,2700000
Bhaag Milkha Bhaag,2013,"History, Drama",4600000,25000000,274,186,Viacom18 Studios,7,https://image.tmdb.org/t/p/w500/bXywc0CEzS1fIshPWWi4V8A58U3.jpg,hi,4.434782608695652,Hit,7.439332693830263,20400000
Raanjhanaa,2013,"Drama, Romance",6400000,1171761,159,140,"Eros International, Colour Yellow Productions",6,https://image.tmdb.org/t/p/w500/wi1Qv5nPo0ddJgjA0baD9MR3NC0.jpg,hi,-0.81691234375,Flop,7.204119982655925,-5228239
Nasha,2013,"Drama, Romance, Thriller",0,1000000,10,120,Eagle Home Entertainment,7,https://image.tmdb.org/t/p/w500/vwGh7LGoJy4YVTg5y674uRl4N4H.jpg,hi,0.0,Flop,6.041392685158225,1000000
Neighbours: Part 1,2013,"Comedy, Drama",0,0,0,8,Humara Movie,2,,hi,0.0,Flop,5.0,0
Zila Ghaziabad,2013,"Action, Crime, Drama",0,0,16,132,Soundarya production,2,https://image.tmdb.org/t/p/w500/gUAbhLz7IqztYs7kSTeaAR2qPoP.jpg,hi,0.0,Flop,6.230448921378274,0
Murder 3,2013,"Thriller, Drama, Mystery",0,0,27,124,Vishesh Films,2,https://image.tmdb.org/t/p/w500/ls8RgPMuBW5aCYmAMH8gBXOC2Hc.jpg,hi,0.0,Flop,6.447158031342219,0
Commando - A One Man Army,2013,Action,0,0,61,119,"Reliance Entertainment, Sunshine Pictures",4,https://image.tmdb.org/t/p/w500/atBgLfwxFERXExObsqK1jFoCTZ.jpg,hi,0.0,Flop,6.792391689498254,0
Horror Story,2013,Horror,0,0,67,91,ASA Production & Enterprises,9,https://image.tmdb.org/t/p/w500/79qQhOqEJUuRdfGw5NQnylGnRNE.jpg,hi,0.0,Flop,6.832508912706237,0
Special 26,2013,"Crime, Drama, Thriller",7100000,18000000,218,144,Friday Filmworks,2,https://image.tmdb.org/t/p/w500/cOo6lOiZXO0zldPKsih9asKPWDo.jpg,hi,1.5352112676056338,Hit,7.3404441148401185,10900000
"I, Me aur Main",2013,Drama,0,0,18,108,,3,https://image.tmdb.org/t/p/w500/c0L7Rke5Rm86CCiSkuR4sSOnCiX.jpg,hi,0.0,Flop,6.278753600952829,0
Race 2,2013,"Action, Thriller",17,0,117,150,"UTV Motion Pictures, Tips Industries, Illuminati Films Pvt Ltd",1,https://image.tmdb.org/t/p/w500/FxfkEbgz7jQ8Jo2RViWQRd8sKT.jpg,hi,-1.0,Flop,7.071882007306126,-17
Main Krishna Hoon,2013,"Animation, Family",0,0,112,135,"Eros International, JC Film Visions",1,https://image.tmdb.org/t/p/w500/4fddOiJPp4Mf0jFXcp2WE8qvNW2.jpg,hi,0.0,Flop,7.05307844348342,0
ABCD,2013,Drama,0,222000,61,143,UTV Motion Pictures,2,https://image.tmdb.org/t/p/w500/6d10bDZIg8vQNnzSn9wAu4KD8hc.jpg,hi,0.0,Flop,6.792391689498254,222000
Ugly,2013,"Thriller, Drama, Mystery, Crime",700000,2200000,126,128,"Phantom Films, DAR Motion Pictures",5,https://image.tmdb.org/t/p/w500/7hsSumOuh6OO7PgsH7A58I46j8.jpg,hi,2.142857142857143,Hit,7.103803720955957,1500000
Mahabharat,2013,"Adventure, Animation, Action, History, Family",7000000,210000,6,119,"Bubble Creations Digital Studios, Pen Studios, PVR Inox Pictures",12,https://image.tmdb.org/t/p/w500/xaSz9jaFaYQqPDWFAE4MAgZNXpt.jpg,hi,-0.97,Flop,5.845098040014257,-6790000
Table No. 21,2013,"Adventure, Thriller",0,0,77,108,Next Gen Films,1,https://image.tmdb.org/t/p/w500/nTchGUCfHrjvVYmps9a7hDQbHl2.jpg,hi,0.0,Flop,6.892094602690481,0
Jayantabhai Ki Luv Story,2013,"Action, Comedy, Romance, Drama",0,0,14,130,Tips Industries,2,https://image.tmdb.org/t/p/w500/ywbYwfKoY8WZYHLJLHn2btlJoD.jpg,hi,0.0,Flop,6.176091259055681,0
Madras Cafe,2013,"Thriller, Drama, Action",5400000,6500000,125,130,"JA Entertainment, Rising Sun Films",8,https://image.tmdb.org/t/p/w500/iQa81y965LtFp5CTYgcYeuEHAg4.jpg,hi,0.2037037037037037,Average,7.100370545117563,1100000
Phata Poster Nikhla Hero,2013,"Action, Comedy",0,0,65,146,Tips Industries,9,https://image.tmdb.org/t/p/w500/rDcViuwRwb4wIlH2yHcUo3Hi0CR.jpg,hi,0.0,Flop,6.819543935541869,0
Shuddh Desi Romance,2013,"Drama, Romance",0,0,65,126,Yash Raj Films,9,https://image.tmdb.org/t/p/w500/j141I2N8e8HuVHEDNPZ1K2qeqM4.jpg,hi,0.0,Flop,6.819543935541869,0
Satyagraha,2013,Drama,0,0,38,152,"Prakash Jha Productions, UTV Motion Pictures",8,https://image.tmdb.org/t/p/w500/wJQh5a8KsnwajTqGzd4gt2akmQO.jpg,hi,0.0,Flop,6.5910646070264995,0
Kai Po Che!,2013,Drama,0,0,145,126,UTV Motion Pictures,2,https://image.tmdb.org/t/p/w500/cAlv5vmDXzpVmTCk4DmggUbW7cd.jpg,hi,0.0,Flop,7.164352855784437,0
Lootera,2013,"Drama, Romance",4100000,5100000,87,136,"Balaji Motion Pictures, Phantom Films",4,https://image.tmdb.org/t/p/w500/bL6bsBMylKkvfs6bhH4ClnIC0G9.jpg,hi,0.24390243902439024,Average,6.944482672150169,1000000
Besharam,2013,"Comedy, Action",7700000,0,41,143,"Movie Temple Productions, Reliance Entertainment",10,https://image.tmdb.org/t/p/w500/79xt4XA6FBY9c9gBzEKrpKQ5Mz6.jpg,hi,-1.0,Flop,6.623249290397901,-7700000
Go Goa Gone,2013,"Comedy, Horror",2700000,5400000,122,111,"Eros International, Illuminati Films Pvt Ltd",5,https://image.tmdb.org/t/p/w500/pyaAYAifrZ1jAfbdunSAiK0QbKs.jpg,hi,1.0,Hit,7.089905111439398,2700000
Calapor,2013,Drama,0,0,0,118,,8,https://image.tmdb.org/t/p/w500/abbUi2hhdeO1pLjJf68mAYSmO1W.jpg,hi,0.0,Flop,5.0,0
D-Day,2013,"Action, Thriller",3900000,5600000,66,153,"DAR Motion Pictures, Emmay Entertainment",7,https://image.tmdb.org/t/p/w500/lwSBREQzjhCYpJ9ZRaudS1BlI6C.jpg,hi,0.4358974358974359,Average,6.826074802700827,1700000
Satya 2,2013,"Crime, Drama",2200000,0,6,162,Mammoth Media Entertainment,11,https://image.tmdb.org/t/p/w500/eBwOhSMYvqQHvPpjvkHbXQ1ZDRs.jpg,hi,-1.0,Flop,5.845098040014257,-2200000
Akaash Vani,2013,"Romance, Drama",0,0,13,149,"Wide Frame Pictures, Panorama Studios",1,https://image.tmdb.org/t/p/w500/p6Bi6Xm3VhfkHkdyRqRRX76H2Jj.jpg,hi,0.0,Flop,6.146128035678238,0
Grand Masti,2013,"Comedy, Romance",4900000,19000000,39,137,Maruti International,9,https://image.tmdb.org/t/p/w500/9DtPtMWZqotqvBlMwHlTxXc6xPz.jpg,hi,2.877551020408163,Hit,6.6020599913279625,14100000
Ek Thi Daayan,2013,"Horror, Romance, Thriller",3500000,6500000,34,135,"Vishal Bhardwaj Pictures, Balaji Motion Pictures, Cult Movies",4,https://image.tmdb.org/t/p/w500/i0GKZCeNJD7VHk3pCtWTVvZ8lEz.jpg,hi,0.8571428571428571,Average,6.544068044350276,3000000
Jolly LLB,2013,"Comedy, Drama",0,0,135,135,Fox Star Studios,3,https://image.tmdb.org/t/p/w500/zmh8eBq0MdwqHl7NMyVOnAhNu7I.jpg,hi,0.0,Flop,7.133538908370218,0
Ghanchakkar,2013,"Comedy, Crime, Thriller",4100000,5300000,33,137,UTV Motion Pictures,6,https://image.tmdb.org/t/p/w500/8hGSdhi7szg64w5mOqsdGGQdoqm.jpg,hi,0.2926829268292683,Average,6.531478917042255,1200000
Policegiri,2013,"Action, Comedy",0,0,16,141,"Star Entertainment Worldwide, Prime Focus, Chin Up Films, Flavours Film Mix, T-Series",7,https://image.tmdb.org/t/p/w500/t5fev909Oy9wRbA7XQ29Qu6nswF.jpg,hi,0.0,Flop,6.230448921378274,0
Ishkq in Paris,2013,"Comedy, Romance",2000000,355000,7,95,PZNZ Media,5,https://image.tmdb.org/t/p/w500/asgYvLKMjG5chS4xRaQDWsepza6.jpg,hi,-0.8225,Flop,5.903089986991944,-1645000
Kush,2013,Unknown,0,0,5,20,,9,,hi,0.0,Flop,5.778151250383644,0
Bullett Raja,2013,"Action, Crime, Drama",7,12,30,138,Selected Pictures,11,https://image.tmdb.org/t/p/w500/9IkcVLgAdDvbycaOkb0t6PCIYbd.jpg,hi,0.7142857142857143,Average,6.491361693834273,5
Issaq,2013,Romance,0,0,4,148,,7,https://image.tmdb.org/t/p/w500/pe6TyXVigrEZAR7PViveDO7xSSq.jpg,hi,0.0,Flop,5.698970004336019,0
Shahid,2013,"Drama, Crime",970000,6100000,71,129,"Anurag Kashyap Films, Bohra Bros Productions, Paramhans Creations",10,https://image.tmdb.org/t/p/w500/9AO8ciYnqjg9YavpR01n9sobE0.jpg,hi,5.288659793814433,Hit,6.857332496431269,5130000
Fukrey,2013,"Comedy, Drama, Romance",2200000,5200000,71,137,Excel Entertainment,6,https://image.tmdb.org/t/p/w500/wAXcxLLFKeqFdlhORajj4pZrPTz.jpg,hi,1.3636363636363635,Hit,6.857332496431269,3000000
Woh,2013,Unknown,600000,0,0,84,,8,https://image.tmdb.org/t/p/w500/8BhvgorVl6EKXtzkGmnC7ehYW6u.jpg,hi,-1.0,Flop,5.0,-600000
Sixteen,2013,"Drama, Romance, Thriller",0,0,5,138,,7,https://image.tmdb.org/t/p/w500/zpR2oqdayuzQUDe0B60wVzlZ99k.jpg,hi,0.0,Flop,5.778151250383644,0
Nautanki Saala!,2013,"Comedy, Romance",0,3100000,25,130,"Ramesh Sippy Entertainment, T-Series, Bottomline Media",4,https://image.tmdb.org/t/p/w500/tXhlHif5waKYau71u89ALTNhrlX.jpg,hi,0.0,Flop,6.414973347970818,3100000
Gori Tere Pyaar Mein,2013,"Comedy, Romance",0,342000,53,150,Dharma Productions,11,https://image.tmdb.org/t/p/w500/icfBtvHEYI99OE8KYfLoEwMrm80.jpg,hi,0.0,Flop,6.732393759822969,342000
Liar's Dice,2013,Drama,0,0,18,104,Jar Pictures,10,https://image.tmdb.org/t/p/w500/86uk08xgxgeSm2WwRWNCjrOMJ3v.jpg,hi,0.0,Flop,6.278753600952829,0
The Attacks Of 26/11,2013,"Action, Crime, History, Thriller",3300000,18000000,30,116,"Eros International, Alumbra Entertainment",3,https://image.tmdb.org/t/p/w500/peDKpbfsQ4YdWjUllEQrUbGJLQW.jpg,hi,4.454545454545454,Hit,6.491361693834273,14700000
Once Upon a Time in Mumbai Dobaara!,2013,"Action, Crime, Drama",0,0,42,160,Balaji Motion Pictures,8,https://image.tmdb.org/t/p/w500/guXvxt6hvZyQqHXGYuvujtuxcCQ.jpg,hi,0.0,Flop,6.633468455579586,0
Bajatey Raho,2013,"Comedy, Drama, Thriller",0,0,5,110,,7,https://image.tmdb.org/t/p/w500/wqbTQNqjITTElmEWnBrM0uRJbSp.jpg,hi,0.0,Flop,5.778151250383644,0
John Day,2013,Drama,0,0,8,137,,9,https://image.tmdb.org/t/p/w500/2nV3Eu1JHWh8UDWjijUxH6DMshy.jpg,hi,0.0,Flop,5.954242509439325,0
Saheb Biwi Aur Gangster Returns,2013,"Thriller, Drama, Action, Crime",0,0,25,139,"Tigmanshu Dhulia Films, Brandsmith Motion Pictures, Select Media Holdings- Moving Pictures",3,https://image.tmdb.org/t/p/w500/cDMmAwGVYbKMF9GZVEceYeuvx47.jpg,hi,0.0,Flop,6.414973347970818,0
Chhota Bheem: Krishna vs Zimbara,2013,"Animation, Adventure, TV Movie",0,0,0,65,Green Gold Animation,8,https://image.tmdb.org/t/p/w500/zAI3o6r22DJaKxK6KHUf9FPyv.jpg,hi,0.0,Flop,5.0,0
Yamla Pagla Deewana 2,2013,"Action, Comedy",6800000,0,16,154,,6,https://image.tmdb.org/t/p/w500/rHvy2RxE4bTCoi80IoE4oCSqm2N.jpg,hi,-1.0,Flop,6.230448921378274,-6800000
Chor Chor Super Chor,2013,"Thriller, Comedy, Drama",800000,0,1,99,Katson Motion Pictures Pvt Ltd,8,https://image.tmdb.org/t/p/w500/f8LBXLVcTFOSMcuOVPhlNxDNltV.jpg,hi,-1.0,Flop,5.301029995663981,-800000
Chai,2013,Unknown,0,0,0,11,Viacom18 Studios,6,https://image.tmdb.org/t/p/w500/stHQVAXwa4EozjFJrSmUSa5uZgm.jpg,hi,0.0,Flop,5.0,0
Mickey Virus,2013,"Comedy, Thriller",0,0,22,135,Trilogic Digital Media,10,https://image.tmdb.org/t/p/w500/5FKtKKCmprBQ2sGrCclmVQ1hjVl.jpg,hi,0.0,Flop,6.361727836017593,0
Rajjo,2013,"Romance, Drama",0,0,1,137,Four Pillar Entertainments,11,https://image.tmdb.org/t/p/w500/kYcwlS7pE2uD0QBGxymHtqDFWBj.jpg,hi,0.0,Flop,5.301029995663981,0
Sniffer,2013,"Comedy, Drama",0,0,2,126,Leo Eight Pixmedia,10,https://image.tmdb.org/t/p/w500/iDDdu5nwltsfZli4XjQKyLcXwsK.jpg,hi,0.0,Flop,5.477121254719663,0
Saare Jahaan Se Mehnga,2013,"Comedy, Drama",0,0,8,120,,3,https://image.tmdb.org/t/p/w500/gEqSOypPdbcpNkY3S7I17XKGWCc.jpg,hi,0.0,Flop,5.954242509439325,0
Siddharth,2013,Drama,0,0,12,96,Poor Man's Productions,10,https://image.tmdb.org/t/p/w500/xY4YvKVbVePmZVMdZqwxq8Mjukz.jpg,hi,0.0,Flop,6.113943352306837,0
Ankur Arora Murder Case,2013,"Drama, Thriller",0,0,16,129,ASA Productions,6,https://image.tmdb.org/t/p/w500/i0dKyyLx8gk4dYUMTIvhUP9JezT.jpg,hi,0.0,Flop,6.230448921378274,0
Zindagi 50 50,2013,"Comedy, Drama",0,0,6,130,,8,https://image.tmdb.org/t/p/w500/s0TqNw7t11MlCmngazu7Ci6OODD.jpg,hi,0.0,Flop,5.845098040014257,0
Mere Dad Ki Maruti,2013,Comedy,0,0,27,101,Y-Films,3,https://image.tmdb.org/t/p/w500/xzJIm62ZMewLP5sweQoRqAuVXhP.jpg,hi,0.0,Flop,6.447158031342219,0
Singh Saab the Great,2013,"Action, Drama",0,0,20,134,,11,https://image.tmdb.org/t/p/w500/bu3xbF5WvhaxqxjwoT21Sg2Q26W.jpg,hi,0.0,Flop,6.3222192947339195,0
Lakeer Ka Fakeer,2013,Unknown,0,0,1,119,,6,https://image.tmdb.org/t/p/w500/sHPTjztADXKxYWw4DAFWl9v7aim.jpg,hi,0.0,Flop,5.301029995663981,0
Kajri,2013,Drama,0,0,2,144,,3,https://image.tmdb.org/t/p/w500/o5btsZYayK3Y3jjdIiyTUW32hYY.jpg,hi,0.0,Flop,5.477121254719663,0
Aatma,2013,"Mystery, Horror",0,0,8,94,Wide Frame Pictures,3,https://image.tmdb.org/t/p/w500/hCeDZ7ytWW3WAhi6dU1KiT2NZMj.jpg,hi,0.0,Flop,5.954242509439325,0
Chhota Bheem: The Blue Mountain,2013,Unknown,0,0,1,63,,1,https://image.tmdb.org/t/p/w500/oUo6H416fSpcA38BxZf7HSNud6Y.jpg,hi,0.0,Flop,5.301029995663981,0
Raqt: A Psycho Thriller,2013,Thriller,0,0,1,136,,9,,hi,0.0,Flop,5.301029995663981,0
Faith Connections,2013,"Documentary, Drama",550000,0,11,115,Jungle Book Studio,11,https://image.tmdb.org/t/p/w500/cPdgSTu7SV9HCxuBujWSbm3RUbZ.jpg,hi,-1.0,Flop,6.079181246047625,-550000
Shree,2013,Unknown,0,0,0,0,,4,https://image.tmdb.org/t/p/w500/4ZUiVuB36lHdWNrz0KldmICiMeG.jpg,hi,0.0,Flop,5.0,0
The Coffin Maker,2013,Drama,0,0,0,123,Shree Narayan Studios,1,https://image.tmdb.org/t/p/w500/qyDV5zl4EReGSLRkPbVZGnrIz5B.jpg,hi,0.0,Flop,5.0,0
Rangrezz,2013,"Action, Drama",0,0,6,143,Pooja Entertainment,3,https://image.tmdb.org/t/p/w500/r3heuEPCiyT4SyXjP2zfB5J5uPV.jpg,hi,0.0,Flop,5.845098040014257,0
Super Model,2013,"Drama, Romance",0,0,1,143,,9,https://image.tmdb.org/t/p/w500/f3Z4taxlbAA9OExUkAlOpNLNL9Y.jpg,hi,0.0,Flop,5.301029995663981,0
Happy Ending,2014,Comedy,0,0,34,135,"Illuminati Films Pvt Ltd, Eros International",11,https://image.tmdb.org/t/p/w500/sSHhlukG0bNhmlQMjPtXhBythDE.jpg,hi,0.0,Flop,6.544068044350276,0
Gulaab Gang,2014,Drama,0,0,16,139,,3,https://image.tmdb.org/t/p/w500/iGfRhEbULFryeMdUFuRq8zApsr9.jpg,hi,0.0,Flop,6.230448921378274,0
Gunday,2014,"Action, Crime, Drama",0,0,109,152,Yash Raj Films,2,https://image.tmdb.org/t/p/w500/70QlykuyOHn2wO0uw2U2TqvZp10.jpg,hi,0.0,Flop,7.041392685158225,0
Ya Rab,2014,Drama,0,0,3,120,,2,,hi,0.0,Flop,5.6020599913279625,0
Pizza,2014,"Thriller, Horror",0,0,14,107,UTV Spotboy Motion Pictures,7,https://image.tmdb.org/t/p/w500/tc3hGqACSTNCC45YsB5uHdXSiNd.jpg,hi,0.0,Flop,6.176091259055681,0
Manjunath,2014,Drama,0,0,1,0,,5,https://image.tmdb.org/t/p/w500/q98d9y6FHRsosMLiPoUq7B9KKPx.jpg,hi,0.0,Flop,5.301029995663981,0
Tigers,2014,"Drama, Thriller",0,0,23,90,"Asap Films, Phantom Films, Sikhya Entertainment",11,https://image.tmdb.org/t/p/w500/lh68NaHsyKzogkb60s9aWZQxg4.jpg,hi,0.0,Flop,6.380211241711606,0
Ek Villain,2014,"Romance, Action, Crime, Thriller",0,1278108,165,129,Balaji Motion Pictures,6,https://image.tmdb.org/t/p/w500/tIMfMyCo7yeRqaRXmor5yJj14pV.jpg,hi,0.0,Flop,7.220108088040055,1278108
Mastram,2014,Drama,300000,0,8,99,"Bohra Bros Productions, Jar Pictures",5,https://image.tmdb.org/t/p/w500/yANwS5NwTd0bsqZfyaKVQrCbch0.jpg,hi,-1.0,Flop,5.954242509439325,-300000
Filmistaan,2014,Comedy,0,0,17,117,,6,https://image.tmdb.org/t/p/w500/2WpoYfif0kxQE9ibeXnLKIYCAn6.jpg,hi,0.0,Flop,6.2552725051033065,0
Zid,2014,"Thriller, Romance",1556288,1268395,9,128,,11,https://image.tmdb.org/t/p/w500/wRh3OeUmzouuqkBymWh4WSuWFkL.jpg,hi,-0.18498696899288564,Flop,6.0,-287893
Haircut,2014,Comedy,0,0,2,9,"Humara Movie, ANT films",1,https://image.tmdb.org/t/p/w500/zesdO9WRj0w8NFHKFjmZ2IfcUcn.jpg,hi,0.0,Flop,5.477121254719663,0
Purani Jeans,2014,Romance,0,0,6,0,,5,https://image.tmdb.org/t/p/w500/zv5zBTqLDeRICnHxROlipqKFbum.jpg,hi,0.0,Flop,5.845098040014257,0
Kill Dil,2014,"Action, Drama, Romance",6431385,8376879,42,127,Yash Raj Films,11,https://image.tmdb.org/t/p/w500/rs93Rh0oeJ4eYCpfn0GvkrtpSbQ.jpg,hi,0.3025000058307814,Average,6.633468455579586,1945494
Koyelaanchal,2014,Unknown,0,0,4,146,,5,https://image.tmdb.org/t/p/w500/tKoN5NNfF8sFfoW0DJKLqGh4Xz7.jpg,hi,0.0,Flop,5.698970004336019,0
BLOUSE,2014,Unknown,0,0,0,20,,5,https://image.tmdb.org/t/p/w500/lg1EfnGM62xLXPxhEZmBQi3a2Zo.jpg,hi,0.0,Flop,5.0,0
Sonali Cable,2014,"Drama, Romance",0,0,10,127,,10,https://image.tmdb.org/t/p/w500/p8EEIAO7PY41LFLsOjelQXLzHzb.jpg,hi,0.0,Flop,6.041392685158225,0
Vimana,2014,Science Fiction,0,0,0,17,,7,https://image.tmdb.org/t/p/w500/3yfZLrjyOVoDLoo3ec9SvIye0ku.jpg,hi,0.0,Flop,5.0,0
Happy New Year,2014,"Action, Comedy, Crime, Adventure",25000000,0,283,180,"Red Chillies Entertainment, Yash Raj Films",10,https://image.tmdb.org/t/p/w500/5kv0trpR00030JmZbLnLMBKIrtD.jpg,hi,-1.0,Flop,7.453318340047037,-25000000
Main Tera Hero,2014,"Romance, Comedy",0,0,192,128,Balaji Motion Pictures,4,https://image.tmdb.org/t/p/w500/bupZH3i1SAaLLC0OgYMSLDZN63Q.jpg,hi,0.0,Flop,7.285557309007774,0
Haider,2014,"Crime, Drama",7000000,11500000,246,150,"Vishal Bhardwaj Pictures, UTV Motion Pictures",10,https://image.tmdb.org/t/p/w500/lOCotkHPODWdsRDMoLbSdLdVT3L.jpg,hi,0.6428571428571429,Average,7.392696953259666,4500000
Bang Bang!,2014,"Action, Adventure, Comedy, Romance, Thriller",0,0,243,153,"Fox Star Studios, Benetone Films, Fox International Productions India, Milk & Honey Pictures",10,https://image.tmdb.org/t/p/w500/6ukTOJ3VNqrR0un8nolKoIlgn1V.jpg,hi,0.0,Flop,7.38738982633873,0
Super Nani,2014,"Family, Drama",0,0,6,133,,10,https://image.tmdb.org/t/p/w500/jpYoXymC50WxvqhZunSPdpp6njA.jpg,hi,0.0,Flop,5.845098040014257,0
Bombay Talkies,2014,"Family, Drama",0,0,0,74,"CinePlay Digital, Chhoti Production Company Pvt. Ltd.",8,https://image.tmdb.org/t/p/w500/3TYlytotSyr7W8H8AKktb1hkDxm.jpg,hi,0.0,Flop,5.0,0
Kahin Hai Mera Pyar,2014,"Drama, Music, Romance",0,0,0,138,,5,https://image.tmdb.org/t/p/w500/2kWLCPLSub7FVwxAEnqkSEVCMQs.jpg,hi,0.0,Flop,5.0,0
Tamanchey,2014,"Crime, Romance",0,0,5,113,,10,https://image.tmdb.org/t/p/w500/fxFdGYqNlcuWR8Bc1WB4yYz8R15.jpg,hi,0.0,Flop,5.778151250383644,0
Kick,2014,"Action, Romance, Comedy, Crime",22000000,55000000,165,146,"Nadiadwala Grandson Entertainment, UTV Motion Pictures",7,https://image.tmdb.org/t/p/w500/muRGQIGFcHTyHimE2ru6RSjD8D6.jpg,hi,1.5,Hit,7.220108088040055,33000000
Adhe Adhure,2014,Drama,0,0,0,100,"CinePlay Digital, Chhoti Production Company",4,https://image.tmdb.org/t/p/w500/lDWdFhgAfXy45hCF44CyM2ZxfnF.jpg,hi,0.0,Flop,5.0,0
Chal Bhaag,2014,Unknown,0,0,1,110,,6,https://image.tmdb.org/t/p/w500/dTst0NebDiEur1MOCrlQPNboyMQ.jpg,hi,0.0,Flop,5.301029995663981,0
Titoo MBA,2014,Unknown,0,0,6,111,,11,https://image.tmdb.org/t/p/w500/s7CgzYr19gGgkeDJnlrnFroHmUM.jpg,hi,0.0,Flop,5.845098040014257,0
Jai Ho,2014,"Action, Drama",0,0,96,145,"Eros International, Sohail Khan Production",1,https://image.tmdb.org/t/p/w500/AqBZOaWfRBkq64ASen8ulETPWrx.jpg,hi,0.0,Flop,6.986771734266245,0
Best Girlfriend,2014,Unknown,0,0,1,10,,1,https://image.tmdb.org/t/p/w500/nLZuG0ZjD5diqN1ku2zwvIUI4H9.jpg,hi,0.0,Flop,5.301029995663981,0
Mardaani,2014,"Action, Crime, Drama, Thriller",2100000,7600000,110,113,Yash Raj Films,8,https://image.tmdb.org/t/p/w500/mI77x6LZ9IHpHjTjvgNeC4Uxfsa.jpg,hi,2.619047619047619,Hit,7.045322978786658,5500000
Badlapur Boys,2014,Drama,0,0,1,0,,12,https://image.tmdb.org/t/p/w500/7rhYbJOe2bDMG6OuiFvtZWCxnKQ.jpg,hi,0.0,Flop,5.301029995663981,0
Singham Returns,2014,Action,13000000,26000000,124,142,"Reliance Entertainment, Ajay Devgn FFilms",8,https://image.tmdb.org/t/p/w500/k8CDjZLYG8bCIuXWAg4gukxf0BE.jpg,hi,1.0,Hit,7.096910013008056,13000000
Humpty Sharma Ki Dulhania,2014,"Drama, Comedy, Romance",0,0,116,133,Dharma Productions,7,https://image.tmdb.org/t/p/w500/kiqZEW6ZmFducXGeikKI5WcQZEI.jpg,hi,0.0,Flop,7.068185861746162,0
Holiday,2014,"Action, Crime, Thriller",0,0,142,170,"Reliance Entertainment, Hari Om Entertainment",6,https://image.tmdb.org/t/p/w500/8aPPza9BHumJYl0KAABmOdFbUjm.jpg,hi,0.0,Flop,7.155336037465062,0
Khoobsurat,2014,"Comedy, Romance",230,0,124,130,"Disney World Cinema, UTV Motion Pictures, Anil Kapoor Film & Communication Network",9,https://image.tmdb.org/t/p/w500/fJnWRipBGa5p1UxBLShDF1SMw01.jpg,hi,-1.0,Flop,7.096910013008056,-230
Queen,2014,"Comedy, Drama",1900000,17000000,297,146,"Phantom Films, Viacom18 Studios",3,https://image.tmdb.org/t/p/w500/vKLp0X2RQOuA31R3AdaYtDdKIPK.jpg,hi,7.947368421052632,Hit,7.474216264076255,15100000
Hasee Toh Phasee,2014,"Comedy, Romance",0,0,111,141,"Phantom Films, Dharma Productions",2,https://image.tmdb.org/t/p/w500/A6s9Nb0bfuH1KqXvnG22FCAgrP7.jpg,hi,0.0,Flop,7.049218022670182,0
Chaarfutiya Chhokare,2014,"Drama, Thriller",0,0,0,119,,9,https://image.tmdb.org/t/p/w500/t13oj6GWTcUhVhzkUlzR1m2yBKk.jpg,hi,0.0,Flop,5.0,0
Hawaa Hawaai,2014,"Drama, Family",1460000,1505000,13,120,"Fox Star Studios, Amole Gupte Cinema",5,https://image.tmdb.org/t/p/w500/pqLf2SlhM02EEzY9ZjYMXxumJdB.jpg,hi,0.030821917808219176,Average,6.146128035678238,45000
It's Entertainment,2014,Comedy,0,0,66,140,"Pen India Limited, Tips Industries",8,https://image.tmdb.org/t/p/w500/wn3VkQgCFkW731TRNa30DL6CSdg.jpg,hi,0.0,Flop,6.826074802700827,0
2 States,2014,"Comedy, Romance, Drama",4587786,22414611,157,149,"Dharma Productions, Nadiadwala Grandson Entertainment",4,https://image.tmdb.org/t/p/w500/lOQqeKxZg12ZSn0qfHAOXOtbVFR.jpg,hi,3.8857141549322485,Hit,7.198657086954423,17826825
Highway,2014,"Drama, Romance, Crime",2860530,5458444,180,133,"Window Seat Films, Nadiadwala Grandson Entertainment, Window Seat Films",2,https://image.tmdb.org/t/p/w500/xuTevYF35WDkElpm5vNBVaISkT9.jpg,hi,0.9081932369176341,Average,7.257678574869184,2597914
Lucky Kabootar,2014,Unknown,0,0,0,0,,4,https://image.tmdb.org/t/p/w500/5DU0SFDGXmcWKbAZGKjQVkUUrDr.jpg,hi,0.0,Flop,5.0,0
Action Jackson,2014,"Action, Thriller",0,0,39,144,Eros International,12,https://image.tmdb.org/t/p/w500/3cVmG3G4YezZNLlJ4RuyE3MgKkE.jpg,hi,0.0,Flop,6.6020599913279625,0
Daawat-e-Ishq,2014,"Drama, Romance, Comedy",0,0,57,118,Yash Raj Films,9,https://image.tmdb.org/t/p/w500/nIDcWsxYJTGVGkQ41fkaluvT3fZ.jpg,hi,0.0,Flop,6.763427993562937,0
Bhoothnath Returns,2014,"Comedy, Drama, Fantasy",0,0,85,152,T-Series,4,https://image.tmdb.org/t/p/w500/zMC0kbfcBSxVOAsFXxw9Pg1NBJ8.jpg,hi,0.0,Flop,6.9344984512435675,0
Heropanti,2014,"Romance, Action",4200000,10000000,67,146,Nadiadwala Grandson Entertainment,5,https://image.tmdb.org/t/p/w500/o5QOtVJvt5dtiJiJTjv1smiOgF6.jpg,hi,1.380952380952381,Hit,6.832508912706237,5800000
Makhmal,2014,"Drama, Music",0,0,0,17,Colour Bar Entertainments,7,https://image.tmdb.org/t/p/w500/6f7K1ikH1zWoIBvWbLxm3lGh70Y.jpg,hi,0.0,Flop,5.0,0
Kaanchi,2014,"Drama, Music, Romance",0,0,5,140,,4,https://image.tmdb.org/t/p/w500/gcqOtRxgdqbXjp3kxnnOCHBThW.jpg,hi,0.0,Flop,5.778151250383644,0
Mary Kom,2014,"Action, Drama, History",224056,15536328,103,122,"Viacom18 Studios, Bhansali Productions, Eros International",9,https://image.tmdb.org/t/p/w500/eI1rxHzxO2sWeeBMvr42buetYnd.jpg,hi,68.34127182490091,Hit,7.017033339298781,15312272
Gang of Ghosts,2014,"Comedy, Horror",0,5906,4,128,Venus Records & Tapes,3,https://image.tmdb.org/t/p/w500/mbRb5pMdSfYcrIws7tAw8EtEBMR.jpg,hi,0.0,Flop,5.698970004336019,5906
Sultanat,2014,"Action, Drama, Romance",0,220000,2,150,A B Pictures,7,,hi,0.0,Flop,5.477121254719663,220000
Hate Story 2,2014,"Drama, Thriller",2300000,4600000,31,130,T-Series,7,https://image.tmdb.org/t/p/w500/y5fg6O5ttxvh2wkMY1fUchLfZSL.jpg,hi,1.0,Hit,6.505149978319906,2300000
Ungli,2014,"Thriller, Comedy, Drama",0,0,27,114,Dharma Productions,11,https://image.tmdb.org/t/p/w500/vZyn4wtVtRpWq4n9J2QRmTcwRJh.jpg,hi,0.0,Flop,6.447158031342219,0
Bewakoofiyaan,2014,"Romance, Comedy, Drama",0,0,41,120,Yash Raj Films,3,https://image.tmdb.org/t/p/w500/eniZIxK1INYbOQBeJWmv0IhKKOz.jpg,hi,0.0,Flop,6.623249290397901,0
O Teri,2014,"Drama, Comedy",0,0,4,107,Reel Life Productions,3,https://image.tmdb.org/t/p/w500/8yDmeoOKcWtp0TU9n66hAfVAqy3.jpg,hi,0.0,Flop,5.698970004336019,0
Humshakals,2014,Comedy,0,0,53,160,"Fox Star Studios, Pooja Entertainment",6,https://image.tmdb.org/t/p/w500/jl2BKSOuCH5g1a6Yt4FmbOujEe7.jpg,hi,0.0,Flop,6.732393759822969,0
Creature 3D,2014,"Science Fiction, Horror",33000000,42000000,14,134,T-Series,9,https://image.tmdb.org/t/p/w500/nbfirdO1slPZjzIcZoMev00bpUC.jpg,hi,0.2727272727272727,Average,6.176091259055681,9000000
Kya Dilli Kya Lahore,2014,"Drama, History, War",0,0,8,98,,5,https://image.tmdb.org/t/p/w500/4q9fNNQj9lKhTfbeaXegXybYbxx.jpg,hi,0.0,Flop,5.954242509439325,0
The Xposé,2014,"Thriller, Drama, Crime",2459000,3278000,10,113,"Picture Perfect Corp., T-Series",5,https://image.tmdb.org/t/p/w500/banahHkzFfTQlIriqTbmxw3xvRc.jpg,hi,0.33306222041480277,Average,6.041392685158225,819000
The Riddle,2014,"Thriller, Mystery, Crime",0,0,0,30,Octopus Studio,3,https://image.tmdb.org/t/p/w500/pjeHCzsqV8BRW1eX9Oy1YMzQma3.jpg,hi,0.0,Flop,5.0,0
Ragini MMS 2,2014,Horror,0,0,38,120,"Cult Movies, Balaji Motion Pictures",3,https://image.tmdb.org/t/p/w500/dshVXLMzT1cJirbwYR477u4z5dJ.jpg,hi,0.0,Flop,6.5910646070264995,0
Yaariyan,2014,"Drama, Romance",10,100,18,145,T-Series,1,https://image.tmdb.org/t/p/w500/fZmL1C67pA0OHLGPITt0d2IODnM.jpg,hi,9.0,Hit,6.278753600952829,90
Ankhon Dekhi,2014,"Comedy, Drama",800000,187000,61,104,Mithya Talkies,3,https://image.tmdb.org/t/p/w500/yA0pvH3YnlvONPbAdRl0neYpMCo.jpg,hi,-0.76625,Flop,6.792391689498254,-613000
Fugly,2014,"Comedy, Drama, Thriller",0,0,10,134,Grazing Goat Pictures,6,https://image.tmdb.org/t/p/w500/gK1d772yMqHjvBpMRVz1XWN5OTU.jpg,hi,0.0,Flop,6.041392685158225,0
Lekar Hum Deewana Dil,2014,"Romance, Comedy",0,0,3,130,"Illuminati Films Pvt Ltd, Maddock Films, Eros International",7,https://image.tmdb.org/t/p/w500/hQfhMxdrbcZxzA5ieaPL1lMZOcu.jpg,hi,0.0,Flop,5.6020599913279625,0
Raja Natwarlal,2014,"Thriller, Drama, Mystery, Crime",5,4,26,141,UTV Motion Pictures,8,https://image.tmdb.org/t/p/w500/g9VRy4pTVr6akx5zXJC9H8YJ0ZY.jpg,hi,-0.2,Flop,6.431363764158988,-1
Stepney,2014,Comedy,0,0,1,103,,11,,hi,0.0,Flop,5.301029995663981,0
Revolver Rani,2014,"Action, Crime, Comedy",0,0,7,132,"Crouching Tiger Motion Pictures, Wave Cinemas Ponty Chadha",4,https://image.tmdb.org/t/p/w500/iEDCDioMy1A8i5iGUu5gDZM5BhY.jpg,hi,0.0,Flop,5.903089986991944,0
Total Siyapaa,2014,"Romance, Comedy",0,0,17,108,,3,https://image.tmdb.org/t/p/w500/m3xZxCa3Vn2ypE7jXLbLwWmom3U.jpg,hi,0.0,Flop,6.2552725051033065,0
Children of War,2014,"Drama, History, War",0,0,3,160,,5,https://image.tmdb.org/t/p/w500/rQDaJNM9Qcv2UaZQfnUYEksyvta.jpg,hi,0.0,Flop,5.6020599913279625,0
Roar,2014,"Thriller, Action, Adventure",0,0,6,123,,10,https://image.tmdb.org/t/p/w500/3x3QKhTVoxaNWplR2MPXzSGSzB9.jpg,hi,0.0,Flop,5.845098040014257,0
Mumbai 125 KM,2014,Horror,3000000,0,4,100,Light and Shadow Films,10,https://image.tmdb.org/t/p/w500/A1HwHUsXmKKtOk7zekN2a1EMaV2.jpg,hi,-1.0,Flop,5.698970004336019,-3000000
Dedh Ishqiya,2014,"Comedy, Drama, Romance",0,0,44,152,"Vishal Bhardwaj Pictures, Shemaroo Entertainment",1,https://image.tmdb.org/t/p/w500/r6KLehJgkGUBFBS1geBOZIlPozm.jpg,hi,0.0,Flop,6.653212513775344,0
Station,2014,"Crime, Drama, Thriller",0,0,0,103,Sumit Ghosh Media,3,https://image.tmdb.org/t/p/w500/xTQFuNjG81Adk2DqISsRXA2QbB5.jpg,hi,0.0,Flop,5.0,0
City Lights,2014,"Thriller, Drama",840000,0,32,126,Vishesh Films,5,https://image.tmdb.org/t/p/w500/rrzypABFDyTpwbTLbmsXU9A8qEM.jpg,hi,-1.0,Flop,6.518513939877888,-840000
Bobby Jasoos,2014,"Drama, Action, Comedy",0,0,31,121,"Reliance Entertainment, BornFreeEntertainment, Born Free Entertainment",7,https://image.tmdb.org/t/p/w500/pJrV232nBTrRO5Zgz2Vj9LjMtR2.jpg,hi,0.0,Flop,6.505149978319906,0
Youngistaan,2014,"Drama, Romance",0,0,16,133,"MSM Motion Pictures, Pooja Entertainment",3,https://image.tmdb.org/t/p/w500/89mWkdOnrXeq2V9B8piLYad3s9s.jpg,hi,0.0,Flop,6.230448921378274,0
Darr @ the Mall,2014,"Horror, Thriller",0,0,14,124,Contiloe Pictures,2,https://image.tmdb.org/t/p/w500/4Ulk36fzSrgK2Lgk7wjJDkhgFRn.jpg,hi,0.0,Flop,6.176091259055681,0
Mehrooni,2014,Drama,0,0,3,10,,9,https://image.tmdb.org/t/p/w500/cIMnzlpx9OXWdcVaEYYT453FDj7.jpg,hi,0.0,Flop,5.6020599913279625,0
Kali-Katha: The Prologue to Ugly,2014,Unknown,0,0,0,5,,12,https://image.tmdb.org/t/p/w500/3yP17dZ0zIOG8L4Inlr0j91Ttvr.jpg,hi,0.0,Flop,5.0,0
The Shaukeens,2014,Comedy,0,0,23,124,"Cape Of Good Films, Cine1 Studios, Ashwin Varde Productions, Trilogic Digital Media",11,https://image.tmdb.org/t/p/w500/hAAzlXKdYtheXSVrWQKTQ6Dy0oR.jpg,hi,0.0,Flop,6.380211241711606,0
Shaadi Ke Side Effects,2014,"Comedy, Romance",0,0,34,145,"Pritish Nandy Communications, Balaji Motion Pictures",2,https://image.tmdb.org/t/p/w500/mSIwlMSpxTIcTKqcrtG4e2VuBPe.jpg,hi,0.0,Flop,6.544068044350276,0
Sulemani Keeda,2014,"Romance, Comedy",0,0,9,89,Tulsea Pictures,9,https://image.tmdb.org/t/p/w500/ihQRKI6vhPJ8km95GgE92dyX8BK.jpg,hi,0.0,Flop,6.0,0
Mumbai Delhi Mumbai,2014,"Comedy, Romance",0,0,5,120,Viacom18 Studios,12,https://image.tmdb.org/t/p/w500/cJo7zXrb7L4mrDPGaREE6ze8DkO.jpg,hi,0.0,Flop,5.778151250383644,0
Secrets of Sex Chapter 3,2014,Drama,0,0,3,108,,11,https://image.tmdb.org/t/p/w500/f1T1NYfX9xR5JfVJjxGmOnNoMmL.jpg,hi,0.0,Flop,5.6020599913279625,0
Heartless,2014,"Drama, Family, Romance",0,0,5,131,,2,https://image.tmdb.org/t/p/w500/7CUulfSpqAvNtemgO4ZiNf6zy3s.jpg,hi,0.0,Flop,5.778151250383644,0
Dishkiyaoon,2014,"Action, Thriller",0,0,11,119,,3,https://image.tmdb.org/t/p/w500/jsKD1GWFtzQD7dJzQ7MvLmxMpGr.jpg,hi,0.0,Flop,6.079181246047625,0
Trip to Bhangarh,2014,"Thriller, Horror",0,0,4,113,Shamrock Communication,4,https://image.tmdb.org/t/p/w500/XtmtOoaCtOjXuCjfOsaRVVEAf2.jpg,hi,0.0,Flop,5.698970004336019,0
Mighty Raju Rio Calling,2014,Animation,0,0,1,99,Green Gold Animation,5,,hi,0.0,Flop,5.301029995663981,0
The Honour Keeper,2014,Unknown,0,0,0,62,,2,https://image.tmdb.org/t/p/w500/zNpvVoN7bfBf8D3IMVmyNjpZfm3.jpg,hi,0.0,Flop,5.0,0
Samrat & Co.,2014,"Action, Mystery, Crime, Thriller, Romance",0,0,4,125,Rajshri Productions,4,https://image.tmdb.org/t/p/w500/17e7J9YXfKzQb3B1AFvy8bf0eqw.jpg,hi,0.0,Flop,5.698970004336019,0
Spark,2014,Action,0,0,0,0,,10,https://image.tmdb.org/t/p/w500/jcKO04bBOz8Fazv1zP6Jjf615vM.jpg,hi,0.0,Flop,5.0,0
Mad About Dance,2014,"Music, Drama",0,0,2,145,,8,https://image.tmdb.org/t/p/w500/5AzQTuwzYsXQJBicL2gCnWfutzP.jpg,hi,0.0,Flop,5.477121254719663,0
One by Two,2014,"Comedy, Drama, Romance",0,0,6,139,Viacom18 Studios,1,https://image.tmdb.org/t/p/w500/dbiR3BH0NlZlFBQIv73dZn3ZBqk.jpg,hi,0.0,Flop,5.845098040014257,0
Lateef,2015,Thriller,640000,93000,2,118,,6,https://image.tmdb.org/t/p/w500/eabIRdfKd6MTTbPXGzYTkPXHk8u.jpg,hi,-0.8546875,Flop,5.477121254719663,-547000
I Love NY,2015,"Romance, Comedy",0,0,13,127,T-Series,7,https://image.tmdb.org/t/p/w500/5lXrYTHpoBZm5529NOkgubhTWrE.jpg,hi,0.0,Flop,6.146128035678238,0
Baby,2015,"Action, Thriller",0,0,186,160,"T-Series, Cape Of Good Films, Crouching Tiger Motion Pictures, Friday Filmworks",1,https://image.tmdb.org/t/p/w500/5yezGgo37qmd6kDknZKFzbhT19b.jpg,hi,0.0,Flop,7.2718416065364995,0
Mrs. Scooter,2015,Drama,0,0,1,0,"S2S Productions, FilmyBox Movies, Neon Lights Pictures",12,https://image.tmdb.org/t/p/w500/ogfgg0evLb0SyuSfBmFcsLX7VJ6.jpg,hi,0.0,Flop,5.301029995663981,0
Bajrangi Bhaijaan,2015,"Comedy, Drama, Adventure",13000000,150000000,530,159,"Rockline Entertainments, Kabir Khan Films, Salman Khan Films",7,https://image.tmdb.org/t/p/w500/vhlliI7HZZlWfo5d6CiyfBAGLrW.jpg,hi,10.538461538461538,Hit,7.725094521081469,137000000
Dilwale,2015,"Crime, Action, Comedy",26000000,61000000,335,158,"Red Chillies Entertainment, Rohit Shetty Productionz",12,https://image.tmdb.org/t/p/w500/pYgPu6hhOr61knwbestTx4vSdMb.jpg,hi,1.3461538461538463,Hit,7.5263392773898445,35000000
Bumper Draw,2015,Comedy,0,0,2,130,Entertainment Black Pearl Movie Pvt. Ltd,10,https://image.tmdb.org/t/p/w500/pgNByijNr3KoxOnEGl6f9Lrlhbz.jpg,hi,0.0,Flop,5.477121254719663,0
Bunny,2015,Unknown,0,0,0,5,,2,https://image.tmdb.org/t/p/w500/bH8LxoJ7WnPBvpRBNOuYF5GKwOC.jpg,hi,0.0,Flop,5.0,0
Chaar Cutting,2015,Unknown,0,0,0,77,,5,,hi,0.0,Flop,5.0,0
Chitrashala: House of Paintings,2015,"Animation, Drama",0,0,0,19,,2,https://image.tmdb.org/t/p/w500/vBN0RvWbDoL8cW5yWXjDsktdi4e.jpg,hi,0.0,Flop,5.0,0
Drishyam,2015,"Mystery, Thriller, Drama",4600000,18000000,469,163,"Panorama Studios, Viacom18 Studios",7,https://image.tmdb.org/t/p/w500/gIClWRv5OSe8rl5Koi0AeUcCZ9Z.jpg,hi,2.9130434782608696,Hit,7.672097857935718,13400000
Kuch Kuch Locha Hai,2015,"Comedy, Drama",0,0,7,143,Magic Pictures and Entertainment,5,https://image.tmdb.org/t/p/w500/kLw3iBJsbPbQ9aoChXBceW0gFN7.jpg,hi,0.0,Flop,5.903089986991944,0
Love Exchange,2015,Romance,0,0,0,0,,10,https://image.tmdb.org/t/p/w500/wNHuzCoFN937ftVowbewqS74pGX.jpg,hi,0.0,Flop,5.0,0
Bajirao Mastani,2015,"History, Romance, Drama",19500000,56000000,298,158,"Eros International, Bhansali Productions",12,https://image.tmdb.org/t/p/w500/eXKHjELZAbF7cVd9fzYMhvSsXDI.jpg,hi,1.8717948717948718,Hit,7.47567118832443,36500000
El’ayichi,2015,Comedy,0,0,2,5,"Terribly Tiny Tales, Pocket Films - Indian Short Films",2,https://image.tmdb.org/t/p/w500/fqsD1e7OILEaHkP9SZ8T6rlY6lM.jpg,hi,0.0,Flop,5.477121254719663,0
Dil Dhadakne Do,2015,"Drama, Family, Romance",13000000,22000000,156,170,"Excel Entertainment, Junglee Pictures, KanZaman Productions, LPT Film, Emme Film, Condominium Films, Jake Production, Sindbad Productions, Eros International",6,https://image.tmdb.org/t/p/w500/AqFX6282JM2ollS4XTFp6t6Dwa9.jpg,hi,0.6923076923076923,Average,7.195899652409233,9000000
Parched,2015,Drama,2700000,0,94,116,"Blue Waters Motion Pictures, Shivalaya Entertainment, Airan Consultants, Ashlee Films, Ajay Devgn FFilms, Seville International, Entertainment One",11,https://image.tmdb.org/t/p/w500/cpuW4xGdUVZep3Otwo97xnEzdWi.jpg,hi,-1.0,Flop,6.977723605288848,-2700000
Calendar Girls,2015,Drama,0,0,10,131,"Bhandarkar Entertainment, Mangal Murti Films",9,https://image.tmdb.org/t/p/w500/9dbjSXOxom79XMaYGqvF6X0vQ4Y.jpg,hi,0.0,Flop,6.041392685158225,0
Brothers,2015,"Action, Drama",0,0,88,155,"Dharma Productions, Endemol Shine India, Lionsgate, Fox Star Studios, Fox International Productions India",8,https://image.tmdb.org/t/p/w500/kjZv4IbGdn84Bxqt3aBB6zlWZPK.jpg,hi,0.0,Flop,6.949390006644913,0
Margarita with a Straw,2015,Drama,900000,1000000,81,100,Viacom18 Studios,4,https://image.tmdb.org/t/p/w500/cY2MKU0EBZye6wAfWadA3oecy8O.jpg,hi,0.1111111111111111,Average,6.913813852383717,100000
Dum Laga Ke Haisha,2015,"Comedy, Drama, Romance",0,0,135,111,Yash Raj Films,2,https://image.tmdb.org/t/p/w500/c9TX2kH1rG7QYEl09flOVg82QdU.jpg,hi,0.0,Flop,7.133538908370218,0
Talvar,2015,"Thriller, Drama, Mystery",0,0,186,132,"Vishal Bhardwaj Pictures, Jar Pictures, Junglee Pictures",10,https://image.tmdb.org/t/p/w500/vye2RxyxXKeTIJBSHo0HkvFuTCR.jpg,hi,0.0,Flop,7.2718416065364995,0
Tamasha,2015,"Romance, Drama, Comedy",0,0,164,139,"Window Seat Films, UTV Motion Pictures, Nadiadwala Grandson Entertainment",11,https://image.tmdb.org/t/p/w500/8Ktf15qGVFYQ6CdBtBgCDM96UMC.jpg,hi,0.0,Flop,7.217483944213907,0
Singh Is Bliing,2015,"Action, Comedy",0,0,80,140,"Eros International, Grazing Goat Pictures",10,https://image.tmdb.org/t/p/w500/tBkCntLUWwZ0kXDE1DlZBlvLbsK.jpg,hi,0.0,Flop,6.9084850188786495,0
Hero,2015,"Romance, Action, Drama",0,5000000,29,145,"Mukta Arts Ltd, Salman Khan Films, Emmay Entertainment",9,https://image.tmdb.org/t/p/w500/esBeEnXx8tSCcGF4DKwwESxsAp8.jpg,hi,0.0,Flop,6.477121254719663,5000000
Masaan,2015,Drama,0,0,196,109,"Sikhya Entertainment, Drishyam Films, Phantom Films, Macassar Productions, ARTE France Cinéma",7,https://image.tmdb.org/t/p/w500/qWsfT6VzUawkOBAqObTqaO6NUxw.jpg,hi,0.0,Flop,7.294466226161592,0
Hamari Adhuri Kahani,2015,Drama,0,0,45,129,"Vishesh Films, Fox Star Studios",6,https://image.tmdb.org/t/p/w500/joiHOPFGtmY45YwP7Bnm7KvzL8H.jpg,hi,0.0,Flop,6.662757831681574,0
Prem Ratan Dhan Payo,2015,"Romance, Drama, Action",23400000,67000000,119,164,"Fox Star Studios, Rajshri Productions",11,https://image.tmdb.org/t/p/w500/pCxT9c2E0YhzxsSkweVW2ELO3mS.jpg,hi,1.8632478632478633,Hit,7.079181246047625,43600000
ABCD 2,2015,Drama,0,892000,95,154,"UTV Motion Pictures, Disney World Cinema",6,https://image.tmdb.org/t/p/w500/7S0heTpQydVBSYl6yBxmqVyentQ.jpg,hi,0.0,Flop,6.982271233039569,892000
Kis Kisko Pyaar Karoon,2015,"Comedy, Romance",0,0,30,132,"Venus Records & Tapes, Abbas Mustan Film Productions Pvt Ltd",9,https://image.tmdb.org/t/p/w500/e3fZkrzWlgX3QDmQelygxKpyB2I.jpg,hi,0.0,Flop,6.491361693834273,0
Gabbar Is Back,2015,"Drama, Action",11000000,41000000,131,130,"Viacom18 Studios, Bhansali Productions",5,https://image.tmdb.org/t/p/w500/dhIVF43jCqVzxuo11hYcHQxjzS6.jpg,hi,2.727272727272727,Hit,7.1205739312058505,30000000
Cheers,2015,Drama,0,0,5,6,Terribly Tiny Tales,5,,hi,0.0,Flop,5.778151250383644,0
Badmashiyaan,2015,"Comedy, Romance",0,0,1,128,,3,https://image.tmdb.org/t/p/w500/4a0E831ZNzgEBXg9tGH8Gks3wzb.jpg,hi,0.0,Flop,5.301029995663981,0
Agli baar,2015,Crime,0,0,0,7,,1,,hi,0.0,Flop,5.0,0
Piku,2015,"Comedy, Drama",5500000,22159216,211,123,"Rising Sun Films, MSM Motion Pictures, Saraswati Entertainment Creations Limited, Yash Raj Films",5,https://image.tmdb.org/t/p/w500/yo7EZWiLpLGhqs3YnlDGDBPjfTb.jpg,hi,3.0289483636363634,Hit,7.326335860928751,16659216
Badlapur,2015,"Crime, Thriller, Action, Drama",3700000,11480000,146,134,"Maddock Films, Eros International",2,https://image.tmdb.org/t/p/w500/ePy0EqRwO2mi5RVH4X0MiUlMU8.jpg,hi,2.1027027027027025,Hit,7.167317334748176,7780000
Phantom,2015,"Thriller, Action",8600000,13676590,52,136,"UTV Motion Pictures, Nadiadwala Grandson Entertainment",8,https://image.tmdb.org/t/p/w500/en6nlTMR7ZUqLvzZhEEDQU5IJxC.jpg,hi,0.5903011627906977,Average,6.724275869600789,5076590
Roy,2015,"Romance, Action, Drama",500,5400,27,146,"Freeway Pictures, T-Series",2,https://image.tmdb.org/t/p/w500/kiQVm9AUAHhFhl4vPZAZJQMyRh2.jpg,hi,9.8,Hit,6.447158031342219,4900
Khamoshiyan,2015,"Drama, Horror",0,0,18,122,Vishesh Films,1,https://image.tmdb.org/t/p/w500/4yNjLtm5Qr576797ESq3evEOBYq.jpg,hi,0.0,Flop,6.278753600952829,0
Welcome Back,2015,"Action, Comedy",0,0,70,153,Base Industries Group,9,https://image.tmdb.org/t/p/w500/xnRIT3ggVcJxGWylKw85n6pteLp.jpg,hi,0.0,Flop,6.8512583487190755,0
Detective Byomkesh Bakshy!,2015,"Action, Mystery, Drama",5100000,5200000,105,139,Dibakar Banerjee Productions,4,https://image.tmdb.org/t/p/w500/7IvuZioWIvj8UAIWJhGtLsqwwt.jpg,hi,0.0196078431372549,Average,7.02530586526477,100000
Barkhaa,2015,"Drama, Romance",0,0,9,127,Zahara Productions,3,https://image.tmdb.org/t/p/w500/s038BuNRs4xQxEsgjcALbxZyJbs.jpg,hi,0.0,Flop,6.0,0
Dhanak,2015,"Drama, Comedy",0,0,48,106,"Manish Realities, Drishyam Films, Kukunoor Movies",2,https://image.tmdb.org/t/p/w500/7mBn8XwMkx2HlNtIRhZE5SIfAwl.jpg,hi,0.0,Flop,6.690196080028514,0
Umrika,2015,"Drama, Comedy",0,0,37,98,Samosa Stories,7,https://image.tmdb.org/t/p/w500/zdn8Ya8XtmTMSQUUVwEqkGoi7Td.jpg,hi,0.0,Flop,6.57978359661681,0
Manjhi: The Mountain Man,2015,Drama,2500000,0,78,124,"Maya Movies, National Film Development Corporation of India, Viacom18 Studios",8,https://image.tmdb.org/t/p/w500/nmFL0KThULuggh7DxUimi5XTTWu.jpg,hi,-1.0,Flop,6.897627091290442,-2500000
Shaandaar,2015,"Comedy, Romance",0,0,65,144,"Fox Star Studios, Dharma Productions, Phantom Films",10,https://image.tmdb.org/t/p/w500/5P4zbvCglw1WW61aCol3vJ1N28j.jpg,hi,0.0,Flop,6.819543935541869,0
Bombay Velvet,2015,"Crime, Thriller",18000000,1500000,44,151,"Fox Star Studios, Phantom Films",5,https://image.tmdb.org/t/p/w500/pLd96xMgrwNBNRnBaTa1h0bgeSS.jpg,hi,-0.9166666666666666,Flop,6.653212513775344,-16500000
Dirty Politics,2015,"Drama, Thriller",0,0,5,129,B.M.B Music & Magnetics Ltd.,3,https://image.tmdb.org/t/p/w500/992psBn4j8VuLB4kYc85YJ0wNLa.jpg,hi,0.0,Flop,5.778151250383644,0
Shamitabh,2015,"Comedy, Drama, Thriller",3700000,0,55,135,"Wunderbar Films, Amitabh Bachchan Corporation Limited, Balaji Motion Pictures, Hope Productions",2,https://image.tmdb.org/t/p/w500/3D5FG0oceTEpgLrz1v8aFWja3wn.jpg,hi,-1.0,Flop,6.748188027006201,-3700000
NH10,2015,"Crime, Thriller",200000,5100000,83,115,"Eros International, Phantom Films, Clean Slate Films",3,https://image.tmdb.org/t/p/w500/1PPUgbQE9UVrgPyMif8urLSIKWb.jpg,hi,24.5,Hit,6.924279286061882,4900000
Dharam Sankat Mein,2015,"Comedy, Drama, Family, Fantasy, Mystery",0,0,18,129,"trigno media, Viacom18 Studios",4,https://image.tmdb.org/t/p/w500/bjsXitRDmeQWIoUyQ3ZeUTonbkU.jpg,hi,0.0,Flop,6.278753600952829,0
Hunterrr,2015,"Drama, Romance",0,0,37,141,"A Tailormade Films, Phantom Films",3,https://image.tmdb.org/t/p/w500/2NEEd6vpnLjPP2LaiT4WDcMvxZ9.jpg,hi,0.0,Flop,6.57978359661681,0
Dream Mall,2015,Crime,0,0,0,90,,6,https://image.tmdb.org/t/p/w500/3W972v4W3jY19ODE03KK4WtryHA.jpg,hi,0.0,Flop,5.0,0
Tanu Weds Manu: Returns,2015,"Comedy, Romance",6153000,39270000,165,128,"Eros International, Colour Yellow Productions",5,https://image.tmdb.org/t/p/w500/sO3XD6ZDZetb2N6YDQrHLTVQrfq.jpg,hi,5.382252559726963,Hit,7.220108088040055,33117000
Angry Indian Goddesses,2015,"Comedy, Drama",0,0,46,115,"Protein Entertainment, Jungle Book Studio, One Two Films",12,https://image.tmdb.org/t/p/w500/qn7kTThiHtZHp7CAdpGSS9ik4ly.jpg,hi,0.0,Flop,6.672097857935718,0
Bangistan,2015,"Comedy, Drama",3600000,830000,12,135,"Excel Entertainment, Junglee Pictures",8,https://image.tmdb.org/t/p/w500/zvZ4NHTmkpXuGD33HnvpFNvqNBs.jpg,hi,-0.7694444444444445,Flop,6.113943352306837,-2770000
Welcome 2 Karachi,2015,Comedy,0,0,5,131,,5,https://image.tmdb.org/t/p/w500/5k9J53bv3MtJlUti4vVUedK5PMd.jpg,hi,0.0,Flop,5.778151250383644,0
Alone,2015,Horror,0,0,26,133,Panorama Studios,1,https://image.tmdb.org/t/p/w500/ftaw15yhtjPT9EBrXtqXpiyzXHM.jpg,hi,0.0,Flop,6.431363764158988,0
Jazbaa,2015,"Thriller, Action",0,0,33,119,White Feather Films,10,https://image.tmdb.org/t/p/w500/lasy6dL6VgII8EJzvCxNhNsneuS.jpg,hi,0.0,Flop,6.531478917042255,0
RX Suri,2015,Action,0,0,0,146,,9,https://image.tmdb.org/t/p/w500/s1m48lEZoDswqNvz8U0XY7yDfOi.jpg,hi,0.0,Flop,5.0,0
Meeruthiya Gangsters,2015,"Crime, Comedy",0,0,2,129,Friday To Friday Entertainers,9,https://image.tmdb.org/t/p/w500/yezUNRqLWeiMD8z8AfClbZLAs6C.jpg,hi,0.0,Flop,5.477121254719663,0
Katti Batti,2015,"Comedy, Romance, Drama",0,4079135,18,138,"Emmay Entertainment, UTV Motion Pictures",9,https://image.tmdb.org/t/p/w500/3Q2gzibVqJI7Bt6jYELtLfWEdYw.jpg,hi,0.0,Flop,6.278753600952829,4079135
Hawaizaada,2015,"Drama, Fantasy, History",3500000,0,15,157,"Reliance Entertainment, Trilogic Digital Media, Film Farmers Production",1,https://image.tmdb.org/t/p/w500/hfva9KEVTRvYQpq7mdlTmM9KVLM.jpg,hi,-1.0,Flop,6.204119982655925,-3500000
Mr. X,2015,"Action, Science Fiction, Thriller",0,0,20,125,Vishesh Films,4,https://image.tmdb.org/t/p/w500/uNaJnX3LDy6E2HvR50mgQ53Qvu2.jpg,hi,0.0,Flop,6.3222192947339195,0
Awakenings,2015,"Horror, Mystery",0,0,4,14,Lorien Motion Pictures,6,https://image.tmdb.org/t/p/w500/wdsfmN74TorUC226ThGjEWdRNCn.jpg,hi,0.0,Flop,5.698970004336019,0
Titli,2015,"Drama, Action, Crime",0,0,37,112,"Yash Raj Films, Dibakar Banerjee Productions",5,https://image.tmdb.org/t/p/w500/mGknAQus2ayOXjVkVA6GJZCnPfH.jpg,hi,0.0,Flop,6.57978359661681,0
Miss Tanakpur Haazir Ho,2015,Unknown,0,0,4,0,,6,https://image.tmdb.org/t/p/w500/w8KMYuFoi4B5UY7X3WAQu7qil2d.jpg,hi,0.0,Flop,5.698970004336019,0
Guddu Rangeela,2015,Unknown,0,0,7,0,Fox Star Studios,7,https://image.tmdb.org/t/p/w500/y2iEYUktiTFLjmNMEsyX27tszVg.jpg,hi,0.0,Flop,5.903089986991944,0
Rahasya,2015,"Thriller, Mystery",0,0,36,123,"Viacom18 Studios, UVI Film Productions",1,https://image.tmdb.org/t/p/w500/kU5E9jP1a6IVmm8F3syqsKbF4W2.jpg,hi,0.0,Flop,6.568201724066995,0
Main Aur Charles,2015,"Drama, Crime",0,0,10,119,"Cynozure Networkz, Wave Cinemas",10,https://image.tmdb.org/t/p/w500/sETdbhC6YsgtQZpMQkighZmtWxN.jpg,hi,0.0,Flop,6.041392685158225,0
Bezubaan Ishq,2015,Music,0,0,0,125,,7,https://image.tmdb.org/t/p/w500/AbdK1f2CWo1UDPvN28sBuTdUDjN.jpg,hi,0.0,Flop,5.0,0
All Is Well,2015,"Romance, Comedy, Drama",0,0,18,126,"T-Series, Allchemy Productions",8,https://image.tmdb.org/t/p/w500/hsruH6BJCDy5ELSB7u9oZKryf2M.jpg,hi,0.0,Flop,6.278753600952829,0
Hey Bro,2015,"Action, Comedy, Drama",0,0,2,113,Pushpa Krishna Creations,3,https://image.tmdb.org/t/p/w500/90rjJrfxTtE7s1gAv5iQhzqhPSr.jpg,hi,0.0,Flop,5.477121254719663,0
Guddu Ki Gun,2015,Comedy,0,0,7,130,,10,https://image.tmdb.org/t/p/w500/8CMeDmIETdt18Xl1H2Do9gpUDg.jpg,hi,0.0,Flop,5.903089986991944,0
Dolly Ki Doli,2015,"Comedy, Romance",0,0,27,98,,1,https://image.tmdb.org/t/p/w500/8xn2K7FAa8JI8sXITW5M92b6u1Y.jpg,hi,0.0,Flop,6.447158031342219,0
Ab Tak Chhappan 2,2015,"Crime, Action",0,0,10,105,Alumbra Films,2,https://image.tmdb.org/t/p/w500/acRIouyjmxO9UwKtFSHslUU192Z.jpg,hi,0.0,Flop,6.041392685158225,0
Yaara Silly Silly,2015,Unknown,0,0,3,108,,11,https://image.tmdb.org/t/p/w500/fbUQRfJ8AWxTD905TjhZS04Zeao.jpg,hi,0.0,Flop,5.6020599913279625,0
Bhaag Johnny,2015,Thriller,0,0,8,118,T-Series,9,https://image.tmdb.org/t/p/w500/5Vs5TYt6lEq88zBURWr7lydqCnL.jpg,hi,0.0,Flop,5.954242509439325,0
Gauraiya,2015,Crime,0,0,1,125,,8,https://image.tmdb.org/t/p/w500/olghFqBQgTi7OEbrul31hqjLRbz.jpg,hi,0.0,Flop,5.301029995663981,0
Ishq Sarfira,2015,"Action, Thriller",0,0,0,0,"AK Films productions, Rahul Productions",11,,hi,0.0,Flop,5.0,0
Wedding Pullav,2015,"Romance, Comedy",0,0,5,113,Eros International,10,https://image.tmdb.org/t/p/w500/kIBsxI5BAudLcGxlHTmj7RkDPsU.jpg,hi,0.0,Flop,5.778151250383644,0
Pyaar Ka Punchnama 2,2015,"Romance, Comedy, Drama",0,0,78,136,Zee Music Company,10,https://image.tmdb.org/t/p/w500/2EjMwAPh8ILLZloqr5U42BCoWMe.jpg,hi,0.0,Flop,6.897627091290442,0
Uvaa,2015,"Comedy, Drama",0,0,0,138,,6,https://image.tmdb.org/t/p/w500/zkhoAOX0leq0ZtzT8k5fYNh0HoZ.jpg,hi,0.0,Flop,5.0,0
Gour Hari Dastaan,2015,Drama,0,0,2,116,,8,https://image.tmdb.org/t/p/w500/oUHgF4zYVdpYPWoyuLdswhEz9vs.jpg,hi,0.0,Flop,5.477121254719663,0
Dilliwaali Zaalim Girlfriend,2015,"Comedy, Drama",0,0,1,121,JAP Films,3,https://image.tmdb.org/t/p/w500/m3hCg2tbdt6D2qVVYPomo5LTiNj.jpg,hi,0.0,Flop,5.301029995663981,0
Haraamkhor,2015,Drama,0,0,34,90,Sikhya Entertainment,11,https://image.tmdb.org/t/p/w500/pZMrkB3Y2srTl4MwMOqQSnNBeVN.jpg,hi,0.0,Flop,6.544068044350276,0
Time Out,2015,"Drama, Family",0,0,6,98,Viacom18 Studios,9,https://image.tmdb.org/t/p/w500/vVQXGo618jyqOekkgJ9R3bQbfIq.jpg,hi,0.0,Flop,5.845098040014257,0
Rajwade and Sons,2015,Drama,0,0,2,125,Kaffe Kamera,10,https://image.tmdb.org/t/p/w500/tnatBgVaxM5qdoVZc6dimRczLkN.jpg,hi,0.0,Flop,5.477121254719663,0
The Homecoming,2015,Unknown,0,0,0,7,"Urban Ladder, Boring Brands, Kreative Wings Studios",10,,hi,0.0,Flop,5.0,0
Chal Guru Ho Ja Shuru,2015,Unknown,0,0,1,0,,1,https://image.tmdb.org/t/p/w500/fdF7vE1vnqC2mcSjIBLrAFgAS0Q.jpg,hi,0.0,Flop,5.301029995663981,0
Kaun Kitney Paani Mein,2015,"Drama, Comedy, Family",0,0,3,0,,8,https://image.tmdb.org/t/p/w500/bxDK3u6eQvrKl4vf4mSvYjickjM.jpg,hi,0.0,Flop,5.6020599913279625,0
Pocket Gangsters,2015,"Romance, Thriller",0,0,1,110,Ciemme Entertainment,1,https://image.tmdb.org/t/p/w500/1oaX61zuPRaNlVR7SJdBhnwB48U.jpg,hi,0.0,Flop,5.301029995663981,0
Second Hand Husband,2015,Unknown,0,0,3,105,,7,https://image.tmdb.org/t/p/w500/jT0e1Yzbj89q9UAy2CNRNr19rPJ.jpg,hi,0.0,Flop,5.6020599913279625,0
Madmast Barkhaa,2015,Thriller,0,0,2,0,,7,https://image.tmdb.org/t/p/w500/3Hajycp5WUlnX1hIoahNyral8x5.jpg,hi,0.0,Flop,5.477121254719663,0
My Genie Uncle,2015,"Family, Music, Fantasy",0,0,0,132,Aar Motion Pictures,6,https://image.tmdb.org/t/p/w500/8Y17OY7kNlGUNeLwbTF38N1xN54.jpg,hi,0.0,Flop,5.0,0
Sharafat Gayi Tel Lene,2015,Unknown,0,0,3,108,,1,https://image.tmdb.org/t/p/w500/hqAOKXYy3P03j2meEpcVMiOEnZY.jpg,hi,0.0,Flop,5.6020599913279625,0
Mahayoddha Rama,2016,Animation,0,0,1,112,Contiloe Pictures,11,https://image.tmdb.org/t/p/w500/9pHGtx3vVc4GWiwOiBpM7viIWDC.jpg,hi,0.0,Flop,5.301029995663981,0
Love Games,2016,"Romance, Thriller",0,0,11,114,Vishesh Films,4,https://image.tmdb.org/t/p/w500/bZbfW7ZycVrruGl3tEQcrTECwBo.jpg,hi,0.0,Flop,6.079181246047625,0
Fan,2016,"Action, Adventure, Thriller",12750000,28000000,259,138,"Red Chillies Entertainment, Yash Raj Films, Prime Focus",4,https://image.tmdb.org/t/p/w500/ukMYsujfyWhSeIBAc9hGEFEkrJD.jpg,hi,1.196078431372549,Hit,7.414973347970818,15250000
Rustom,2016,"Thriller, Drama, Crime",6114349,26309214,133,148,"KriArj Entertainment, Zee Studios, Hari Om Entertainment",8,https://image.tmdb.org/t/p/w500/xwf74VcrHu1etzOsRVx7nckPPLR.jpg,hi,3.302864295119562,Hit,7.127104798364808,20194865
Fitoor,2016,"Romance, Drama",0,0,56,131,"Guy in the Sky Pictures, UTV Motion Pictures, Film Polska Production",2,https://image.tmdb.org/t/p/w500/7D8KKUspZVzr4pevoiP8G5vs6fI.jpg,hi,0.0,Flop,6.7558748556724915,0
Dangal,2016,"Drama, Family, Comedy",10400000,311000000,1114,161,"Aamir Khan Productions, UTV Motion Pictures, Disney World Cinema",12,https://image.tmdb.org/t/p/w500/1CoKNi3XVyijPCvy0usDbSWEXAg.jpg,hi,28.903846153846153,Hit,8.047274867384179,300600000
Tirati,2016,"Drama, Family",0,0,0,16,Whistling Woods International,1,https://image.tmdb.org/t/p/w500/vQb4nbvFzAXzcZIhpk3xJZcaZQJ.jpg,hi,0.0,Flop,5.0,0
Teraa Surroor,2016,"Romance, Action, Drama",0,0,2,146,,3,https://image.tmdb.org/t/p/w500/TEmVh8kmEZzmLTvX4g1JTiGU52.jpg,hi,0.0,Flop,5.477121254719663,0
Airlift,2016,"Drama, History, Action",4500000,32000000,209,126,"T-Series, Hari Om Entertainment, Cape Of Good Films, Viacom18 Studios, Abundantia Entertainment, Emmay Entertainment",1,https://image.tmdb.org/t/p/w500/oyaxIm3kTWDQtcYQ45eN5sZ6WIz.jpg,hi,6.111111111111111,Hit,7.32221929473392,27500000
Warrior Savitri,2016,"Thriller, Action",0,0,5,120,,7,https://image.tmdb.org/t/p/w500/lyNeae14whzHELtqXTWJGJPrnnh.jpg,hi,0.0,Flop,5.778151250383644,0
Loev,2016,"Drama, Romance",0,0,103,90,"Productions Four Line Films, Bombay Berlin Film",5,https://image.tmdb.org/t/p/w500/d8joulbNy1LlJpT9xrGvS8KgjAC.jpg,hi,0.0,Flop,7.017033339298781,0
Dongri Ka Raja,2016,"Romance, Action, Drama",0,0,2,0,Filmy Keeda Productions,11,https://image.tmdb.org/t/p/w500/b3cONPHeryjostGZ7nq4L4YloLE.jpg,hi,0.0,Flop,5.477121254719663,0
Wah Taj,2016,"Comedy, Drama",0,0,2,125,Pun Films Pvt. Ltd SpyderWave Films,9,https://image.tmdb.org/t/p/w500/aHCjjaVFMkwi5UuLlFMEGbqI70i.jpg,hi,0.0,Flop,5.477121254719663,0
Jugni,2016,Drama,0,0,4,110,Dhun Productions,1,https://image.tmdb.org/t/p/w500/fQjHWynvrbmzeegmmOGWFo8iTOi.jpg,hi,0.0,Flop,5.698970004336019,0
Great Grand Masti,2016,"Comedy, Fantasy, Horror",0,0,39,127,Balaji Motion Pictures,7,https://image.tmdb.org/t/p/w500/vbbH4PoR6SPhVbospP1nFHzHpiz.jpg,hi,0.0,Flop,6.6020599913279625,0
Bollywood Diaries,2016,Drama,0,0,1,123,"Eagle Eye Entertainment, Rehab Pictures Private Limited",2,https://image.tmdb.org/t/p/w500/vFubh0L1Ok8AKZPi51MSuwk7DWQ.jpg,hi,0.0,Flop,5.301029995663981,0
Kanha,2016,Unknown,0,0,0,119,"Viking Entertainment, Youngberry Entertainment, Essel Vision Productions",8,https://image.tmdb.org/t/p/w500/jB15YSfn5KvSApMFdU0wcOdXcur.jpg,hi,0.0,Flop,5.0,0
One Night Stand,2016,"Drama, Romance",0,0,18,97,Swiss Entertainment,5,https://image.tmdb.org/t/p/w500/A0CExJQZRf8CWDLPGSywTTHLeZl.jpg,hi,0.0,Flop,6.278753600952829,0
Global Baba,2016,Thriller,0,0,3,120,Vijay Arts,3,https://image.tmdb.org/t/p/w500/k2h1JK1dFT9ziyjgr06ZOw3Ma42.jpg,hi,0.0,Flop,5.6020599913279625,0
Sultan,2016,"Drama, Action, Romance",10400000,102000000,250,170,Yash Raj Films,7,https://image.tmdb.org/t/p/w500/vPTYtKuV8X5uUd3SqnzO14W6Dti.jpg,hi,8.807692307692308,Hit,7.399673721481038,91600000
Sanam Teri Kasam,2016,"Drama, Romance",0,0,136,154,"Eros International, Soham Rockstar Entertainment",2,https://image.tmdb.org/t/p/w500/3jKqSy87GVUsXdhwhcO7O1UqrjO.jpg,hi,0.0,Flop,7.136720567156407,0
Banjo,2016,"Music, Action",0,0,10,140,"Eros International, Eros International",9,https://image.tmdb.org/t/p/w500/sWJLsCVU7MckdprbbQi8g02wRYr.jpg,hi,0.0,Flop,6.041392685158225,0
M Cream,2016,"Adventure, Drama, Comedy",0,0,6,114,,7,https://image.tmdb.org/t/p/w500/rPcOn0UCupMDkXFI1LjvNwssIfF.jpg,hi,0.0,Flop,5.845098040014257,0
Ouch,2016,"Drama, Comedy",0,0,5,14,"Royal Stag Barrel Select Large Short Films, Friday Filmworks",10,https://image.tmdb.org/t/p/w500/1SGPjKnlV4tSfe79wt3sELdcc9Y.jpg,hi,0.0,Flop,5.778151250383644,0
Ishq Forever,2016,Romance,0,0,1,0,,2,https://image.tmdb.org/t/p/w500/egLUPL96vSKd3qhNVc6RTBBg0g.jpg,hi,0.0,Flop,5.301029995663981,0
Autohead,2016,"Crime, Drama, Horror",0,0,9,97,"Amit Verma Films, Stalker Films",10,https://image.tmdb.org/t/p/w500/eVy0gCImJz1jSNbKNmS4C6aBA0t.jpg,hi,0.0,Flop,6.0,0
Shivaay,2016,"Adventure, Action, Drama, Thriller",0,0,63,153,"NH Studioz, Pen India Limited, Eros International, Ajay Devgn FFilms",10,https://image.tmdb.org/t/p/w500/2BWgVSH1cbTHtaD11Ckf9JLmT7B.jpg,hi,0.0,Flop,6.8061799739838875,0
Baaghi,2016,"Action, Thriller, Romance, Adventure",5103000,17377000,140,134,"Nadiadwala Grandson Entertainment, UTV Motion Pictures, Benetone Films",4,https://image.tmdb.org/t/p/w500/4IEqNeF3PzL06Y2YKsvi4uMGJ1q.jpg,hi,2.40525181265922,Hit,7.14921911265538,12274000
Pink,2016,"Drama, Thriller",75000000,15020702,235,136,"Saraswati Entertainment Creations Limited, Rising Sun Films",9,https://image.tmdb.org/t/p/w500/6xNhnyKm2M5FEOY7xv5iKiQ5P3.jpg,hi,-0.7997239733333333,Flop,7.372912002970107,-59979298
Neerja,2016,"Drama, Thriller",2900000,17618280,230,122,"Fox Star Studios, Bling Unplugged",2,https://image.tmdb.org/t/p/w500/alDRJWHI1TfqB9ev6cMbVE5P92x.jpg,hi,5.075268965517242,Hit,7.363611979892145,14718280
Mohenjo Daro,2016,"Adventure, Drama, History, Romance",17000000,16000000,87,176,"UTV Motion Pictures, Ashutosh Gowariker Productions",8,https://image.tmdb.org/t/p/w500/3k4ESzzPCQHwjPYJoI489Fk2jZc.jpg,hi,-0.058823529411764705,Flop,6.944482672150169,-1000000
Udta Punjab,2016,"Crime, Drama",5980000,14900000,159,148,"Balaji Motion Pictures, Phantom Films, Cult Movies",6,https://image.tmdb.org/t/p/w500/c7BXGhHwvK1AfDCmfPTtw5LsuIU.jpg,hi,1.491638795986622,Hit,7.204119982655925,8920000
Raman Raghav 2.0,2016,"Thriller, Crime",521873,1013926,127,134,Phantom Films,6,https://image.tmdb.org/t/p/w500/kcc5J5tv3a7y5TjUUmpvcVF6Faj.jpg,hi,0.9428596612585821,Average,7.107209969647869,492053
31st October,2016,"Action, Drama, History",0,0,1,109,,10,https://image.tmdb.org/t/p/w500/oy8AgSHYTOcoLZlcRmPzSjidQI0.jpg,hi,0.0,Flop,5.301029995663981,0
Bathinda Express,2016,Drama,0,0,2,119,,4,https://image.tmdb.org/t/p/w500/kPyJcXyhhu67ddUmTccnFlNEgWB.jpg,hi,0.0,Flop,5.477121254719663,0
M.S. Dhoni: The Untold Story,2016,Drama,0,0,194,190,"Fox Star Studios, Inspired Entertainments, Friday Filmworks",9,https://image.tmdb.org/t/p/w500/lUpMckVHaB55YJ3SMK0arwxKmCt.jpg,hi,0.0,Flop,7.290034611362518,0
A Flying Jatt,2016,"Fantasy, Action, Adventure",0,0,42,151,Balaji Motion Pictures,8,https://image.tmdb.org/t/p/w500/r78PIa3y9CwTEBQnOdMqdGU0NTa.jpg,hi,0.0,Flop,6.633468455579586,0
Badman,2016,"Comedy, Drama",0,0,2,84,Voot Originals,5,https://image.tmdb.org/t/p/w500/5HWhsLtbtiKEaZjE0hzmvRQFHdM.jpg,hi,0.0,Flop,5.477121254719663,0
Satyavati: And We Call This Love,2016,Unknown,0,0,4,81,,5,https://image.tmdb.org/t/p/w500/tByVfyDwbgc4GIM8cXZfKCEgbar.jpg,hi,0.0,Flop,5.698970004336019,0
Te3n,2016,"Mystery, Thriller, Crime",5069632,4817642,103,136,"Blue Waters Motion Pictures, Kross Pictures, Endemol Shine India, Reliance Entertainment",6,https://image.tmdb.org/t/p/w500/gSkghZtZygWBTmv6DQVKcn69mUZ.jpg,hi,-0.04970577746077033,Flop,7.017033339298781,-251990
Dear Zindagi,2016,"Drama, Romance",4300000,3376375,250,151,"Red Chillies Entertainment, Dharma Productions, Hope Productions",11,https://image.tmdb.org/t/p/w500/oUg0N2isgZ5rrxdXnsemcKolfKZ.jpg,hi,-0.21479651162790697,Flop,7.399673721481038,-923625
Aligarh,2016,Drama,0,0,51,114,"Karma Pictures, Eros International",2,https://image.tmdb.org/t/p/w500/mzsnpkrrgCalhXENh8I6N0XfAbe.jpg,hi,0.0,Flop,6.7160033436347994,0
Ae Dil Hai Mushkil,2016,"Romance, Drama",0,0,214,158,"ADHM Films, Fox Star Studios, Dharma Productions",10,https://image.tmdb.org/t/p/w500/hlDOF4UhUqrYY7gqLk3Rl0Fx4ns.jpg,hi,0.0,Flop,7.332438459915606,0
Bhouri,2016,Drama,0,0,5,140,,6,https://image.tmdb.org/t/p/w500/sBFraM9PwvPDAPtuv4NjXFVyTZM.jpg,hi,0.0,Flop,5.778151250383644,0
Housefull 3,2016,"Comedy, Romance",13000000,23000000,106,140,,6,https://image.tmdb.org/t/p/w500/6Udose5F7a9SdNf8HlNMovtDMM9.jpg,hi,0.7692307692307693,Average,7.02938377768521,10000000
Force 2,2016,"Action, Adventure, Crime",6500000,6900000,46,123,"JA Entertainment, Sunshine Pictures, Viacom18 Studios",11,https://image.tmdb.org/t/p/w500/kiPHlQm1EV6yruDQWaocj0C8waY.jpg,hi,0.06153846153846154,Average,6.672097857935718,400000
Kapoor & Sons,2016,"Drama, Romance, Comedy, Family",3577143,17412627,194,137,"Fox Star Studios, Dharma Productions",3,https://image.tmdb.org/t/p/w500/oPdcOInH8TqR5udDTDPiDuLSN90.jpg,hi,3.8677469701379006,Hit,7.290034611362518,13835484
Akira,2016,"Action, Crime, Thriller",0,0,45,138,A.R.Murugadoss Productions,9,https://image.tmdb.org/t/p/w500/jU0gw5z6JrazhGOh4UfULKqt268.jpg,hi,0.0,Flop,6.662757831681574,0
Sanam Re,2016,"Drama, Romance",3056472,4472886,59,120,T-Series,2,https://image.tmdb.org/t/p/w500/kgZNHHZacK3iO18d7agg9iYQYWp.jpg,hi,0.46341468202555103,Average,6.778151250383644,1416414
1920 London,2016,Horror,0,0,47,120,Reliance Entertainment,5,https://image.tmdb.org/t/p/w500/rs4RBiOX8qoUG5bw1SlGFuzUYws.jpg,hi,0.0,Flop,6.681241237375588,0
Baar Baar Dekho,2016,"Romance, Drama, Action",7400000,9100000,60,141,"Excel Entertainment, Dharma Productions",9,https://image.tmdb.org/t/p/w500/7Bb1vXdtv2BjV6mX8jignRTqG5.jpg,hi,0.22972972972972974,Average,6.785329835010767,1700000
Befikre,2016,"Romance, Comedy, Drama",15500000,9600000,62,132,"Yash Raj Films, CNC",12,https://image.tmdb.org/t/p/w500/kFFDdXLqpUuVTieIfAhm2oiuyhU.jpg,hi,-0.38064516129032255,Flop,6.799340549453582,-5900000
Junooniyat,2016,"Drama, Romance",0,0,9,135,T-Series,6,https://image.tmdb.org/t/p/w500/A9gxJ3D3MQ38DrKWipbY6GVjdkb.jpg,hi,0.0,Flop,6.0,0
Hotel Salvation,2016,"Comedy, Drama",0,0,34,103,Red Carpet Moving Pictures,9,https://image.tmdb.org/t/p/w500/d6IjizWfXAxwUXdwoUWyF4qrMss.jpg,hi,0.0,Flop,6.544068044350276,0
Dishoom,2016,"Comedy, Action",0,0,95,120,"Nadiadwala Grandson Entertainment, Eros International",7,https://image.tmdb.org/t/p/w500/sY58lhquOEISrpcIzbKNV6qHgvG.jpg,hi,0.0,Flop,6.982271233039569,0
Rocky Handsome,2016,"Action, Thriller",0,0,72,126,"Azure Entertainment, JA Entertainment",3,https://image.tmdb.org/t/p/w500/x6jfeYy7KTBk4eS0kMUHTd4sGtZ.jpg,hi,0.0,Flop,6.863322860120456,0
Direct Ishq,2016,"Action, Comedy, Romance",0,0,4,130,,2,https://image.tmdb.org/t/p/w500/dhgDd8CH43XsDmM6ANnrPPJmNnr.jpg,hi,0.0,Flop,5.698970004336019,0
Mastizaade,2016,"Romance, Comedy",0,0,28,119,,1,https://image.tmdb.org/t/p/w500/5d7A6HJS7d8R2LDb4JG4pS5c5hr.jpg,hi,0.0,Flop,6.462397997898956,0
Kahaani 2,2016,"Thriller, Mystery",0,0,57,127,"Pen Studios, Bound Script Production",12,https://image.tmdb.org/t/p/w500/uT1wPvg5UBPCHkWAlgYQutgbsW.jpg,hi,0.0,Flop,6.763427993562937,0
Nil Battey Sannata,2016,"Drama, Family",0,960000,46,100,"Colour Yellow Productions, Jar Pictures, Opticus, Sandman Pictures",4,https://image.tmdb.org/t/p/w500/fvsPtLdIFM4lsjFX5CQ1X6yjzSZ.jpg,hi,0.0,Flop,6.672097857935718,960000
Wazir,2016,"Thriller, Action, Crime",5200000,9200000,132,103,"Getaway Films Private Limited, Vinod Chopra Films, Rajkumar Hirani Films, Vidhu Vinod Chopra Productions",1,https://image.tmdb.org/t/p/w500/wo5ASV73rrLr9z22P4nfqwPQPRA.jpg,hi,0.7692307692307693,Average,7.123851640967086,4000000
Leeches,2016,Unknown,0,0,3,27,,4,https://image.tmdb.org/t/p/w500/osZLjDz1tO6trs0AgqP3wm7X1cY.jpg,hi,0.0,Flop,5.6020599913279625,0
The Guest,2016,"Horror, Drama, Thriller",0,0,0,8,,11,https://image.tmdb.org/t/p/w500/hL1h8oWahCMM8NMxvkZLPGxTvi3.jpg,hi,0.0,Flop,5.0,0
Land of the Gods,2016,Drama,0,0,8,92,"Nova Film, Zepter International",9,https://image.tmdb.org/t/p/w500/AvLDf2ffowMvK2gA1l39PYMAs1c.jpg,hi,0.0,Flop,5.954242509439325,0
Ki & Ka,2016,"Comedy, Romance",3000000,15480000,63,126,"Hope Productions, Eros International",4,https://image.tmdb.org/t/p/w500/h0EdMN91ts85jN62UotOOUXa5Ho.jpg,hi,4.16,Hit,6.8061799739838875,12480000
Wajah Tum Ho,2016,"Drama, Mystery, Romance, Thriller",0,0,21,136,T-Series,12,https://image.tmdb.org/t/p/w500/qclSSy97ED9uphHJXBi7MMIyNnq.jpg,hi,0.0,Flop,6.342422680822207,0
Kriti,2016,Thriller,0,0,7,19,,6,https://image.tmdb.org/t/p/w500/bdmuzl6tsoqjbiFODH3f3DWIG97.jpg,hi,0.0,Flop,5.903089986991944,0
Happy Bhag Jayegi,2016,"Comedy, Romance",0,0,33,126,"Eros International, Colour Yellow Productions",8,https://image.tmdb.org/t/p/w500/sEWDNSBe5BfUchkJ5BsJV6VUgwF.jpg,hi,0.0,Flop,6.531478917042255,0
Azhar,2016,Drama,0,0,35,130,"Balaji Motion Pictures, Sony Pictures Networks Productions, Indo-UK Film Company",5,https://image.tmdb.org/t/p/w500/jwvpI85cqfVfs3ioFHu4invTLeI.jpg,hi,0.0,Flop,6.556302500767288,0
Sarbjit,2016,Drama,3400000,6463160,33,131,"Legend Global Studio, T-Series",5,https://image.tmdb.org/t/p/w500/pJTWc13iJeLD0zWpjRBZMBGZwky.jpg,hi,0.9009294117647059,Average,6.531478917042255,3063160
Rock On 2,2016,"Music, Drama",0,0,13,143,"Eros International, Excel Entertainment",11,https://image.tmdb.org/t/p/w500/bHXLurduTMZByPwSUss3LbSsgiU.jpg,hi,0.0,Flop,6.146128035678238,0
Chudail Story,2016,"Horror, Thriller",0,0,4,100,Storm Motion Pictures,5,https://image.tmdb.org/t/p/w500/7GMHZxVC9dbiXcqWrqinXOKErxd.jpg,hi,0.0,Flop,5.698970004336019,0
Tum Bin 2,2016,"Drama, Romance",0,0,12,147,"T-Series, Benaras Mediaworks",11,https://image.tmdb.org/t/p/w500/ApJyLoGxBffPwiWYe7qeLLUjObb.jpg,hi,0.0,Flop,6.113943352306837,0
Behti Naak,2016,Comedy,0,0,0,65,,7,https://image.tmdb.org/t/p/w500/jcggzjhIiROerYfxePSvUZnW7tc.jpg,hi,0.0,Flop,5.0,0
Madaari,2016,"Thriller, Drama",0,4201176,82,134,"Saptrishi Cinevision, Dore Films, Miraj Entertainment, Paramhans Creations",6,https://image.tmdb.org/t/p/w500/rrZhF166gPDzdArYMSh3mPvFjYp.jpg,hi,0.0,Flop,6.919078092376074,4201176
Freaky Ali,2016,"Comedy, Romance",0,0,20,120,"Sohail Khan Production, NH Studioz",9,https://image.tmdb.org/t/p/w500/5MfW0eNdoPCihc6ce25uo62H6GH.jpg,hi,0.0,Flop,6.3222192947339195,0
Fever,2016,"Mystery, Crime",0,0,4,105,,8,https://image.tmdb.org/t/p/w500/qQAlVN4rgMpkFKJLdkRndG6Mi6N.jpg,hi,0.0,Flop,5.698970004336019,0
Phobia,2016,"Drama, Mystery, Thriller, Horror",0,0,33,112,Eros International,5,https://image.tmdb.org/t/p/w500/aplFiq9pPsWHCENKKG9SF0agxdT.jpg,hi,0.0,Flop,6.531478917042255,0
Gandhigiri,2016,Drama,0,0,1,128,,10,https://image.tmdb.org/t/p/w500/ej37FNiQ3IncXJZd2fpyZM0BA6L.jpg,hi,0.0,Flop,5.301029995663981,0
Kyaa Kool Hain Hum 3,2016,Comedy,0,0,30,124,,1,https://image.tmdb.org/t/p/w500/w9XCRN8JOe2cylkPePv6uLT6Bkc.jpg,hi,0.0,Flop,6.491361693834273,0
Do Lafzon Ki Kahani,2016,"Drama, Romance, Action",0,0,12,128,"Dhiraj Motion Pictures, Deepak Tijori Films, Focus Motion Pictures",6,https://image.tmdb.org/t/p/w500/yvWHmmWK8ZrGgnyLCBWw4rwnvS8.jpg,hi,0.0,Flop,6.113943352306837,0
Mirzya,2016,"Romance, Drama, Fantasy",6750000,1500000,19,129,"Rakeysh Omprakash Mehra Films, Cinestaan Film Company",10,https://image.tmdb.org/t/p/w500/pL5VuZFocbc9tET7Ui3QAJqrj3R.jpg,hi,-0.7777777777777778,Flop,6.301029995663981,-5250000
Chalk N Duster,2016,Drama,0,0,5,130,,1,https://image.tmdb.org/t/p/w500/ry5Vs8Zjh2yWQ1NSODpDxLfI7ok.jpg,hi,0.0,Flop,5.778151250383644,0
Paroksh,2016,Drama,0,0,1,12,Drishyam Films,3,https://image.tmdb.org/t/p/w500/kxQ5mgLdbJ22Gnkh5rZZ2r53BFb.jpg,hi,0.0,Flop,5.301029995663981,0
Beiimaan Love,2016,"Thriller, Romance",0,0,9,120,,8,https://image.tmdb.org/t/p/w500/xgNAJbjfaQE9mp8ffGY1TSot13G.jpg,hi,0.0,Flop,6.0,0
Moh Maya Money,2016,"Thriller, Crime, Drama",0,0,3,109,Delhi Talkies,11,https://image.tmdb.org/t/p/w500/x8jrBjWzC29O38vjfPOQvVp9AdN.jpg,hi,0.0,Flop,5.6020599913279625,0
Traffic,2016,"Thriller, Drama",0,0,15,104,"Fox Star Studios, Endemol Shine India",5,https://image.tmdb.org/t/p/w500/kmufUYUXRapulEBNyn744oejb0A.jpg,hi,0.0,Flop,6.204119982655925,0
Ghayal Once Again,2016,"Action, Crime, Drama",6629605,7637304,21,127,"Vijayta Films, Reliance Entertainment, PVR Inox Pictures",2,https://image.tmdb.org/t/p/w500/pLJDxJ9WzPLu1mlWZNAUnZh5h4.jpg,hi,0.15199985519499276,Average,6.342422680822207,1007699
Dhara 302,2016,Drama,0,0,1,148,,2,https://image.tmdb.org/t/p/w500/t5mCcXlTjbtNE1ig3d3YrQ41F54.jpg,hi,0.0,Flop,5.301029995663981,0
Taandav,2016,"Drama, Comedy",0,0,2,11,,5,https://image.tmdb.org/t/p/w500/74Pt9Xl38HHhs2iqWKBkjgjslMq.jpg,hi,0.0,Flop,5.477121254719663,0
The Violin Player,2016,Drama,0,0,16,72,Little Lamb Films Pvt. Ltd.,9,https://image.tmdb.org/t/p/w500/2oX55o8YSMEWwh0QQHcfEdHjXMt.jpg,hi,0.0,Flop,6.230448921378274,0
Santa Banta Pvt Ltd,2016,"Action, Comedy",0,0,6,112,,4,https://image.tmdb.org/t/p/w500/qjzYPHUUlNQ5taFTnBN1iUHm3bE.jpg,hi,0.0,Flop,5.845098040014257,0
Dubai Return,2016,Comedy,0,0,4,94,,7,,hi,0.0,Flop,5.698970004336019,0
Mama's Boy,2016,Fantasy,0,0,0,15,,10,https://image.tmdb.org/t/p/w500/wmD39afDo5MU4AqVKD8s8fWlbiK.jpg,hi,0.0,Flop,5.0,0
#IndiaTomorrow: MyDream,2016,Unknown,0,0,0,5,India Today,4,https://image.tmdb.org/t/p/w500/5ym3U6zTqvwhysDuxZ6fxRJiFfi.jpg,hi,0.0,Flop,5.0,0
Dear Dad,2016,"Drama, Family",0,0,6,84,"Indian Film Studios, Peppermint Studios",5,https://image.tmdb.org/t/p/w500/arMYLwkzz0vgMX2z8pmY1PcwyG0.jpg,hi,0.0,Flop,5.845098040014257,0
Laal Rang,2016,"Comedy, Crime, Drama, Thriller",0,0,14,147,Krian Media,4,https://image.tmdb.org/t/p/w500/5koaZYQ0s63c7wlX6k75qS9QCpF.jpg,hi,0.0,Flop,6.176091259055681,0
Raaz Reboot,2016,Horror,0,0,27,127,,6,https://image.tmdb.org/t/p/w500/9S7KOgIFlr2F3Zv6dFK22rIeR1a.jpg,hi,0.0,Flop,6.447158031342219,0
Chef,2017,"Drama, Comedy, Family",0,0,29,133,"Bandra West Pictures, T-Series, Abundantia Entertainment",10,https://image.tmdb.org/t/p/w500/6GHPvxiy0Y7hnumdNubwsGqHTc1.jpg,hi,0.0,Flop,6.477121254719663,0
Half Girlfriend,2017,"Romance, Drama",7445000,12805400,84,135,Balaji Motion Pictures,5,https://image.tmdb.org/t/p/w500/jvacZc9CVkjCA25ds4UqnOWbSpV.jpg,hi,0.72,Average,6.929418925714293,5360400
Tera Intezaar,2017,"Thriller, Romance",0,0,2,108,Bageshree Films,12,https://image.tmdb.org/t/p/w500/d3qX3DfG8yjn4cMtwtTKyQzYgdO.jpg,hi,0.0,Flop,5.477121254719663,0
Mum,2017,Drama,22500,0,0,13,Sirius Motion Pictures,8,https://image.tmdb.org/t/p/w500/1y9lKsiPbV0XutkX9jOY1oVbYAs.jpg,hi,-1.0,Flop,5.0,-22500
Noor,2017,"Comedy, Romance, Drama, Adventure",0,0,21,116,"T-Series, Abundantia Entertainment",4,https://image.tmdb.org/t/p/w500/guyCaip5KScqgtMQsDH9Ac3spmn.jpg,hi,0.0,Flop,6.342422680822207,0
Anukul,2017,"Drama, Science Fiction",0,0,2,21,Royal Stag Barrel Select Large Short Films,10,https://image.tmdb.org/t/p/w500/6Ys9vCV0DxGrMPBn3CewBQn9EUn.jpg,hi,0.0,Flop,5.477121254719663,0
Typecaste,2017,Comedy,0,0,3,86,,2,https://image.tmdb.org/t/p/w500/3ZkscRt8IyacdMKPWobWJUALAPU.jpg,hi,0.0,Flop,5.6020599913279625,0
Baaraat Company,2017,"Comedy, Romance, Drama",0,0,0,124,,7,https://image.tmdb.org/t/p/w500/teljJhQ1Axa7cSnBXybARYJ22C1.jpg,hi,0.0,Flop,5.0,0
Panchlait,2017,Drama,31560,0,0,120,,11,https://image.tmdb.org/t/p/w500/vfXgYaScO4GI2UEVH4NW0tQRSDh.jpg,hi,-1.0,Flop,5.0,-31560
Phullu,2017,"Comedy, Drama",0,0,2,96,,6,https://image.tmdb.org/t/p/w500/bW0IAL2W7QyU2D6AgCpDSj2r42s.jpg,hi,0.0,Flop,5.477121254719663,0
Mantostaan,2017,Unknown,0,0,2,92,,5,https://image.tmdb.org/t/p/w500/g5dmUZII7nQXomTQGzniMsIZifZ.jpg,hi,0.0,Flop,5.477121254719663,0
Tiger Zinda Hai,2017,"Action, Adventure, Thriller",19000000,86610000,168,160,"Yash Raj Films, Cine Tirol, NSA Picture",12,https://image.tmdb.org/t/p/w500/mdzNLFfCfuBoJz43l0SmMWWdu5t.jpg,hi,3.558421052631579,Hit,7.227886704613674,67610000
Pinjra,2017,"Drama, Documentary",0,0,1,7,Royal Stag Barrel Select Large Short Films,1,https://image.tmdb.org/t/p/w500/g9Hb9nb31WWeqOtPUI41I285Wyx.jpg,hi,0.0,Flop,5.301029995663981,0
Gopi Bhina,2017,"Comedy, Family",0,0,0,122,,1,,hi,0.0,Flop,5.0,0
Raees,2017,"Thriller, Action, Crime",46000000,0,243,143,"Red Chillies Entertainment, Excel Entertainment",1,https://image.tmdb.org/t/p/w500/zFYFUfnoXWxeA3n7v4acEqgk2iE.jpg,hi,-1.0,Flop,7.38738982633873,-46000000
Ram Ratan,2017,Unknown,0,0,1,117,,6,https://image.tmdb.org/t/p/w500/9qiT1E1mHJQ9RxHq0PFgoCrzyhc.jpg,hi,0.0,Flop,5.301029995663981,0
Baaki Itihaas,2017,Drama,0,0,1,127,"Chhoti Production Company Pvt. Ltd., CinePlay Digital",3,https://image.tmdb.org/t/p/w500/r7JIbU6WG2UOV8ReugkobbigUQG.jpg,hi,0.0,Flop,5.301029995663981,0
Raabta,2017,"Romance, Thriller",0,0,61,147,"Maddock Films, Illuminati Films Pvt Ltd",6,https://image.tmdb.org/t/p/w500/ovdpOhdgYqhDmy3uYGhNN16CKzQ.jpg,hi,0.0,Flop,6.792391689498254,0
Commando 2 - The Black Money Trail,2017,"Action, Thriller",0,0,48,123,"Sunshine Pictures, Pen India Limited",3,https://image.tmdb.org/t/p/w500/9RZfZxIqyom7XVtXlHKnlNezZua.jpg,hi,0.0,Flop,6.690196080028514,0
Mom,2017,"Crime, Drama, Thriller",0,0,212,147,"Third Eye Pictures, Mad Films",7,https://image.tmdb.org/t/p/w500/lqFlh4z8JeKnlRHFUfcKItxTID0.jpg,hi,0.0,Flop,7.328379603438737,0
Secret Superstar,2017,"Drama, Music",286284,137416709,188,150,"Zee Studios, Aamir Khan Productions",10,https://image.tmdb.org/t/p/w500/fkTeziNtc0uwE899uI1hlMOEdZL.jpg,hi,479.0013587905716,Hit,7.276461804173245,137130425
Rangoon,2017,"War, History, Drama, Romance",12003848,0,34,167,"Nadiadwala Grandson Entertainment, Viacom18 Studios",2,https://image.tmdb.org/t/p/w500/dJ7N9N3zjCCsPIP8nDVPEH6fvSo.jpg,hi,-1.0,Flop,6.544068044350276,-12003848
Junko,2017,"Crime, Horror",0,0,0,78,"Kesar Entertainment, An AVT Films, A Bollywood Yorker Films",4,https://image.tmdb.org/t/p/w500/c13eh0Ty9A4gNNhOFhAcVpIWRpt.jpg,hi,0.0,Flop,5.0,0
Ittefaq,2017,"Crime, Thriller",4400000,7900000,113,107,"Dharma Productions, Red Chillies Entertainment, B.R. Studios",11,https://image.tmdb.org/t/p/w500/nwLVjxsBpTF6sDs1BJrx5OzJuAA.jpg,hi,0.7954545454545454,Average,7.056904851336473,3500000
Shaadi Mein Zaroor Aana,2017,"Romance, Family",0,0,82,137,"Soundarya production, Soham Rockstar Entertainment",11,https://image.tmdb.org/t/p/w500/hSpzMrohhzT7EQcvMIpXizP2hx4.jpg,hi,0.0,Flop,6.919078092376074,0
Kaabil,2017,"Action, Thriller, Drama",5200000,0,141,139,Film Kraft,1,https://image.tmdb.org/t/p/w500/ojs8b5N2BgFYoHCSb6vu0egZb6v.jpg,hi,-1.0,Flop,7.152288344383056,-5200000
Toilet: A Love Story,2017,"Comedy, Drama, Romance",3700000,13800000,213,155,"KriArj Entertainment, Grazing Goat Pictures, Friday Filmworks, Abundantia Entertainment, Plan C Studios",8,https://image.tmdb.org/t/p/w500/8YUBka56t4HcHLVMGnGA1WizpMV.jpg,hi,2.72972972972973,Hit,7.330413773349191,10100000
Jab Harry Met Sejal,2017,"Comedy, Drama, Romance",16600000,15360368,203,144,"Red Chillies Entertainment, Window Seat Films, New Amsterdam Film Company",8,https://image.tmdb.org/t/p/w500/yraJilUVLSd6BmQ4f1YtJGmcNkf.jpg,hi,-0.0746766265060241,Flop,7.309630167425899,-1239632
Union Leader,2017,Drama,0,0,7,101,,9,https://image.tmdb.org/t/p/w500/nTmxmvjZvImdORr6GgdBwWlGBcC.jpg,hi,0.0,Flop,5.903089986991944,0
Tubelight,2017,"Drama, War",0,0,96,136,"Salman Khan Films, Kabir Khan Films",6,https://image.tmdb.org/t/p/w500/hy7Ka19Vx2TwXA6OWZSe4XuMDlK.jpg,hi,0.0,Flop,6.986771734266245,0
Golmaal Again,2017,"Comedy, Horror, Action, Fantasy",8400000,37000000,109,151,"Reliance Entertainment, Rohit Shetty Productionz, Ajay Devgn FFilms",10,https://image.tmdb.org/t/p/w500/kGx26PL1v658T8XbOk5MfmNpHU3.jpg,hi,3.4047619047619047,Hit,7.041392685158225,28600000
Munna Michael,2017,"Music, Action",0,0,46,139,"Next Gen Films, Eros International, Next Gen Films",7,https://image.tmdb.org/t/p/w500/p1tdHXmGGLc8o8kTImZi5iPXcu3.jpg,hi,0.0,Flop,6.672097857935718,0
Khujli,2017,Comedy,0,0,1,15,Terribly Tiny Tales,3,https://image.tmdb.org/t/p/w500/5s83Nj8x6nVqMosSYcseQewd4H9.jpg,hi,0.0,Flop,5.301029995663981,0
Sallu Ki Shaadi,2017,Comedy,0,0,0,122,,12,https://image.tmdb.org/t/p/w500/mcHI3hiqVGXoQ69KHZnURgiNvTF.jpg,hi,0.0,Flop,5.0,0
Judwaa 2,2017,"Action, Comedy, Romance",10000000,34500000,111,150,"Fox Star Studios, Nadiadwala Grandson Entertainment",9,https://image.tmdb.org/t/p/w500/3BlL1cbOTkzHSXTy3Lw95OfiCKX.jpg,hi,2.45,Hit,7.049218022670182,24500000
Badrinath Ki Dulhania,2017,"Drama, Comedy, Romance",0,26134309,141,139,"Dharma Productions, AR Film Studio",3,https://image.tmdb.org/t/p/w500/e1tV7gYSF5iw8NPR78sUHNb3YLU.jpg,hi,0.0,Flop,7.152288344383056,26134309
Hindi Medium,2017,"Comedy, Drama",3213790,52390000,199,132,Maddock Films,5,https://image.tmdb.org/t/p/w500/2v0nQd3kYBV0iPNCVHiaLWGb1hg.jpg,hi,15.301625183972817,Hit,7.301029995663981,49176210
Love and Shukla,2017,"Comedy, Drama, Romance",107,0,7,117,"Momo Films, Rahool Sutar Production",10,https://image.tmdb.org/t/p/w500/ngYmvz0U2ZdJOFzf23fgPdZK0lc.jpg,hi,-1.0,Flop,5.903089986991944,-107
Shreelancer,2017,Drama,0,0,1,98,,8,https://image.tmdb.org/t/p/w500/zxBorw11a8kiSonRXoKOOd3sojg.jpg,hi,0.0,Flop,5.301029995663981,0
Naam Shabana,2017,Thriller,0,0,57,147,"Plan C Studios, Cape Of Good Films, Friday Filmworks, KriArj Entertainment",3,https://image.tmdb.org/t/p/w500/xFHeFrOYzsHgAiZeGAjwJmDMen6.jpg,hi,0.0,Flop,6.763427993562937,0
Bareilly Ki Barfi,2017,"Comedy, Romance",2740700,8050806,184,123,"Junglee Pictures, BR Studios",8,https://image.tmdb.org/t/p/w500/gviYC7rpJ4HWbbEFs0ZW5u965Tq.jpg,hi,1.9374999087824278,Hit,7.267171728403014,5310106
Ok Jaanu,2017,"Drama, Romance",0,345872,61,135,"Madras Talkies, Dharma Productions",1,https://image.tmdb.org/t/p/w500/bEnoj00JrazyPULFuVGZHTcRhCd.jpg,hi,0.0,Flop,6.792391689498254,345872
Ajji,2017,"Thriller, Crime",0,0,18,104,Yoodlee Films,11,https://image.tmdb.org/t/p/w500/l9o0MyXY9n7oukVLmH84v9yMCoT.jpg,hi,0.0,Flop,6.278753600952829,0
Bhasmasur,2017,Drama,0,0,5,75,East Reel Films,10,https://image.tmdb.org/t/p/w500/9fDJj3TbDafbDJyS8qK1ABraqbm.jpg,hi,0.0,Flop,5.778151250383644,0
Fukrey Returns,2017,"Comedy, Drama",2800000,14000000,56,135,"Fox Star Studios, Excel Entertainment",12,https://image.tmdb.org/t/p/w500/AclYkwVFwS8yxMWj4riYqRaE0w0.jpg,hi,4.0,Hit,6.7558748556724915,11200000
Jolly LLB 2,2017,"Comedy, Crime",4480000,1632440,152,140,Fox Star Studios,2,https://image.tmdb.org/t/p/w500/n9MjoGmaYagaaETCQP0S6Ch3JLH.jpg,hi,-0.6356160714285715,Flop,7.184691430817599,-2847560
The Fish Curry,2017,"Animation, Drama",0,0,6,12,TheMatchbox.Co,1,https://image.tmdb.org/t/p/w500/sq2navIFxDRMl016E3YaAE0LM06.jpg,hi,0.0,Flop,5.845098040014257,0
Shubh Mangal Saavdhan,2017,"Romance, Comedy",3425875,8838757,79,105,"Colour Yellow Productions, Eros International",8,https://image.tmdb.org/t/p/w500/2vqW0VNvaQYSarPQtqHTRkOKQq8.jpg,hi,1.5799998540518845,Hit,6.903089986991944,5412882
Mumbai Underworld,2017,Crime,0,0,0,118,,12,,hi,0.0,Flop,5.0,0
Qarib Qarib Singlle,2017,"Comedy, Drama, Romance",0,0,67,125,"Jar Pictures, Zee Studios",11,https://image.tmdb.org/t/p/w500/yKEKZ0uTpKm743xsPOuhrfTBLL2.jpg,hi,0.0,Flop,6.832508912706237,0
Bhoomi,2017,"Action, Drama",0,339925,30,135,"T-Series, Legend Global Studio",9,https://image.tmdb.org/t/p/w500/zVh5RNjIcM3Wggp0Be3fGdLxz75.jpg,hi,0.0,Flop,6.491361693834273,339925
Syaahi,2017,"Family, Drama",0,0,1,29,,11,https://image.tmdb.org/t/p/w500/6BBijnZCnDqSn97fixnTf36jRvi.jpg,hi,0.0,Flop,5.301029995663981,0
Mumbai Varanasi Express,2017,Drama,0,0,0,32,,4,https://image.tmdb.org/t/p/w500/3uKzeETK24mpSf5izCHJ6o9ljvk.jpg,hi,0.0,Flop,5.0,0
Rukh,2017,"Mystery, Drama",0,0,6,106,"Drishyam Films, Eros International",10,https://image.tmdb.org/t/p/w500/br9AJAvfwDx3CONiBROWNXGiZmd.jpg,hi,0.0,Flop,5.845098040014257,0
Brij Mohan Amar Rahe!,2017,"Comedy, Drama",0,0,17,100,"Saregama Productions, Yoodlee Films",12,https://image.tmdb.org/t/p/w500/zKOUPbyBlS2yzK9CYGxiG4mX41P.jpg,hi,0.0,Flop,6.2552725051033065,0
Meri Pyaari Bindu,2017,"Drama, Romance",3014770,2437852,43,119,Yash Raj Films,5,https://image.tmdb.org/t/p/w500/hKZZiiHuHFopzJwl0JYttRWEzKD.jpg,hi,-0.1913638519688069,Flop,6.643452676486188,-576918
Jagga Jasoos,2017,"Adventure, Comedy, Mystery, Romance",19700000,12500000,94,180,"Picture Shuru Productions, UTV Motion Pictures, Disney India Media Networks, Ishana Movies",7,https://image.tmdb.org/t/p/w500/qXZCEyFkNe5cm7xfkUDvV41Xnfh.jpg,hi,-0.36548223350253806,Flop,6.977723605288848,-7200000
Begum Jaan,2017,"Action, Drama, History",0,0,23,128,"Vishesh Films, Play Entertainment, SVF Entertainment",4,https://image.tmdb.org/t/p/w500/spjYSwKazSQEkeMywBZIpnzilQp.jpg,hi,0.0,Flop,6.380211241711606,0
Trapped,2017,"Thriller, Drama",0,436529,125,105,"Reliance Entertainment, Phantom Films",3,https://image.tmdb.org/t/p/w500/bkavKb2CIIJJqOx6Ta1QwBwUKqu.jpg,hi,0.0,Flop,7.100370545117563,436529
Shunyata,2017,Unknown,0,0,0,22,,8,,hi,0.0,Flop,5.0,0
Haseena Parkar,2017,"Crime, Drama",2400000,1240000,10,124,Swiss Entertainment,9,https://image.tmdb.org/t/p/w500/wZRo2gg0jiUTvhY7upFmhBwthIz.jpg,hi,-0.48333333333333334,Flop,6.041392685158225,-1160000
Baadshaho,2017,"Action, Thriller",12300000,27000000,35,136,"Vertex Motion Pictures, T-Series",9,https://image.tmdb.org/t/p/w500/cSeNkoe7ZC84jTa6HKdLEzUsSYW.jpg,hi,1.1951219512195121,Hit,6.556302500767288,14700000
Dark Wind,2017,Drama,0,35407,13,99,"Drishyam Films, Akshay Parija Productions, Eleanora Images Private Limited, Seek Red",11,https://image.tmdb.org/t/p/w500/mNDJDdkGCq9UJXGuyOFzeYkNoDk.jpg,hi,0.0,Flop,6.146128035678238,35407
Rabbi,2017,Drama,0,0,0,89,,9,,hi,0.0,Flop,5.0,0
Mubarakan,2017,"Comedy, Drama",0,0,44,156,"Cine1 Studios, Mark Production, Sony Pictures Networks Productions",7,https://image.tmdb.org/t/p/w500/cSqLPtE4fkn2wrpxlw5xXraHDNH.jpg,hi,0.0,Flop,6.653212513775344,0
Blindspot,2017,"Drama, Romance",0,0,0,24,Kara Studios,8,,hi,0.0,Flop,5.0,0
Newton,2017,"Comedy, Drama",0,0,146,106,"Colour Yellow Productions, Drishyam Films",9,https://image.tmdb.org/t/p/w500/ubzHA1aXUsWvQJHjvqBCHxzTBi5.jpg,hi,0.0,Flop,7.167317334748176,0
Biswa Kalyan Rath: Biswa Mast Aadmi,2017,Comedy,0,0,20,60,OML Entertainment,5,https://image.tmdb.org/t/p/w500/bTJAbHCIMgUxqp70850TXNPYneV.jpg,hi,0.0,Flop,6.3222192947339195,0
Sarkar 3,2017,Crime,0,0,17,132,"AB Corp Ltd., Alumbra Entertainment, Company",5,https://image.tmdb.org/t/p/w500/bZEEsWvuznU5ZdHd6LUCvOpdNJB.jpg,hi,0.0,Flop,6.2552725051033065,0
A Gentleman,2017,"Action, Comedy",0,0,83,132,"Fox Star Studios, Prime Focus",8,https://image.tmdb.org/t/p/w500/wvztxVw5OJolodYLFldqMJVOt75.jpg,hi,0.0,Flop,6.924279286061882,0
Rajdarshan,2017,Comedy,0,0,2,80,"Chhoti Production Company Pvt. Ltd., CinePlay Digital",3,https://image.tmdb.org/t/p/w500/s2leASvqyFdNljDbOjjdEVoh0aN.jpg,hi,0.0,Flop,5.477121254719663,0
The Hungry,2017,Drama,0,0,9,100,"Cinestaan Film Company, Film London, Free Radicals, Mastercut Pictures, SUMS Film and Media, Bob & Co",9,https://image.tmdb.org/t/p/w500/cJieLTdLdIQ0CJEQVmuJt0no9Ql.jpg,hi,0.0,Flop,6.0,0
B. A. Pass 2,2017,Drama,0,0,3,136,,9,https://image.tmdb.org/t/p/w500/aNqEtgsKwrASZYltYbl9thLTw1Y.jpg,hi,0.0,Flop,5.6020599913279625,0
Bank Chor,2017,"Comedy, Crime, Thriller",0,0,20,129,Y-Films,6,https://image.tmdb.org/t/p/w500/tKrtqEs1gffyZNlHW9WduRRjKGA.jpg,hi,0.0,Flop,6.3222192947339195,0
Poorna,2017,"Action, Drama",0,0,11,105,"Raay Media, Rahul Bose Productions, PVR Inox Pictures",3,https://image.tmdb.org/t/p/w500/y6uxbfWtnvXvqoM6kDK4k8qsigd.jpg,hi,0.0,Flop,6.079181246047625,0
Irada,2017,Thriller,0,0,15,109,,2,https://image.tmdb.org/t/p/w500/p7D7sc1cqY1CullErh55wuw5Bwx.jpg,hi,0.0,Flop,6.204119982655925,0
"U, Me Aur Ghar",2017,Romance,0,0,1,90,BollywoodHungama,2,https://image.tmdb.org/t/p/w500/lTH70RA8ngTQnZKUvIc1n1tEjlp.jpg,hi,0.0,Flop,5.301029995663981,0
Flat 211,2017,"Crime, Mystery, Thriller",0,0,2,0,,6,https://image.tmdb.org/t/p/w500/joWrpC5KuoKEiSsxgzeg7zMuSZ3.jpg,hi,0.0,Flop,5.477121254719663,0
Indu Sarkar,2017,"Drama, History",0,0,8,139,"Mega Bollywood Private Limited, Bhandarkar Entertainment",7,https://image.tmdb.org/t/p/w500/Ab16wt7zLEYzMOvMa4L7DepXVE5.jpg,hi,0.0,Flop,5.954242509439325,0
Jiya Jaye,2017,Drama,30000,0,0,23,"Royal Stag Barrel Select Large Short Films, Pushpa Rupen Films",9,,hi,-1.0,Flop,5.0,-30000
Pawan Raja,2017,"Drama, Action",0,0,0,128,,10,,hi,0.0,Flop,5.0,0
Muskurahatein,2017,Romance,0,0,1,138,,8,https://image.tmdb.org/t/p/w500/hBoNgTXMcnkr6WL9sAHTaJxiNB4.jpg,hi,0.0,Flop,5.301029995663981,0
Machine,2017,"Action, Romance, Comedy",3851785,500732,9,148,Abbas Mustan Film Productions Pvt Ltd,3,https://image.tmdb.org/t/p/w500/vx1v3WaM2atLBbqJfmm3fVIFokP.jpg,hi,-0.8700000129809945,Flop,6.0,-3351053
Simran,2017,"Drama, Crime, Thriller",0,0,23,125,"Karma Features, T-Series, Paramhans Creations Entertainments, Adarsh Telemedia, Fortune Films Unit",9,https://image.tmdb.org/t/p/w500/wc28w6EW198EB5NHKmmfDpiOkqf.jpg,hi,0.0,Flop,6.380211241711606,0
Gurgaon,2017,"Crime, Thriller",0,0,20,107,McAlex’s Jar Pictures,8,https://image.tmdb.org/t/p/w500/4JI2ghMz3tP5bC96rxpQUluMvfg.jpg,hi,0.0,Flop,6.3222192947339195,0
Lipstick Under My Burkha,2017,"Comedy, Drama",0,0,105,116,"Balaji Motion Pictures, Prakash Jha Productions",7,https://image.tmdb.org/t/p/w500/watd7f9icZYuXd7ODenxw0tMAhE.jpg,hi,0.0,Flop,7.02530586526477,0
Behen Hogi Teri,2017,"Romance, Comedy, Drama",0,0,72,128,Oddball Motion Pictures,6,https://image.tmdb.org/t/p/w500/2zdhiVMVrHFu5J2LarF5bHhSabM.jpg,hi,0.0,Flop,6.863322860120456,0
Running Shaadi,2017,"Comedy, Romance",0,0,8,114,"Crouching Tiger Motion Pictures, Rising Sun Films",2,https://image.tmdb.org/t/p/w500/vrhQohfS9qm2OYxbFlpXGPwM9C7.jpg,hi,0.0,Flop,5.954242509439325,0
Dilwala,2017,"Action, Drama",0,0,0,164,,8,,hi,0.0,Flop,5.0,0
Anaarkali of Aarah,2017,Drama,0,0,11,113,Promodome Films,3,https://image.tmdb.org/t/p/w500/nRK1wUXVtiSHNPDRuLPgsQJcteT.jpg,hi,0.0,Flop,6.079181246047625,0
Firangi,2017,"Drama, Comedy",0,0,7,153,"AA Films, K9 Films Production",12,https://image.tmdb.org/t/p/w500/5yAGFoaylYzWeksfaedt06iu868.jpg,hi,0.0,Flop,5.903089986991944,0
Poster Boys,2017,Comedy,2360586,3540879,20,128,"Sony Pictures Films India, Sony Pictures International Productions, Prime Focus, Sunny Sounds",9,https://image.tmdb.org/t/p/w500/9W6b9i49sww8RSR7DlJpaiqSEV9.jpg,hi,0.5,Average,6.3222192947339195,1180293
Daddy,2017,"Crime, Drama, History",0,0,11,134,"Karta Entertainment, Kundalini Entertainment",9,https://image.tmdb.org/t/p/w500/hnpO5xuVOFhEgZ30B6xomYt4tiF.jpg,hi,0.0,Flop,6.079181246047625,0
You Are My Sunday,2017,"Drama, Comedy",0,0,12,119,,10,https://image.tmdb.org/t/p/w500/bCiLhBpJfqSAfHsjhUItxOZqcsi.jpg,hi,0.0,Flop,6.113943352306837,0
Tumhari Sulu,2017,"Comedy, Drama",0,0,47,140,"T-Series, Ellipsis Entertainment",11,https://image.tmdb.org/t/p/w500/jzj55F023h1jR2xmUjsZUqegZm6.jpg,hi,0.0,Flop,6.681241237375588,0
Julie 2,2017,"Drama, Romance, Thriller",0,0,3,137,Triumph Talkies,11,https://image.tmdb.org/t/p/w500/ao6EfMH6k3xOhEz2MJvCGtC66TX.jpg,hi,0.0,Flop,5.6020599913279625,0
Islamic Exorcist,2017,Horror,0,0,8,85,,5,https://image.tmdb.org/t/p/w500/zTCvIsoCAhTmi4zd3S4gPIynUHh.jpg,hi,0.0,Flop,5.954242509439325,0
Phillauri,2017,"Fantasy, Comedy, Romance, Drama",0,0,36,138,"Clean Slate Films, Fox Star Studios",3,https://image.tmdb.org/t/p/w500/wEls8ZZs5lm9rzQnXZJKqYgygVK.jpg,hi,0.0,Flop,6.568201724066995,0
Dobaara: See Your Evil,2017,Horror,0,0,3,106,"Relativity Media, B4U Television Network, Intrepid Pictures",5,https://image.tmdb.org/t/p/w500/kTN2AlNjerZb2HAGv4xm4FadKfm.jpg,hi,0.0,Flop,5.6020599913279625,0
Love Sonia,2018,Drama,0,0,30,126,"India Take One, Womark-Noorani Productions, Tamasha Talkies, Big Stuff, Zee Studios",9,https://image.tmdb.org/t/p/w500/qiCMgBHncFnH9IGn5KPWRz0hEDv.jpg,hi,0.0,Flop,6.491361693834273,0
Hichki,2018,"Drama, Comedy",2000000,25629954,153,116,Yash Raj Films,3,https://image.tmdb.org/t/p/w500/awN7MPVHcubWEqfo7T5jidx3xYY.jpg,hi,11.814977,Hit,7.1875207208364635,23629954
Ascharya Fuck It,2018,"Thriller, Drama",0,0,11,90,"Yoodlee Films, Samit Kakkad Films, Saregama Productions",12,https://image.tmdb.org/t/p/w500/jNThnK5uJS4g63CANGi7FukLgLt.jpg,hi,0.0,Flop,6.079181246047625,0
Raid,2018,"Crime, Drama, Thriller",4700000,18000000,123,120,"Panorama Studios, T-Series",3,https://image.tmdb.org/t/p/w500/qx3m9mRUmDZUVQeAe7CAzFX7xCB.jpg,hi,2.8297872340425534,Hit,7.093421685162236,13300000
Sir,2018,"Drama, Romance",0,0,108,99,"Inkpot Films Private Limited, Ciné-Sud Promotion",9,https://image.tmdb.org/t/p/w500/1xlh1jh9Lxz4OzusFKeljqoRxjL.jpg,hi,0.0,Flop,7.037426497940624,0
Halwa,2018,Drama,0,0,0,16,,5,https://image.tmdb.org/t/p/w500/17nBJldAaHZvu3f0yQ3Q2CQvx4F.jpg,hi,0.0,Flop,5.0,0
Maya,2018,"Drama, Thriller",0,0,2,18,,12,https://image.tmdb.org/t/p/w500/hwLQnFSSSY9pV0Sgz5ZhMY6uN8z.jpg,hi,0.0,Flop,5.477121254719663,0
Vodka Diaries,2018,"Mystery, Thriller",0,0,14,112,"Vishalraj Films & Production, K'Scope Entertainment Pvt Ltd",1,https://image.tmdb.org/t/p/w500/zkwFas8xTRbCuGdWJxk3KfXOZQN.jpg,hi,0.0,Flop,6.176091259055681,0
Panchaali,2018,Action,0,0,4,49,,5,https://image.tmdb.org/t/p/w500/8x4TrRv0IMCYjqJbX0Yfaw63s6k.jpg,hi,0.0,Flop,5.698970004336019,0
High Jack,2018,Comedy,0,0,3,0,Phantom Films,4,https://image.tmdb.org/t/p/w500/cOaSPUjCvufeilDXuwY7IYGJqMD.jpg,hi,0.0,Flop,5.6020599913279625,0
Silvat,2018,"Drama, Romance",0,0,2,45,,9,https://image.tmdb.org/t/p/w500/yb8xPEpIaqfZPdIn8VQPrge5IZZ.jpg,hi,0.0,Flop,5.477121254719663,0
Mehsampur,2018,"Drama, Documentary, Fantasy",0,0,6,98,Dark Matter Pictures,5,https://image.tmdb.org/t/p/w500/tUC6GfuCRzz5GcLTQ1f1tVWEfPI.jpg,hi,0.0,Flop,5.845098040014257,0
Padmaavat,2018,"Drama, History, Romance",31000000,81673897,300,163,"Bhansali Productions, Viacom18 Studios",1,https://image.tmdb.org/t/p/w500/5kk71s8Vmvt8XQOojevhTA5QcB0.jpg,hi,1.6346418387096775,Hit,7.478566495593844,50673897
Kanika,2018,"Crime, Drama",0,0,1,7,Girliyapa Ciné,11,https://image.tmdb.org/t/p/w500/d9yVGs8F3Ky3bwqpF6TVjP610Ul.jpg,hi,0.0,Flop,5.301029995663981,0
Redrum,2018,Thriller,0,0,1,92,,8,https://image.tmdb.org/t/p/w500/pxHVUm1IKRkoffKCuO9Xk90tONL.jpg,hi,0.0,Flop,5.301029995663981,0
Andhadhun,2018,"Crime, Mystery, Thriller, Comedy, Music",4500000,40000000,600,139,"Viacom18 Studios, Matchbox Pictures",10,https://image.tmdb.org/t/p/w500/dy3K6hNvwE05siGgiLJcEiwgpdO.jpg,hi,7.888888888888889,Hit,7.778874472002739,35500000
Ishqeria,2018,"Comedy, Romance",0,0,4,118,,9,https://image.tmdb.org/t/p/w500/iNnhAjWziAm0JwYJQWjpA50Rl7E.jpg,hi,0.0,Flop,5.698970004336019,0
Tumbbad,2018,"Fantasy, Horror",0,0,312,113,"Filmgate Films, Film i Väst, Sohum Shah FIlms, Colour Yellow Productions, Eros International",10,https://image.tmdb.org/t/p/w500/z1xOCxw780WFJC5uCTMfCkQ4Agi.jpg,hi,0.0,Flop,7.495544337546448,0
Sanju,2018,Drama,21918618,67414985,212,161,"Rajkumar Hirani Films, Vinod Chopra Films, Vidhu Vinod Chopra Productions",6,https://image.tmdb.org/t/p/w500/q1wkN4VQuBTj1AeyTLLz2w6awMA.jpg,hi,2.075695055226566,Hit,7.328379603438737,45496367
Missing,2018,"Thriller, Mystery",0,0,16,120,"Friday Filmworks, Anand Pandit Motion Pictures, Abundantia Entertainment, Shri Adhikari Brothers",4,https://image.tmdb.org/t/p/w500/6FRPUYld8D0dT0AMrGMJ4cjb94R.jpg,hi,0.0,Flop,6.230448921378274,0
Laila Majnu,2018,"Drama, Romance",0,0,26,139,"Balaji Motion Pictures, Pi Films Productions",9,https://image.tmdb.org/t/p/w500/gWyWCnA8oIwHs3tZOxYmOvyFtGJ.jpg,hi,0.0,Flop,6.431363764158988,0
Simmba,2018,"Action, Comedy, Drama",0,0,93,159,"Reliance Entertainment, Dharma Productions, Rohit Shetty Productionz",12,https://image.tmdb.org/t/p/w500/ulQO4XJ1xlWdl4vX8Lr3SbWRfZw.jpg,hi,0.0,Flop,6.973127853599698,0
Stree,2018,"Horror, Comedy",2800000,21000000,182,128,"Maddock Films, D2R Films",8,https://image.tmdb.org/t/p/w500/2xLDWr72Wxc1JGmbxza2V8g26YH.jpg,hi,6.5,Hit,7.26245108973043,18200000
Lust Stories,2018,"Drama, Romance",0,0,139,120,"RSVP Movies, Flying Unicorn Entertainment, Tiger Baby",6,https://image.tmdb.org/t/p/w500/mP5HehSpCaRGd6ej66jxkhdl60B.jpg,hi,0.0,Flop,7.146128035678238,0
Zero,2018,"Romance, Drama, Comedy",26000000,0,112,164,"Red Chillies Entertainment, Colour Yellow Productions",12,https://image.tmdb.org/t/p/w500/5uLyqwq2swVns28TFPV2zUzBEd7.jpg,hi,-1.0,Flop,7.05307844348342,-26000000
Baaghi 2,2018,"Action, Crime, Adventure, Mystery, Thriller",0,0,82,145,"Benetone Films, Fox Star Studios, Nadiadwala Grandson Entertainment",3,https://image.tmdb.org/t/p/w500/nkjkHg9yCpPDM7COGCXfDtUJa2X.jpg,hi,0.0,Flop,6.919078092376074,0
Tenth Race,2018,"Thriller, Crime",0,0,0,15,Maxiclean Energy Pvt. Ltd.,1,,hi,0.0,Flop,5.0,0
Pad Man,2018,"Comedy, Drama",10000000,23000000,235,140,"Hari Om Entertainment, Columbia Pictures, Sony Pictures Films India, Sony Pictures International Productions, CP Film Production Asia, Hope Productions",2,https://image.tmdb.org/t/p/w500/guI9SEqpZ6A0mhYpngb1gwAy6N2.jpg,hi,1.3,Hit,7.372912002970107,13000000
Thugs of Hindostan,2018,"Adventure, Action",31000000,3136000,119,164,"Yash Raj Films, Latina Pictures, Benetone Films, Prime Focus",11,https://image.tmdb.org/t/p/w500/eonEvymAPpXvWvbBu21HYJx8VdS.jpg,hi,-0.8988387096774193,Flop,7.079181246047625,-27864000
Sui Dhaaga - Made in India,2018,"Comedy, Drama, Family",0,0,93,150,Yash Raj Films,9,https://image.tmdb.org/t/p/w500/dit1yb4Z5WBtCFqn7Bl3oN8l7A1.jpg,hi,0.0,Flop,6.973127853599698,0
Raazi,2018,"Thriller, Drama, History",4500000,23800000,185,138,"Dharma Productions, Junglee Pictures",5,https://image.tmdb.org/t/p/w500/fF2xXApETxZqyluokyJ1x4gIiTf.jpg,hi,4.288888888888889,Hit,7.269512944217917,19300000
Gold,2018,"Drama, History",0,0,78,170,"Excel Entertainment, Eros International, Friday Filmworks, Hari Om Entertainment Company",8,https://image.tmdb.org/t/p/w500/xCcdW6nHRcrKWraErYV5g3tut7Q.jpg,hi,0.0,Flop,6.897627091290442,0
Purana Pyaar,2018,Romance,0,0,0,22,Gorilla Shorts,5,,hi,0.0,Flop,5.0,0
Blackmail,2018,"Comedy, Thriller",0,0,102,138,"RDP Motion Pictures, T-Series",4,https://image.tmdb.org/t/p/w500/apt3peZIUjd56Rkt0HGxp6EaxKe.jpg,hi,0.0,Flop,7.012837224705172,0
Dhadak,2018,"Romance, Drama, Comedy",4800000,13000000,57,138,"Zee Studios, Dharma Productions",7,https://image.tmdb.org/t/p/w500/vIVKzzPA7hrSZpEwofB7Luo83kO.jpg,hi,1.7083333333333333,Hit,6.763427993562937,8200000
Copy,2018,"Science Fiction, Mystery",0,0,0,40,,4,https://image.tmdb.org/t/p/w500/rJiHBUGucfxkBlDFNF4Xi1DedMY.jpg,hi,0.0,Flop,5.0,0
Period. End of Sentence.,2018,Documentary,0,0,246,26,"Sikhya Entertainment, The Pad Project",4,https://image.tmdb.org/t/p/w500/dsCeBj8oabzsHQOGGLPrmrqIvDs.jpg,hi,0.0,Flop,7.392696953259666,0
Difficult People,2018,Drama,0,0,0,20,,5,,hi,0.0,Flop,5.0,0
Nitishastra,2018,"Action, Drama",0,0,2,20,Royal Stag Barrel Select Large Short Films,6,https://image.tmdb.org/t/p/w500/851qWRZkqjCCWVqM2ED0cfYyTLx.jpg,hi,0.0,Flop,5.477121254719663,0
Badhaai Ho,2018,"Comedy, Romance, Drama",4000000,39000000,167,125,"Junglee Pictures, Chrome Pictures",10,https://image.tmdb.org/t/p/w500/1RCzZkjxnL9MiAOP4oQQm63Ku0p.jpg,hi,8.75,Hit,7.225309281725863,35000000
Breast Tax,2018,History,0,0,0,14,,5,https://image.tmdb.org/t/p/w500/bEeV6z3UNVkAVsXjHTl0PK1WJ8e.jpg,hi,0.0,Flop,5.0,0
Genius,2018,"Thriller, Action",0,0,15,164,"Anil Sharma Productions, Soham Rockstar Entertainment",8,https://image.tmdb.org/t/p/w500/jdEJ2dgus9d0pAQjC8086SVcx2n.jpg,hi,0.0,Flop,6.204119982655925,0
Race 3,2018,"Thriller, Action, Crime, Adventure",0,0,82,160,"Salman Khan Films, Tips Industries",6,https://image.tmdb.org/t/p/w500/wtnA5mmNumYkeevokar6IskyrZP.jpg,hi,0.0,Flop,6.919078092376074,0
Veere Di Wedding,2018,"Drama, Comedy",6800000,19700000,40,135,"Saffron Magicworks, Balaji Motion Pictures, Anil Kapoor Film & Communication Network",6,https://image.tmdb.org/t/p/w500/yeXnYRRQE2MT7s04uUfKS696cqi.jpg,hi,1.8970588235294117,Hit,6.6127838567197355,12900000
Pari,2018,"Horror, Mystery",2600000,6000000,54,135,"Clean Slate Films, KriArj Entertainment, KriArj Entertainment, KYTA Productions",3,https://image.tmdb.org/t/p/w500/togwv0TGqXkIA2YuYIY9VDLEkdF.jpg,hi,1.3076923076923077,Hit,6.740362689494244,3400000
Kedarnath,2018,Romance,0,13999297,47,120,"Guy in the Sky Pictures, RSVP Movies",12,https://image.tmdb.org/t/p/w500/viq6ltqew6ZU6dur1FUVKpf9tiZ.jpg,hi,0.0,Flop,6.681241237375588,13999297
Sonu Ke Titu Ki Sweety,2018,"Romance, Comedy",0,0,126,144,"LUV Films, Sarke Studio",2,https://image.tmdb.org/t/p/w500/1nsVHEVKOag8syzGtqnlYlbMQdh.jpg,hi,0.0,Flop,7.103803720955957,0
Baazaar,2018,"Crime, Drama, Thriller",0,0,29,140,"Emmay Entertainment, KYTA Productions, B4U Films",10,https://image.tmdb.org/t/p/w500/zLAlaimyVfsRmaH1fv3qmfksMRP.jpg,hi,0.0,Flop,6.477121254719663,0
Jalebi,2018,"Drama, Romance",0,0,24,112,Vishesh Films,10,https://image.tmdb.org/t/p/w500/pIJYLvMMWTsEpNFVxU6YwTzdOzL.jpg,hi,0.0,Flop,6.3979400086720375,0
1921,2018,"Thriller, Horror",0,0,16,144,"Motion Picture Capital, Loneranger Production",1,https://image.tmdb.org/t/p/w500/lEOwlojOgtbfdFrMANVwVohOqyY.jpg,hi,0.0,Flop,6.230448921378274,0
Three and a Half,2018,"Crime, Drama",0,0,4,121,,1,https://image.tmdb.org/t/p/w500/59nx7Zbz7u2zmDxakB91MzE5bLJ.jpg,hi,0.0,Flop,5.698970004336019,0
Aiyaary,2018,"Crime, Drama, Thriller",9150000,41000000,55,157,"Friday Filmworks, Motion Picture Capital, Reliance Entertainment, Plan C Studios",2,https://image.tmdb.org/t/p/w500/1lfpxWPKRN9GOCdad5XhdxWuS3U.jpg,hi,3.480874316939891,Hit,6.748188027006201,31850000
October,2018,"Drama, Romance",0,0,111,109,"Kino Works, Rising Sun Films",4,https://image.tmdb.org/t/p/w500/nHUBPUwXkHinq2rIXnnCHsPylD1.jpg,hi,0.0,Flop,7.049218022670182,0
Happy Phirr Bhag Jayegi,2018,"Drama, Romance, Comedy",0,0,8,136,"Colour Yellow Productions, Eros International",8,https://image.tmdb.org/t/p/w500/6ZGPJgK9qMlQopwfRBeL8t1yltX.jpg,hi,0.0,Flop,5.954242509439325,0
Gaon,2018,Drama,0,0,2,131,,1,https://image.tmdb.org/t/p/w500/cQVPlGxbPfxuswZAC94fVBIQJa5.jpg,hi,0.0,Flop,5.477121254719663,0
Soorma,2018,Drama,0,3168000,37,131,"Sony Pictures Networks Productions, CS2 Films, White Turtle Studios, Sony Pictures International Productions",7,https://image.tmdb.org/t/p/w500/p9s0fTFQbfldhP757ykmidzNyFh.jpg,hi,0.0,Flop,6.57978359661681,3168000
Karwaan,2018,"Adventure, Comedy",3038109,3489863,111,125,RSVP Movies,8,https://image.tmdb.org/t/p/w500/dS0ZFlqGbGGksSUdqk7niL7rywc.jpg,hi,0.1486957841209779,Average,7.049218022670182,451754
Manmarziyaan,2018,"Romance, Drama",0,0,68,155,"Phantom Films, Colour Yellow Productions, Eros International",9,https://image.tmdb.org/t/p/w500/spTuL3PJFYQsxBdAHbUJlHtwwyi.jpg,hi,0.0,Flop,6.838849090737256,0
Lovefucked,2018,"Romance, Drama",0,0,9,105,Humara Medialabs,10,https://image.tmdb.org/t/p/w500/8D9Lgh5LSFe37uNOWwqnS1zhHcB.jpg,hi,0.0,Flop,6.0,0
Love per Square Foot,2018,"Comedy, Romance",0,0,123,133,"RSVP Movies, Leo Media Collective",2,https://image.tmdb.org/t/p/w500/edKCIS7i4qruQ8B8sbou8scvPLe.jpg,hi,0.0,Flop,7.093421685162236,0
Mulk,2018,Drama,2721526,4080000,40,140,"Soham Rockstar Entertainment, Benaras Mediaworks",8,https://image.tmdb.org/t/p/w500/2ylI1irPUIn0sz0f8I3Z2QtbJ24.jpg,hi,0.49915892774862336,Average,6.6127838567197355,1358474
Mukkabaaz,2018,Drama,0,0,44,145,"Colour Yellow Productions, Phantom Films",1,https://image.tmdb.org/t/p/w500/qZP2VQwx6prmTbxWyolkhl3QYDU.jpg,hi,0.0,Flop,6.653212513775344,0
Parmanu: The Story of Pokhran,2018,"Drama, History, Thriller",7405000,0,110,129,"Zee Studios, JA Entertainment, KYTA Productions",5,https://image.tmdb.org/t/p/w500/58X8iBxgT5n4aVBLkDFSnOrIHlD.jpg,hi,-1.0,Flop,7.045322978786658,-7405000
Paltan,2018,"War, Drama, Action",0,0,13,123,"Zee Studios, J.P. Films",9,https://image.tmdb.org/t/p/w500/nQ9G7JjxM2NWyOrWfhgsTA6mBM7.jpg,hi,0.0,Flop,6.146128035678238,0
Nawabzaade,2018,"Comedy, Romance",0,0,9,112,White Measure Entertainment,7,https://image.tmdb.org/t/p/w500/o1GTpcSQwdKj0rxEVlAhlqUdcvM.jpg,hi,0.0,Flop,6.0,0
Helicopter Eela,2018,Drama,0,0,15,131,"Pen India Limited, Ajay Devgn FFilms",10,https://image.tmdb.org/t/p/w500/5nl4RpcRKROSvqkoJzthUAhJ7NG.jpg,hi,0.0,Flop,6.204119982655925,0
5 Weddings,2018,"Drama, Comedy, Romance",0,0,9,94,UniGlobe Entertainment,10,https://image.tmdb.org/t/p/w500/ftgiAskwz67dDg9a39204otCK1p.jpg,hi,0.0,Flop,6.0,0
Satyameva Jayate,2018,"Action, Thriller",0,0,56,142,"Emmay Entertainment, T-Series",8,https://image.tmdb.org/t/p/w500/8YCos8rd6QzGvhDp0oBS8achffk.jpg,hi,0.0,Flop,6.7558748556724915,0
Kashmir Daily,2018,"Drama, Thriller",0,0,1,148,Seven Two Creations,1,https://image.tmdb.org/t/p/w500/vJDnOkyEkEkKyzjBaNu46GDFjyK.jpg,hi,0.0,Flop,5.301029995663981,0
Pataakha,2018,"Action, Comedy, Drama",0,0,23,134,"KYTA Productions, B4U Films, Vishal Bhardwaj Films",9,https://image.tmdb.org/t/p/w500/kG9T9y7eN8FGBK9jESJNlmuRdyR.jpg,hi,0.0,Flop,6.380211241711606,0
Kathor,2018,Unknown,0,0,0,0,,8,,hi,0.0,Flop,5.0,0
Batti Gul Meter Chalu,2018,"Comedy, Drama",7100000,9600000,29,161,"Krti Pictures, T-Series, Abundantia Entertainment, Friday Filmworks, Plan C Studios, Viiking Media & Entertainment",9,https://image.tmdb.org/t/p/w500/bBobaRCN9IOEtCho3EGxA25NF5N.jpg,hi,0.352112676056338,Average,6.477121254719663,2500000
"Saheb, Biwi Aur Gangster 3",2018,"Action, Drama, Thriller",0,0,4,134,"Jar Pictures, Rahul Mittra Films",7,https://image.tmdb.org/t/p/w500/92mhRkrhOiQmtwDXGSkC0ULDS3Q.jpg,hi,0.0,Flop,5.698970004336019,0
Fanney Khan,2018,"Comedy, Drama, Music",0,0,21,129,"KriArj Entertainment, Rakeysh Omprakash Mehra Pictures, T-Series, Anil Kapoor Film & Communication Network",6,https://image.tmdb.org/t/p/w500/vi6ROSYs0kOgYzKc15X3MrwKsI1.jpg,hi,0.0,Flop,6.342422680822207,0
Pihu,2018,"Thriller, Drama",0,0,91,91,"RSVP Movies, Roy Kapur Films",11,https://image.tmdb.org/t/p/w500/zRsqo4iSRvUK8eFsmT4y16BbmnX.jpg,hi,0.0,Flop,6.963787827345556,0
Burning,2018,Unknown,0,0,4,18,Sarvamangala,11,https://image.tmdb.org/t/p/w500/hxGv1O2W5SOJTmiBc45CL842mrx.jpg,hi,0.0,Flop,5.698970004336019,0
Mitron,2018,"Romance, Comedy, Family",0,0,10,116,Abundantia Entertainment,9,https://image.tmdb.org/t/p/w500/3mk2MT5w15IeGHGwFrvUtozrjEU.jpg,hi,0.0,Flop,6.041392685158225,0
Gali Guleiyan,2018,"Thriller, Drama",0,0,5,117,Exstant Motion Pictures,3,https://image.tmdb.org/t/p/w500/rlnobdEB7bGI8fPpbYFRAXQzB8w.jpg,hi,0.0,Flop,5.778151250383644,0
Beyond the Clouds,2018,"Family, Drama",0,0,24,120,"Namah Pictures, Eye Candy Films, Zee Studios",4,https://image.tmdb.org/t/p/w500/8HvQ7UEngiSQ7Nxj1lH0HW8kOpj.jpg,hi,0.0,Flop,6.3979400086720375,0
Loveyatri,2018,"Drama, Romance, Comedy, Music",0,0,16,140,Salman Khan Films,10,https://image.tmdb.org/t/p/w500/aq5RNE6L8gPSQwSaueur97IbpFR.jpg,hi,0.0,Flop,6.230448921378274,0
Page 16,2018,"Horror, Mystery",0,0,2,96,,8,https://image.tmdb.org/t/p/w500/gFwxoWmdKGvIYGvDo4vf7jJeeeF.jpg,hi,0.0,Flop,5.477121254719663,0
Haseena,2018,Comedy,0,0,3,158,"Harsh Dream Ventures, Khushi Films",1,https://image.tmdb.org/t/p/w500/zbAXFebqiNHiuHrQucd49YGzA9X.jpg,hi,0.0,Flop,5.6020599913279625,0
Mohalla Assi,2018,Drama,0,0,3,120,Crossword Entertainment PVT LTD,11,https://image.tmdb.org/t/p/w500/bGSbaG6AIIaACEMprEsf2xiLgyO.jpg,hi,0.0,Flop,5.6020599913279625,0
3 Storeys,2018,Drama,0,0,5,100,"B4U Television Network, Excel Entertainment",3,https://image.tmdb.org/t/p/w500/fe559eR3pQEDIVQ6m7CKxQNM8UV.jpg,hi,0.0,Flop,5.778151250383644,0
Yamla Pagla Deewana: Phir Se,2018,"Comedy, Drama",0,0,11,147,"Intercut Entertainment, Pen Studios, Sunny Sounds",8,https://image.tmdb.org/t/p/w500/t52FVHgb7zDFg2dSVkjquCMGGP9.jpg,hi,0.0,Flop,6.079181246047625,0
Bhor,2018,Unknown,0,0,1,91,,11,https://image.tmdb.org/t/p/w500/fxYVzQL5sKqQZnTqXpX1VZqi4qo.jpg,hi,0.0,Flop,5.301029995663981,0
Reason,2018,Documentary,0,0,4,218,,9,https://image.tmdb.org/t/p/w500/vYkYRxQYsYiAaQN2frbhQt4Hqwx.jpg,hi,0.0,Flop,5.698970004336019,0
Dassehra,2018,Thriller,0,0,1,109,Rash Productions,10,https://image.tmdb.org/t/p/w500/1yXATSoFUl7aLFVPl9a52id2oUG.jpg,hi,0.0,Flop,5.301029995663981,0
Hate Story IV,2018,"Thriller, Crime, Drama",2900000,3200000,16,131,T-Series,3,https://image.tmdb.org/t/p/w500/7mI6YgCVFfKDSlSDN8MuSY8oCFJ.jpg,hi,0.10344827586206896,Average,6.230448921378274,300000
Welcome to New York,2018,"Drama, Comedy",0,0,3,118,"WIZ Films, Pooja Entertainment",2,https://image.tmdb.org/t/p/w500/3U5WFZxqoXL6Iz4lQhPkOSbmvu.jpg,hi,0.0,Flop,5.6020599913279625,0
Daas Dev,2018,"Thriller, Drama",0,0,2,160,"Saptrishi Cinevision, Storm Motion Pictures",3,https://image.tmdb.org/t/p/w500/epEPC4J41OwaHkiSPuyRIj4vuOb.jpg,hi,0.0,Flop,5.477121254719663,0
Kuchh Bheege Alfaaz,2018,"Romance, Drama",0,0,8,116,"Yoodlee Films, Saregama India",2,https://image.tmdb.org/t/p/w500/25cv2bdc4IIIcMWdFiHC0uEy0eI.jpg,hi,0.0,Flop,5.954242509439325,0
Kartaa,2018,Unknown,0,0,0,20,,4,,hi,0.0,Flop,5.0,0
III Smoking Barrels,2018,Drama,0,0,2,127,,9,https://image.tmdb.org/t/p/w500/eRwvulS2aFEEbGNksNTvdgE8k2u.jpg,hi,0.0,Flop,5.477121254719663,0
Bhavesh Joshi Superhero,2018,"Action, Drama",0,0,48,155,Phantom Films,6,https://image.tmdb.org/t/p/w500/x2dzIELXWls5Aqutha502ZyF8WN.jpg,hi,0.0,Flop,6.690196080028514,0
102 Not Out,2018,"Comedy, Family, Drama",0,0,64,107,"Benchmark, Treetop Entertainment, Sony Pictures Films India, Sony Pictures International Productions",5,https://image.tmdb.org/t/p/w500/2opq0dUfQUuiTzdip9BDqjWKQNL.jpg,hi,0.0,Flop,6.812913356642856,0
Jabariya Jodi,2019,"Drama, Romance",0,0,12,144,"Balaji Motion Pictures, Karma Media and Entertainment, Cult Movies",8,https://image.tmdb.org/t/p/w500/ulbgjGb5vONd6jbiOlgJOT9Wc3T.jpg,hi,0.0,Flop,6.113943352306837,0
Posham Pa,2019,"Crime, Drama, Thriller",0,0,5,150,ZEE5,8,https://image.tmdb.org/t/p/w500/iefccaofChisGbYGyOnMIvd7Wn6.jpg,hi,0.0,Flop,5.778151250383644,0
Sparsh,2019,Drama,0,0,0,15,"Royal Stag Barrel Select Large Short Films, Social Diaries Productions",3,https://image.tmdb.org/t/p/w500/twJVIqda9BFomRoevctnGRiHvCW.jpg,hi,0.0,Flop,5.0,0
Manikarnika: The Queen of Jhansi,2019,"History, Drama, Action",17500000,0,52,148,"Kairos Kontent Studios, Zee Studios",1,https://image.tmdb.org/t/p/w500/kbTzlKKnZHZ8RYulknO4xqQOJ24.jpg,hi,-1.0,Flop,6.724275869600789,-17500000
Uri: The Surgical Strike,2019,"Action, Drama, War",0,0,462,138,RSVP Movies,1,https://image.tmdb.org/t/p/w500/yNySAgpAnWmPpYinim9E0tUzJWG.jpg,hi,0.0,Flop,7.665580991017953,0
Happi,2019,"Comedy, Drama",0,0,1,135,,12,https://image.tmdb.org/t/p/w500/svyiLVtzVcanH8T3pVyaR7kp9Qi.jpg,hi,0.0,Flop,5.301029995663981,0
Cypher,2019,Family,0,0,0,130,,9,https://image.tmdb.org/t/p/w500/9F2SirZBraz6GaNfyXCnz4r9Nmd.jpg,hi,0.0,Flop,5.0,0
Number Game,2019,"Horror, Mystery, Thriller",0,0,1,117,,2,https://image.tmdb.org/t/p/w500/5MVBJGsSktcxHt952M0WtNKs8lg.jpg,hi,0.0,Flop,5.301029995663981,0
Barot House,2019,"Thriller, Mystery",0,0,9,90,,8,https://image.tmdb.org/t/p/w500/abzKYvfeFYCLJvwc4ZUpdU3YQ7Q.jpg,hi,0.0,Flop,6.0,0
Drive,2019,"Action, Thriller",0,0,60,119,Dharma Productions,11,https://image.tmdb.org/t/p/w500/1ZUNyvVGTPkeBVXXTMnhIRoXlfo.jpg,hi,0.0,Flop,6.785329835010767,0
Fatafat,2019,Unknown,0,0,0,0,,4,https://image.tmdb.org/t/p/w500/qlhq5h6rPoKSCZdvKWbDG7j0jus.jpg,hi,0.0,Flop,5.0,0
Bedhab,2019,Mystery,0,0,0,37,,10,https://image.tmdb.org/t/p/w500/bxjKuAE1sCl5v2dQhlfjzECftqH.jpg,hi,0.0,Flop,5.0,0
Sapera,2019,Documentary,0,0,0,11,,3,https://image.tmdb.org/t/p/w500/zM31ysrzxcotwi9xXWjAFxo9Pz1.jpg,hi,0.0,Flop,5.0,0
Junglee,2019,"Action, Adventure",0,0,105,115,Junglee Pictures,3,https://image.tmdb.org/t/p/w500/d5Jw6eXO3Qv9qu8oy5V4WCDDvki.jpg,hi,0.0,Flop,7.02530586526477,0
SUNO,2019,Unknown,0,0,0,11,,6,https://image.tmdb.org/t/p/w500/rDkBn9rt1Gt8psyDHgCsJILPZlC.jpg,hi,0.0,Flop,5.0,0
Kalank,2019,"Drama, Romance",0,17987034,58,166,"Dharma Productions, Nadiadwala Grandson Entertainment, Fox Star Studios, Zeal Z Entertainment Services",4,https://image.tmdb.org/t/p/w500/aU4DMIzR7u3EHqQ123oLmi9JTbL.jpg,hi,0.0,Flop,6.770852011642145,17987034
Student of the Year 2,2019,"Romance, Comedy, Drama",0,1635907,80,146,"Dharma Productions, Fox Star Studios",5,https://image.tmdb.org/t/p/w500/upy2LuSohFYnMGJQl3039TPnlmh.jpg,hi,0.0,Flop,6.9084850188786495,1635907
Baatein,2019,Drama,0,0,0,21,MadMidaas Films,12,,hi,0.0,Flop,5.0,0
Romeo Akbar Walter,2019,"Action, Thriller",0,0,40,141,"Red Ice Films, Viacom18 Studios, KYTA Productions, VA Film Company, Eros International",3,https://image.tmdb.org/t/p/w500/bFMVatMQVqB3lZGXFpK38tPAetq.jpg,hi,0.0,Flop,6.6127838567197355,0
Battalion 609,2019,"Action, War, Drama",0,0,0,142,"BIG Curtains Media, NJ Lalwani Films",1,https://image.tmdb.org/t/p/w500/wcDBV1cxbbDUgZBjCkpIctPKHt9.jpg,hi,0.0,Flop,5.0,0
Mission Mangal,2019,"Drama, History",4571000,41512000,74,133,"Cape Of Good Films, Fox Star Studios, Hope & Glory Pictures",8,https://image.tmdb.org/t/p/w500/yUR7yDFNXQSoA51G0PPjIXOG2C9.jpg,hi,8.081601400131262,Hit,6.8750612633917,36941000
Pagalpanti,2019,"Comedy, Action",0,0,19,149,,11,https://image.tmdb.org/t/p/w500/6a2OetshfbIt6i081TWePrXk1L4.jpg,hi,0.0,Flop,6.301029995663981,0
Chhichhore,2019,"Romance, Comedy, Drama",6825000,29353057,164,146,"Fox Star Studios, Nadiadwala Grandson Entertainment",9,https://image.tmdb.org/t/p/w500/cGDPQtQ5igtPMt3oJ6BCAor6dFp.jpg,hi,3.3008142124542124,Hit,7.217483944213907,22528057
Masterpiece,2019,Thriller,0,0,0,19,,6,https://image.tmdb.org/t/p/w500/kDkejNrZzZrHn5cbwS6KKwNSFXD.jpg,hi,0.0,Flop,5.0,0
Soni,2019,"Drama, Crime",0,0,42,97,Jabberwockee Talkies,1,https://image.tmdb.org/t/p/w500/gUczyiHIfi9kxme98T7yyIdyHFT.jpg,hi,0.0,Flop,6.633468455579586,0
House Arrest,2019,Comedy,0,0,15,104,India Stories,11,https://image.tmdb.org/t/p/w500/xHAx1klAv4wYfraTYbpoaDtGPw2.jpg,hi,0.0,Flop,6.204119982655925,0
Parking Closed,2019,Thriller,0,0,0,112,Arjun Nirman Production,2,https://image.tmdb.org/t/p/w500/wIBmm3x7po0b2vvJt8kDpSzDCDL.jpg,hi,0.0,Flop,5.0,0
My Dear Prime Minister,2019,Drama,0,0,8,104,"Aham Brahmasmi Entertaiment, Rakeysh Omprakash Mehra Pictures, PVP Cinema",3,https://image.tmdb.org/t/p/w500/9BHkQB7MgU9iqoRtZXyTFuqqbNq.jpg,hi,0.0,Flop,5.954242509439325,0
The Body,2019,"Thriller, Mystery",0,0,40,101,"Azure Entertainment, Viacom18 Studios",12,https://image.tmdb.org/t/p/w500/ceEmtlyvbJh1khLpSkPUKAmpPA7.jpg,hi,0.0,Flop,6.6127838567197355,0
Albert Pinto Ko Gussa Kyun Aata Hai?,2019,"Crime, Drama",0,0,2,94,,4,https://image.tmdb.org/t/p/w500/sPyEn5nH9FF8b7SpHwnyHMi7kBJ.jpg,hi,0.0,Flop,5.477121254719663,0
Wig,2019,Unknown,0,0,0,26,,7,https://image.tmdb.org/t/p/w500/s4E9YrmT71TdeBGVWE2AMa4yQGR.jpg,hi,0.0,Flop,5.0,0
Total Dhamaal,2019,"Comedy, Adventure",0,0,48,127,"Anand Pandit Motion Pictures, Fox Star Studios, Maruti International, Shri Adhikari Brothers, Reliance Entertainment, Ajay Devgn FFilms",2,https://image.tmdb.org/t/p/w500/2ZeE0hQSVMNjkRCqyxkBrvnmzsr.jpg,hi,0.0,Flop,6.690196080028514,0
Good Newwz,2019,"Romance, Comedy, Family, Drama",0,0,93,132,"Dharma Productions, Cape Of Good Films, Zee Studios",12,https://image.tmdb.org/t/p/w500/1YWp8MdXZAZvXgnWyv2RgMaG3Ps.jpg,hi,0.0,Flop,6.973127853599698,0
Sepia,2019,Romance,0,0,0,30,,12,https://image.tmdb.org/t/p/w500/algwLPjEfjHWovSq9VTXtKIGfRs.jpg,hi,0.0,Flop,5.0,0
Hamid,2019,Drama,0,0,12,108,Yoodlee Films,3,https://image.tmdb.org/t/p/w500/35QHuEC4cUP1R7O0XtPIfRPF4mz.jpg,hi,0.0,Flop,6.113943352306837,0
De De Pyaar De,2019,"Romance, Comedy",0,0,58,135,LUV Films,5,https://image.tmdb.org/t/p/w500/lKxbegRPahPDeOYeaDHhsNJDZU8.jpg,hi,0.0,Flop,6.770852011642145,0
Panipat,2019,"Action, History, War, Romance",0,0,37,171,"Ashutosh Gowariker Productions, Vision World Films",12,https://image.tmdb.org/t/p/w500/z59Vr7l2ZFQPh76ooSQdXjW3YRo.jpg,hi,0.0,Flop,6.57978359661681,0
Bala,2019,"Comedy, Romance",3571000,24571428,93,133,"Maddock Films, Jio Studios",11,https://image.tmdb.org/t/p/w500/yIDQRD4rPofIodn0b1Md2WyXzSD.jpg,hi,5.880825539064688,Hit,6.973127853599698,21000428
Sonchiriya,2019,"Crime, Action, Drama",0,0,38,145,"RSVP Movies, MacGuffin Pictures",3,https://image.tmdb.org/t/p/w500/7ygikeDbneOlUFIQyvAmMrvi3vJ.jpg,hi,0.0,Flop,6.5910646070264995,0
Commando 3,2019,"Action, Thriller",0,0,39,133,"Blockbuster Movie Entertainers, Reliance Entertainment, Sunshine Pictures",11,https://image.tmdb.org/t/p/w500/ukxAjRADLYxUhCzg4KNhXux5BMH.jpg,hi,0.0,Flop,6.6020599913279625,0
Line of Descent,2019,"Crime, Drama",0,0,7,104,"Level Street Pictures, Invisible Man Pictures, Brillstein Entertainment Partners, ZEE5",12,https://image.tmdb.org/t/p/w500/dhUDMDeZAGMx1gW58fssyzptbnO.jpg,hi,0.0,Flop,5.903089986991944,0
Article 15,2019,"Crime, Drama, Thriller",0,0,169,130,"Benaras Media Works, Zee Studios",5,https://image.tmdb.org/t/p/w500/egknEWNt2B0slG2OC0gSpLZdVHj.jpg,hi,0.0,Flop,7.230448921378274,0
Aunty Sudha Aunty Radha,2019,Documentary,0,0,0,49,,10,https://image.tmdb.org/t/p/w500/mfPoSz1MjNad48wX2uvmQ94VbTS.jpg,hi,0.0,Flop,5.0,0
Bombay Rose,2019,"Animation, Drama, Romance",0,0,30,93,"Les Films d'Ici, Cinestaan Film Company, Goldfinch",8,https://image.tmdb.org/t/p/w500/6dXPo495OANEEtzCk9u4wJVpfqw.jpg,hi,0.0,Flop,6.491361693834273,0
Luka Chuppi,2019,"Comedy, Romance",0,0,93,126,"Maddock Films, Jio Studios",3,https://image.tmdb.org/t/p/w500/ozCWKIQisOfWFgJDLMggIeEFTLE.jpg,hi,0.0,Flop,6.973127853599698,0
Arjun Patiala,2019,"Comedy, Romance",0,0,8,107,"Maddock Films, T-Series, Bake My Cake Films",7,https://image.tmdb.org/t/p/w500/nuPerJWV04xQMQUu9J6K6H4iFCB.jpg,hi,0.0,Flop,5.954242509439325,0
The Accidental Prime Minister,2019,"History, Drama",0,0,25,111,"Pen Studios, Rudra Production, Bohra Bros Productions",1,https://image.tmdb.org/t/p/w500/ec6UmcBD4z76ZzlbZJWpHyr75yd.jpg,hi,0.0,Flop,6.414973347970818,0
Ek Mulaqat,2019,Romance,0,0,0,7,,7,https://image.tmdb.org/t/p/w500/yrmO77q6VmHDHLdppoy3tzrxvma.jpg,hi,0.0,Flop,5.0,0
Section 375,2019,"Drama, Thriller",0,0,69,124,"Panorama Studios, T-Series",9,https://image.tmdb.org/t/p/w500/x7rVZ0KiPWxBMJBI8roIwlMvs2c.jpg,hi,0.0,Flop,6.845098040014257,0
Shadow Bird,2019,"Fantasy, Mystery",0,0,0,26,,11,https://image.tmdb.org/t/p/w500/tyqwLKm7Sl4ign409GI8Jql5tLB.jpg,hi,0.0,Flop,5.0,0
Batla House,2019,"Action, Drama, Thriller",0,0,61,146,"Emmay Entertainment, JA Entertainment, Bake My Cake Films",8,https://image.tmdb.org/t/p/w500/lHATvvxVvcHRy9G8ZJGXA7J6JEg.jpg,hi,0.0,Flop,6.792391689498254,0
Khandaani Shafakhana,2019,"Comedy, Drama",0,0,8,136,,8,https://image.tmdb.org/t/p/w500/nlejxxxLsVZxbZd61zT7JH2z1wA.jpg,hi,0.0,Flop,5.954242509439325,0
Blank,2019,"Action, Thriller",0,0,13,111,"Carnival Motion Pictures, Echelon Entertainment",5,https://image.tmdb.org/t/p/w500/8xfLBfBwPJfbZG9n15S9aF25VxZ.jpg,hi,0.0,Flop,6.146128035678238,0
Laal Kaptaan,2019,"Drama, Action",0,0,26,155,"Colour Yellow Productions, Eros International",10,https://image.tmdb.org/t/p/w500/aksVuRiiu9BMetv9f65YjRHucaF.jpg,hi,0.0,Flop,6.431363764158988,0
The Zoya Factor,2019,Romance,0,0,26,134,"Fox Star Studios, Adlabs Films",9,https://image.tmdb.org/t/p/w500/ytLpoqycSAhMo5W7eHJyCXn8E2n.jpg,hi,0.0,Flop,6.431363764158988,0
Photograph,2019,"Drama, Romance",0,0,79,111,"filmscience, KNM, Poetic License, Pola Pandora Filmproduktions, Skywalk Films",3,https://image.tmdb.org/t/p/w500/4t8Vgj9UL1TCGmyZHbQxPtSCXrp.jpg,hi,0.0,Flop,6.903089986991944,0
Pati Patni Aur Woh,2019,"Comedy, Romance",0,0,43,125,"B.R. Studios, T-Series",12,https://image.tmdb.org/t/p/w500/9sAegdBnkfucqhrsocR47zCKcez.jpg,hi,0.0,Flop,6.643452676486188,0
The Sky Is Pink,2019,"Romance, Drama, Comedy",0,0,75,143,"Purple Pebble Pictures, RSVP Movies, Roy Kapur Films, Ivanhoe Pictures, Sidney Kimmel Entertainment, Nodachi",10,https://image.tmdb.org/t/p/w500/jXseh5pR0NuuNhHhyhM5DasqL8v.jpg,hi,0.0,Flop,6.880813592280791,0
Cargo,2019,"Science Fiction, Drama, Fantasy",0,0,20,113,"Fundamental Pictures, Electric Films",10,https://image.tmdb.org/t/p/w500/p8qSsI6g2vSrdumtdbb8c2Q2pV6.jpg,hi,0.0,Flop,6.3222192947339195,0
Ghost,2019,"Horror, Thriller",0,0,8,130,"Loneranger Production, Vashu Bhagnani Production",10,https://image.tmdb.org/t/p/w500/tPzw28qOSVU5kfyczbcOJkInqxF.jpg,hi,0.0,Flop,5.954242509439325,0
Prassthanam,2019,"Action, Drama",0,0,11,138,"Sanjay Dutt Productions, NH Studioz",9,https://image.tmdb.org/t/p/w500/irGjVUIJdJneVjrs2jxtMC7gwnM.jpg,hi,0.0,Flop,6.079181246047625,0
Pal Pal Dil Ke Paas,2019,Romance,0,0,6,144,"Sunny Sounds, Vijayta Films, Zee Studios",9,https://image.tmdb.org/t/p/w500/5vTaUnfrEt6nNmB72MfNHG1p7x.jpg,hi,0.0,Flop,5.845098040014257,0
Saand Ki Aankh,2019,Drama,0,0,24,146,"Reliance Entertainment, Anurag Kashyap Films",10,https://image.tmdb.org/t/p/w500/y2W3FuqjIQO83ZQxcW8pM6HP7D7.jpg,hi,0.0,Flop,6.3979400086720375,0
Fraud Saiyaan,2019,"Comedy, Drama",0,77275,10,109,"Play Entertainment, Prakash Jha Productions, Digital Sukoon",1,https://image.tmdb.org/t/p/w500/jobB4ZKJSxvXwXgvtXz8HNMYhab.jpg,hi,0.0,Flop,6.041392685158225,77275
Motichoor Chaknachoor,2019,"Romance, Drama",0,0,25,150,"Viacom18 Studios, Woodpecker Movies Private Limited",11,https://image.tmdb.org/t/p/w500/9viHDkVC1Xl08jmau6ikudz7eH8.jpg,hi,0.0,Flop,6.414973347970818,0
The Song of Scorpions,2019,Drama,0,0,6,120,"Feather Light Films, KNM Films, Ciné-Sud Promotion, Aurora Media, M! Capital Ventures",9,https://image.tmdb.org/t/p/w500/4XuS7kJjR0wg8BNmazdNYmwoJJu.jpg,hi,0.0,Flop,5.845098040014257,0
Yeh Saali Aashiqui,2019,"Thriller, Romance",0,0,12,127,"Amrish Puri Films, Dr. Jayantilal Gada (pen)",11,https://image.tmdb.org/t/p/w500/z83KrUMwgXPZM442lhl0Mth0pPk.jpg,hi,0.0,Flop,6.113943352306837,0
Jhalki,2019,Drama,0,0,5,105,,9,https://image.tmdb.org/t/p/w500/nxtRjtJXarnmzKckmp92k3ydRxb.jpg,hi,0.0,Flop,5.778151250383644,0
Khamoshi,2019,Thriller,0,0,3,86,"Manvi Production, Pyx Films, Indo-UK Film Company, Pooja Entertainment",6,https://image.tmdb.org/t/p/w500/w2NYvgVLYNqZ87NUpsfHr9gZ57h.jpg,hi,0.0,Flop,5.6020599913279625,0
Ammaa Ki Boli,2019,"Comedy, Drama",0,0,3,118,,8,https://image.tmdb.org/t/p/w500/wBLZ0ZPTYLnbSdJLPefJqr2WGfB.jpg,hi,0.0,Flop,5.6020599913279625,0
Ujda Chaman,2019,"Comedy, Drama",0,0,22,120,Panorama Studios,11,https://image.tmdb.org/t/p/w500/hybSFEHZcehPN8oRdb5YjaxRk2u.jpg,hi,0.0,Flop,6.361727836017593,0
Just Like That,2019,Drama,0,0,2,109,,10,https://image.tmdb.org/t/p/w500/heX75K1NyhW539Gz0jqPEp8yUMr.jpg,hi,0.0,Flop,5.477121254719663,0
Axone,2019,"Drama, Comedy",0,0,15,96,"Saregama India, Yoodlee Films",10,https://image.tmdb.org/t/p/w500/qYXepvYtI1DHtCyZTff3UbHFhzg.jpg,hi,0.0,Flop,6.204119982655925,0
Rubaru Roshni,2019,Documentary,0,0,7,110,Aamir Khan Productions,1,https://image.tmdb.org/t/p/w500/9skq1v5Uj1fQKCqyrADG55MEuQP.jpg,hi,0.0,Flop,5.903089986991944,0
Made In China,2019,"Comedy, Drama",0,0,21,130,"Jio Studios, Maddock Films",10,https://image.tmdb.org/t/p/w500/1WABVCwp81KWdCeRDvFOxuN1Is9.jpg,hi,0.0,Flop,6.342422680822207,0
Ateet,2020,"Thriller, Drama",0,0,2,120,"ZEE5, Funtime Entertainment, Indian Film Studios",4,https://image.tmdb.org/t/p/w500/urPzDaWVy3I3TOHHTlKThjbR1NX.jpg,hi,0.0,Flop,5.477121254719663,0
Welcome Home,2020,"Drama, Horror, Thriller",0,0,23,125,,11,https://image.tmdb.org/t/p/w500/bwYxdxIc3jUbivBB425MfhkBzw7.jpg,hi,0.0,Flop,6.380211241711606,0
Shikara,2020,"Drama, Romance",0,0,9,118,Vinod Chopra Films,2,https://image.tmdb.org/t/p/w500/ncLh2MnAWX7cJVwxIo8TY6uI37U.jpg,hi,0.0,Flop,6.0,0
Shukranu,2020,"Comedy, Drama",0,0,7,96,,2,https://image.tmdb.org/t/p/w500/1nw90Kv4jZ0z0mBcEDUs8M9vXVD.jpg,hi,0.0,Flop,5.903089986991944,0
Gul Makai,2020,"War, Drama",0,0,0,0,Tekno Films,1,https://image.tmdb.org/t/p/w500/lmfyDBtn2ioLFkLFFWUPLwxvzkO.jpg,hi,0.0,Flop,5.0,0
Hacked,2020,Thriller,0,0,20,118,,2,https://image.tmdb.org/t/p/w500/7DJdpaqWMznsZbh6jaKxDTGoSjw.jpg,hi,0.0,Flop,6.3222192947339195,0
Climax,2020,"Drama, Thriller",0,0,14,52,,6,https://image.tmdb.org/t/p/w500/9Eb7fS5ms24t8pKzLwgdcPTXdkI.jpg,hi,0.0,Flop,6.176091259055681,0
Durga,2020,Drama,0,0,2,15,Window Seat Films,7,https://image.tmdb.org/t/p/w500/o930uPaXiIdn6K0Ja8iYnrHrYTr.jpg,hi,0.0,Flop,5.477121254719663,0
Special Day,2020,Drama,0,0,0,11,,5,https://image.tmdb.org/t/p/w500/lOAqf4dYFFcGsW8eXpkFnmwP05q.jpg,hi,0.0,Flop,5.0,0
Virgin Bhanupriya,2020,"Comedy, Drama",0,0,1,0,"Dhariwal Films, WOVE Entertainment Television",7,https://image.tmdb.org/t/p/w500/cbPHqUpeHcHwVZkb4Jtqhv6dPJ9.jpg,hi,0.0,Flop,5.301029995663981,0
Footfairy,2020,"Crime, Thriller",0,0,8,115,,10,https://image.tmdb.org/t/p/w500/r9y30IiBZKQEZiwkP1aaST2Fjcn.jpg,hi,0.0,Flop,5.954242509439325,0
The Sleepwalkers,2020,Thriller,0,0,0,33,"Colosceum Media, MacGuffin Pictures",6,https://image.tmdb.org/t/p/w500/vMVaOtZH2ly4Ur4puPIh3KvmRtd.jpg,hi,0.0,Flop,5.0,0
Raat Akeli Hai,2020,"Crime, Mystery, Thriller",0,0,85,149,"RSVP Movies, MacGuffin Pictures",7,https://image.tmdb.org/t/p/w500/lQPWcvQiv1D1xBlpnn5o0hepXkX.jpg,hi,0.0,Flop,6.9344984512435675,0
Ginny Weds Sunny,2020,"Romance, Comedy, Drama, Family",0,0,32,125,Soundrya Production,10,https://image.tmdb.org/t/p/w500/1LhWNRcLkHmtQPf9aYK534uxHP9.jpg,hi,0.0,Flop,6.518513939877888,0
Bye 2,2020,Unknown,15000,0,2,0,NueFliks,12,https://image.tmdb.org/t/p/w500/mNbxFBXO61WtxCoEMKSUPttJVM6.jpg,hi,-1.0,Flop,5.477121254719663,-15000
Baaghi 3,2020,"Action, Adventure, Thriller",7952450,18473570,124,144,"Nadiadwala Grandson Entertainment, Fox Star Studios",3,https://image.tmdb.org/t/p/w500/sykmmFSkIPkW4Y3m4tbmSTZZD3T.jpg,hi,1.32300360266333,Hit,7.096910013008056,10521120
Bulbbul,2020,"Horror, Fantasy, Thriller",0,0,165,94,Clean Slate Films,6,https://image.tmdb.org/t/p/w500/4XYEqHqvcf6vxFhNyeKZz5xbUfV.jpg,hi,0.0,Flop,7.220108088040055,0
Durgamati: The Myth,2020,"Horror, Thriller",0,0,12,156,"Abundantia Entertainment, T-Series, Cape Of Good Films",12,https://image.tmdb.org/t/p/w500/rjKGGWBAbFApSIljxQNTlFKE5Pj.jpg,hi,0.0,Flop,6.113943352306837,0
Mushk,2020,Drama,0,0,0,142,ZEE5,4,https://image.tmdb.org/t/p/w500/hv4Q4HmSuOE1WcK7hkYuT7M9P5b.jpg,hi,0.0,Flop,5.0,0
Keep Punching,2020,Drama,0,0,1,25,,11,https://image.tmdb.org/t/p/w500/jG5Os7w5abGV1QL9PAeMPpFJtkZ.jpg,hi,0.0,Flop,5.301029995663981,0
The Comedian,2020,Unknown,0,0,0,25,,5,https://image.tmdb.org/t/p/w500/2bbITzMrWIF4ss2CV9ttmvLGCvM.jpg,hi,0.0,Flop,5.0,0
Love Duo,2020,Romance,0,0,0,23,Hotshots Digital Entertainment,3,,hi,0.0,Flop,5.0,0
Love Aaj Kal,2020,"Romance, Drama",0,0,48,141,"Maddock Films, Window Seat Films, Reliance Entertainment, Jio Studios",2,https://image.tmdb.org/t/p/w500/wQd1RaaMfLFcLiDD9UEo4pdoTHq.jpg,hi,0.0,Flop,6.690196080028514,0
Call Him Eddy,2020,Unknown,0,0,0,21,,8,https://image.tmdb.org/t/p/w500/wxZGnlxydE2Qu3uOjuXQnL6fHtE.jpg,hi,0.0,Flop,5.0,0
Chaahat,2020,Romance,0,0,2,24,"GV Studios, Hotshots Digital Entertainment",2,https://image.tmdb.org/t/p/w500/m8G98fIH5CMafP90ywUuAffOQAO.jpg,hi,0.0,Flop,5.477121254719663,0
Dil Bechara,2020,"Drama, Romance",3025,0,114,101,Fox Star Studios,7,https://image.tmdb.org/t/p/w500/lMFjMrc8Bn0CQhtJDORfspXrWrK.jpg,hi,-1.0,Flop,7.060697840353612,-3025
The Lovers,2020,"Crime, Drama, Family",0,0,0,21,,2,https://image.tmdb.org/t/p/w500/1l147Dyuyfa4XoKvV1mQWU4zusi.jpg,hi,0.0,Flop,5.0,0
Jawaani Jaaneman,2020,Comedy,0,0,35,130,"Beyond The Cloud Motion Pictures, Black Knight Films, Pooja Entertainment, Northern Lights Films",1,https://image.tmdb.org/t/p/w500/705gRohjQM7v3yuX9kHMNM9fjEy.jpg,hi,0.0,Flop,6.556302500767288,0
Yeh Ballet,2020,Drama,0,0,23,117,Roy Kapur Films,2,https://image.tmdb.org/t/p/w500/1gFRvSUJ3u7WFAY9TuE3gl6JTLo.jpg,hi,0.0,Flop,6.380211241711606,0
Thappad,2020,Drama,2859129,5306068,67,144,"T-Series, Benaras Mediaworks",2,https://image.tmdb.org/t/p/w500/nSOgDTClgfbIOBgv4Itf3GSEkWA.jpg,hi,0.8558337171914944,Average,6.832508912706237,2446939
Angrezi Medium,2020,"Drama, Comedy",0,0,70,145,"Maddock Films, Skywalk Films, Uniforms & Weapons Emporium",3,https://image.tmdb.org/t/p/w500/hT41Fi3NAqkPpNkWt7imaOtxGDP.jpg,hi,0.0,Flop,6.8512583487190755,0
Lootcase,2020,Comedy,0,0,62,132,"Fox Star Studios, Soda Films",7,https://image.tmdb.org/t/p/w500/4F4T7fSxSaak4XQHrskRPcqL9yz.jpg,hi,0.0,Flop,6.799340549453582,0
Purush,2020,Drama,0,0,0,98,,4,https://image.tmdb.org/t/p/w500/8fe98OBbTB97spQQqAl1kHT9huF.jpg,hi,0.0,Flop,5.0,0
Kaanchli,2020,Drama,0,0,0,102,,2,https://image.tmdb.org/t/p/w500/zd84MgUTjd7Cdj2unXpWkY2WB4C.jpg,hi,0.0,Flop,5.0,0
AK vs AK,2020,"Comedy, Action, Drama, Crime",0,0,58,108,Andolan Films,12,https://image.tmdb.org/t/p/w500/4ULEEvH0hDYnbWN3nClrb88sYCF.jpg,hi,0.0,Flop,6.770852011642145,0
Service Boy,2020,Unknown,0,0,0,16,,7,https://image.tmdb.org/t/p/w500/pA1QRVXt6Aycnlu6ZxSsl1lDDzH.jpg,hi,0.0,Flop,5.0,0
Shakeela,2020,"Drama, Romance",0,0,4,126,"Sammys Magic Cinema, Yoddhas Entertainment",12,https://image.tmdb.org/t/p/w500/9yZIA3yUaBvGmmDl3V95Qr4S7IY.jpg,hi,0.0,Flop,5.698970004336019,0
Serious Men,2020,"Drama, Comedy",0,0,39,115,"Bombay Fables, CineRaas Entertainment",10,https://image.tmdb.org/t/p/w500/vRrVmiXapjHAcc3tW7wvY5n3WLi.jpg,hi,0.0,Flop,6.6020599913279625,0
X Zone,2020,Thriller,0,0,2,97,,9,https://image.tmdb.org/t/p/w500/vvHcqYgsW89FFDyayqlNaXWuXbk.jpg,hi,0.0,Flop,5.477121254719663,0
Call Girl,2020,Unknown,0,0,1,0,The CinemaDosti,10,https://image.tmdb.org/t/p/w500/9JWS3pm0KRNFBZUPp9egPK3ehcM.jpg,hi,0.0,Flop,5.301029995663981,0
Anita,2020,Unknown,0,0,1,17,,9,https://image.tmdb.org/t/p/w500/AitKPMTUo0fHjFRQkYXXqkzcaSJ.jpg,hi,0.0,Flop,5.301029995663981,0
Chhalaang,2020,"Comedy, Drama",0,0,34,136,"T-Series, LUV Films, Ajay Devgn FFilms",11,https://image.tmdb.org/t/p/w500/AcWLGCxCMOeHs1vqMplBIzQ6ME5.jpg,hi,0.0,Flop,6.544068044350276,0
Indoo Ki Jawani,2020,Comedy,0,0,10,115,"Emmay Entertainment, T-Series, Electric Apples",12,https://image.tmdb.org/t/p/w500/sqFi1T7MMUSZ0nTGL1UphBykz3a.jpg,hi,0.0,Flop,6.041392685158225,0
Guilty,2020,"Thriller, Drama",0,0,59,119,Dharmatic Entertainment,3,https://image.tmdb.org/t/p/w500/3bt9PrQqQv1Wtk2RaS74JjgarIQ.jpg,hi,0.0,Flop,6.778151250383644,0
Amar Prem,2020,Unknown,0,0,0,0,NueFliks,9,https://image.tmdb.org/t/p/w500/mYuRN5wNhycf4B2tDATygEuD14E.jpg,hi,0.0,Flop,5.0,0
Teddy,2020,Unknown,0,0,0,0,"Flizmovies, NueFliks",8,https://image.tmdb.org/t/p/w500/n4Vy4LbES5ZQ7mQroEFIq71yKgn.jpg,hi,0.0,Flop,5.0,0
Maska,2020,Comedy,0,0,17,111,,3,https://image.tmdb.org/t/p/w500/4tYTGLcsuxhmBtiKq57yGqh0xQO.jpg,hi,0.0,Flop,6.2552725051033065,0
Chippa,2020,Drama,0,0,5,91,"A Grinning Tree Production, Travelling light Pictures, Ultra Media & Entertainment [IN], Wishberry Films",6,https://image.tmdb.org/t/p/w500/h0EHHT2YopgVLosN380wV6FyY0P.jpg,hi,0.0,Flop,5.778151250383644,0
Chhapaak,2020,Drama,0,0,33,123,"Mriga Films, Fox Star Studios, KA Productions",1,https://image.tmdb.org/t/p/w500/cr5KqiolMMRUEJxrNLWESxyVVeU.jpg,hi,0.0,Flop,6.531478917042255,0
Door Ke Darshan,2020,"Comedy, Drama",0,0,10,114,,2,https://image.tmdb.org/t/p/w500/5oVlpDcPhb2AqH2VCxafMqi4iiR.jpg,hi,0.0,Flop,6.041392685158225,0
Choked: Paisa Bolta Hai,2020,"Drama, Crime, Thriller",0,0,36,114,Good Bad Films,6,https://image.tmdb.org/t/p/w500/1jqDl2cuBlOBfrbjEIJhqwQVZnR.jpg,hi,0.0,Flop,6.568201724066995,0
Mrs. Serial Killer,2020,Thriller,0,0,91,106,Three's Company Productions,5,https://image.tmdb.org/t/p/w500/peoHH5lZRlrDDZPrOY18RxQlmZ0.jpg,hi,0.0,Flop,6.963787827345556,0
Scorned,2020,Unknown,0,0,0,0,NueFliks,10,,hi,0.0,Flop,5.0,0
Gulabi Lens,2020,"Romance, Drama",0,0,0,20,,7,https://image.tmdb.org/t/p/w500/1I6l8rvTccJvgLb3jV2SShe0PoR.jpg,hi,0.0,Flop,5.0,0
Lata,2020,Drama,0,0,6,21,,9,https://image.tmdb.org/t/p/w500/eTf5qnyBSpgjJdH0ofzqGyf7yln.jpg,hi,0.0,Flop,5.845098040014257,0
Adheen,2020,Drama,0,0,1,22,Royal Stag Barrel Select Large Short Films,1,https://image.tmdb.org/t/p/w500/88ytLXS3lhs2E9mFNFZdw3RNB49.jpg,hi,0.0,Flop,5.301029995663981,0
Wishlist,2020,"Drama, Romance",0,0,1,93,,12,https://image.tmdb.org/t/p/w500/7QQli2J73feuiHkHRsxnkRfqE8w.jpg,hi,0.0,Flop,5.301029995663981,0
Sadak 2,2020,"Romance, Drama, Action",0,0,8,134,"Vishesh Films, Fox Star Studios",10,https://image.tmdb.org/t/p/w500/qYQ2xuujz16HwpDoz2ejOK2nzh7.jpg,hi,0.0,Flop,5.954242509439325,0
Khwaab,2020,Unknown,0,0,0,43,NueFliks,10,https://image.tmdb.org/t/p/w500/axvPIkEPhb6pm6OWK2rDdsOEl7G.jpg,hi,0.0,Flop,5.0,0
Shimla Mirchi,2020,Romance,0,0,0,129,,1,https://image.tmdb.org/t/p/w500/4dqnJvZpTB1YvuLbgEvBSjxo7BS.jpg,hi,0.0,Flop,5.0,0
Phone Call,2020,Unknown,0,0,0,8,,7,https://image.tmdb.org/t/p/w500/AluM9eYbGOpyPF2Kslv7Acbuc4l.jpg,hi,0.0,Flop,5.0,0
Contract Killer,2020,Unknown,0,0,0,0,,12,https://image.tmdb.org/t/p/w500/4l6aeQbyIxemVbsejCtD1Fu5ThI.jpg,hi,0.0,Flop,5.0,0
Did It Happen?,2020,Unknown,0,0,6,0,Hotshots Digital Entertainment,2,https://image.tmdb.org/t/p/w500/kt4yDO3dSYodlABtIdqZiwtGBPN.jpg,hi,0.0,Flop,5.845098040014257,0
Shubh Mangal Zyada Saavdhan,2020,"Comedy, Romance",0,0,57,120,"Colour Yellow Productions, T-Series",2,https://image.tmdb.org/t/p/w500/il9y4odx9el9Imwz6VMQrz9BcNz.jpg,hi,0.0,Flop,6.763427993562937,0
Bahut Hua Sammaan,2020,"Comedy, Crime, Drama",0,0,10,125,"Yoodlee Films, Saregama India",10,https://image.tmdb.org/t/p/w500/6kDAeEiOkL14fwinIXzqwozjxKT.jpg,hi,0.0,Flop,6.041392685158225,0
Jai Mummy Di,2020,"Comedy, Romance",0,0,20,103,"LUV Films, T-Series",1,https://image.tmdb.org/t/p/w500/thLbG17dOd8s4toz9ksgsXXrooR.jpg,hi,0.0,Flop,6.3222192947339195,0
Shakuntala Devi,2020,"Drama, Family, Comedy",0,0,37,127,"Abundantia Entertainment, Sony Pictures Networks Productions, Mutant Films",7,https://image.tmdb.org/t/p/w500/8KBmoMHfdrjednxWAvkh7ARhrRJ.jpg,hi,0.0,Flop,6.57978359661681,0
Monster,2020,Horror,0,0,4,9,,8,https://image.tmdb.org/t/p/w500/5zry2vxB82unBjK7Vbjl9U8G1NG.jpg,hi,0.0,Flop,5.698970004336019,0
Eeb Allay Ooo!,2020,"Comedy, Drama",0,0,11,97,Na Ma Productions,12,https://image.tmdb.org/t/p/w500/hpQk0DGreEmOhYNRrP7LRBPFbgZ.jpg,hi,0.0,Flop,6.079181246047625,0
Coolie No. 1,2020,"Comedy, Drama",0,0,71,135,Pooja Entertainment,12,https://image.tmdb.org/t/p/w500/ahkaPWW2SU9AaDhpD31phQKhTtT.jpg,hi,0.0,Flop,6.857332496431269,0
Zid,2020,Unknown,0,0,0,0,"Hotshots Digital Entertainment, GV Studios",10,https://image.tmdb.org/t/p/w500/6d64HrrIlyGcXK523XOkEushmFb.jpg,hi,0.0,Flop,5.0,0
Dolly Kitty and Those Twinkling Stars,2020,"Comedy, Drama",0,0,12,120,Balaji Motion Pictures,9,https://image.tmdb.org/t/p/w500/jGXdE7Qe2Sgth64GVgnhnMF79NJ.jpg,hi,0.0,Flop,6.113943352306837,0
Kaamyaab,2020,"Comedy, Drama",0,0,18,109,"Drishyam Films, Red Chillies Entertainment",3,https://image.tmdb.org/t/p/w500/b2VeikFx112olsivPPzA8D3cTUL.jpg,hi,0.0,Flop,6.278753600952829,0
Suraj Pe Mangal Bhari,2020,"Comedy, Drama",0,0,13,134,Zee Studios,11,https://image.tmdb.org/t/p/w500/mbwcuXBp554Ef6s9aFE1x5Wq1pV.jpg,hi,0.0,Flop,6.146128035678238,0
Gulabo Sitabo,2020,"Drama, Comedy",0,0,51,124,"Rising Sun Films, Kino Works",6,https://image.tmdb.org/t/p/w500/6ABuPqPqRv2iSDyLf9KJrLoNV2A.jpg,hi,0.0,Flop,6.7160033436347994,0
Rifle Ganj,2021,"Crime, Drama",0,0,1,122,,4,https://image.tmdb.org/t/p/w500/iP1wDfUfcHX7b8de0kl8VP6SwKy.jpg,hi,0.0,Flop,5.301029995663981,0
Quickie,2021,"Drama, Romance",133916,0,7,0,,1,https://image.tmdb.org/t/p/w500/5PUokTzFqs3Zkk49o0NBYDfE2D5.jpg,hi,-1.0,Flop,5.903089986991944,-133916
RK/RKAY,2021,"Romance, Comedy",0,0,2,95,"Outsider Pictures, Mithya Talkies, Priyanshi Films",5,https://image.tmdb.org/t/p/w500/nVzWpZC8piEuEv3KmzpqpokqBzN.jpg,hi,0.0,Flop,5.477121254719663,0
Cash,2021,"Comedy, Drama",0,0,1,119,Va Va Voom,11,https://image.tmdb.org/t/p/w500/9Yj4CnkDhkFbx4DxJifjOSMceqE.jpg,hi,0.0,Flop,5.301029995663981,0
Manu,2021,Unknown,0,0,0,17,,8,https://image.tmdb.org/t/p/w500/wNJQcMrfXJctIuDWu8KY2XpycsX.jpg,hi,0.0,Flop,5.0,0
Ek Jhalak,2021,Unknown,0,0,1,20,A TVH Production,9,https://image.tmdb.org/t/p/w500/aOWcBvmXcFNLgTiN0oHItJCvFGq.jpg,hi,0.0,Flop,5.301029995663981,0
D Company,2021,"Action, Crime, Thriller",0,0,1,89,Company/Spark,5,https://image.tmdb.org/t/p/w500/lBitDplSOzuENznUuAGE0LndtRD.jpg,hi,0.0,Flop,5.301029995663981,0
Bawri Chhori,2021,Unknown,0,0,3,0,,2,https://image.tmdb.org/t/p/w500/yJxkfS8LhymGFgwmfChHla5wZcZ.jpg,hi,0.0,Flop,5.6020599913279625,0
Infected 2030,2021,Drama,0,0,0,23,Eros Now,5,https://image.tmdb.org/t/p/w500/xSTTRPDthSlH7bTogghyH7JaFkg.jpg,hi,0.0,Flop,5.0,0
Chand Saanse,2021,Drama,0,0,0,20,"Jigisha Creations, MGM University School of Films Arts",8,https://image.tmdb.org/t/p/w500/6luKuPkASen6HQncyoYJL2eyMS6.jpg,hi,0.0,Flop,5.0,0
Sooryavanshi,2021,"Action, Crime, Thriller",13000000,35000000,171,145,"Reliance Entertainment, Dharma Productions, Rohit Shetty Productionz",11,https://image.tmdb.org/t/p/w500/zgEc1Tn4iKvttPUzkMOUB4BNoXK.jpg,hi,1.6923076923076923,Hit,7.235528446907549,22000000
The Flute,2021,Drama,0,0,0,108,,4,https://image.tmdb.org/t/p/w500/xnvVzKpbmTaWvqNQp3tRzvYUGJV.jpg,hi,0.0,Flop,5.0,0
Repulsive,2021,Drama,0,0,0,15,"Andolan Films, Dragon Water Films",9,https://image.tmdb.org/t/p/w500/hyz4iQwhVvhzVM0aiwIkHZUwqkx.jpg,hi,0.0,Flop,5.0,0
Lahore Confidential,2021,"Thriller, Mystery, Drama",0,0,3,108,Jar Pictures,2,https://image.tmdb.org/t/p/w500/n9RE7wiM94E1f0GWr2OCjnYfBuJ.jpg,hi,0.0,Flop,5.6020599913279625,0
Not Today,2021,Drama,0,0,0,92,Mumba Devi Motion Pictures,1,https://image.tmdb.org/t/p/w500/vtI2SpobU1oqafko6f1neNZDjig.jpg,hi,0.0,Flop,5.0,0
Mimi,2021,"Comedy, Drama",0,0,92,132,"Maddock Films, Jio Studios",7,https://image.tmdb.org/t/p/w500/AtCUHSf5sG31FL0vugxplft5FXW.jpg,hi,0.0,Flop,6.968482948553935,0
Pagglait,2021,"Drama, Comedy",0,0,47,114,"Balaji Motion Pictures, Sikhya Entertainment",3,https://image.tmdb.org/t/p/w500/oIVAwceJjOwFjUkoJoOiooGupm0.jpg,hi,0.0,Flop,6.681241237375588,0
Tadap,2021,"Action, Romance",0,0,13,126,"Nadiadwala Grandson Entertainment, Fox Star Studios, Vertex Motion Pictures",12,https://image.tmdb.org/t/p/w500/nj0cMoZjLRrqN9SFW3wCXlSTYxd.jpg,hi,0.0,Flop,6.146128035678238,0
Harami,2021,"Crime, Drama, Romance",0,0,4,100,,6,https://image.tmdb.org/t/p/w500/5fLd31wBLZWbPYbDvfJrwR3l9l2.jpg,hi,0.0,Flop,5.698970004336019,0
Flight,2021,"Action, Thriller",0,0,1,110,"Crazy Boyz Entertainment, Reliance Entertainment, UFO Movies India",4,https://image.tmdb.org/t/p/w500/cTidclJOxLIwqmV4zzMSs8goTu1.jpg,hi,0.0,Flop,5.301029995663981,0
83,2021,"Drama, History",36786988,25452983,62,160,"Kabir Khan Films, Vibri Media, Reliance Entertainment, Phantom Films, Nadiadwala Grandson Entertainment, KA Productions",12,https://image.tmdb.org/t/p/w500/gTOMTFUbMxSApPRTuECMrl5RyQ2.jpg,hi,-0.3080982058112504,Flop,6.799340549453582,-11334005
Happy Birthday,2021,Unknown,0,0,0,0,,5,https://image.tmdb.org/t/p/w500/pTXYfzAB37n5VLb96LLZTfGwIFC.jpg,hi,0.0,Flop,5.0,0
Shershaah,2021,"Action, Drama, Thriller, War",0,0,114,135,"Dharma Productions, Kaash Entertainment",8,https://image.tmdb.org/t/p/w500/2PToC5l3pFi3yotQy2VJshvk40y.jpg,hi,0.0,Flop,7.060697840353612,0
Khichdi 2,2021,"Comedy, Drama, TV Movie",0,0,1,44,,2,https://image.tmdb.org/t/p/w500/3uzDJFVaAPAiJq7d6e9vcFyf8s8.jpg,hi,0.0,Flop,5.301029995663981,0
Tremors,2021,Unknown,0,0,0,14,,3,https://image.tmdb.org/t/p/w500/qlNp4jvAG5qbowjdDa5nkDAc1JQ.jpg,hi,0.0,Flop,5.0,0
Shiddat,2021,"Romance, Drama",0,0,33,146,"Maddock Films, T-Series",10,https://image.tmdb.org/t/p/w500/dEXxQAspQzZsw9VEiuVWRDJnvvy.jpg,hi,0.0,Flop,6.531478917042255,0
Transistor,2021,Romance,0,0,0,25,Arré Studio,8,https://image.tmdb.org/t/p/w500/79b1g0yil6K5eeFN7kinixe483s.jpg,hi,0.0,Flop,5.0,0
Haseen Dillruba,2021,"Romance, Mystery, Thriller",0,0,114,136,"Colour Yellow Productions, Eros International, T-Series",6,https://image.tmdb.org/t/p/w500/hYzaef514peQVZRWGkM3ZvJPqpJ.jpg,hi,0.0,Flop,7.060697840353612,0
The Big Bull,2021,"Crime, Drama",0,0,12,154,"Ajay Devgn FFilms, Anand Pandit Motion Pictures",4,https://image.tmdb.org/t/p/w500/j0R4hvkS5KNkChVz0UZTDkrdKzo.jpg,hi,0.0,Flop,6.113943352306837,0
12x12,2021,Drama,0,0,0,118,,1,https://image.tmdb.org/t/p/w500/x4M4klvHyCu5WmNNoA08wF0AbOw.jpg,hi,0.0,Flop,5.0,0
Bell Bottom,2021,"Action, Thriller",9535827,0,40,123,"Emmay Entertainment, Pooja Entertainment",8,https://image.tmdb.org/t/p/w500/aSY5LBwNdpMReaZjGBbcB1kvrHU.jpg,hi,-1.0,Flop,6.6127838567197355,-9535827
420 IPC,2021,"Crime, Drama",0,0,0,99,"Zee Studios, Kyoorius Digital Private Limited",12,https://image.tmdb.org/t/p/w500/63JxHmYhVGENCtq5tFYLsnZKHGx.jpg,hi,0.0,Flop,5.0,0
The Girl on the Train,2021,"Drama, Thriller",0,0,90,128,Reliance Entertainment,2,https://image.tmdb.org/t/p/w500/6Zvov912Mm0mrjR5nEGbSujjnGE.jpg,hi,0.0,Flop,6.959041392321094,0
Cheepatakadumpa,2021,Comedy,0,0,0,24,,11,https://image.tmdb.org/t/p/w500/wfOIDaTGqaPbiMzoRrBzFgxJOEr.jpg,hi,0.0,Flop,5.0,0
Roohi,2021,"Horror, Comedy",4100000,3600000,37,134,"Maddock Films, Jio Studios",3,https://image.tmdb.org/t/p/w500/10kCy34fbgU9nI5ScfMcCGebNgo.jpg,hi,-0.12195121951219512,Flop,6.57978359661681,-500000
Tribhanga,2021,"Drama, Family",0,0,29,95,"Ajay Devgn FFilms, Banijay Asia, Alchemy Films (IN)",1,https://image.tmdb.org/t/p/w500/6OWTh12f8gmZ8uo4O2rE5TPKvzc.jpg,hi,0.0,Flop,6.477121254719663,0
Dhamaka,2021,"Thriller, Drama, Crime",0,0,100,104,"RSVP Movies, Ram Madhvani Films, Globalgate Entertainment, Lotte Entertainment, Lotte Cultureworks",11,https://image.tmdb.org/t/p/w500/KowKEuyWziUtnCYicv6zhzTQIv.jpg,hi,0.0,Flop,7.004321373782643,0
Sardar Udham,2021,"Crime, Drama, History",0,0,121,162,"Kino Works, Rising Sun Films, MD Trade, Alchemie Overseas",10,https://image.tmdb.org/t/p/w500/d4fpJXhUNukd5XnzRO1XfWf7v88.jpg,hi,0.0,Flop,7.086359830674748,0
Atrangi Re,2021,"Romance, Comedy, Drama",0,0,62,138,"T-Series, Colour Yellow Productions, Cape Of Good Films",12,https://image.tmdb.org/t/p/w500/oHPFZLf2jPZSgFiqzPsSWqPmUMd.jpg,hi,0.0,Flop,6.799340549453582,0
Ajeeb Daastaans,2021,"Drama, Romance",0,0,46,142,Dharmatic Entertainment,4,https://image.tmdb.org/t/p/w500/5KHjF8H2bqvQdmvkmeAlFjKXkmB.jpg,hi,0.0,Flop,6.672097857935718,0
Zeher,2021,Unknown,0,0,0,0,"Lihaf, Phoenix Ultra",7,https://image.tmdb.org/t/p/w500/blKundXlV5BJprlTrXyhqwvNxjG.jpg,hi,0.0,Flop,5.0,0
Sardar Ka Grandson,2021,"Comedy, Drama, Romance, Family",0,0,27,140,"T-Series, Emmay Entertainment, JA Entertainment",5,https://image.tmdb.org/t/p/w500/nlQFKybBpJrpKS65wd7lhiSpnkt.jpg,hi,0.0,Flop,6.447158031342219,0
Bhuj: The Pride of India,2021,"War, History, Action, Drama",0,0,27,113,"T-Series, Select Media Holdings- Moving Pictures, Ajay Devgn FFilms",8,https://image.tmdb.org/t/p/w500/zc0OzUOF8B4x4AH4bubxw0mHCnF.jpg,hi,0.0,Flop,6.447158031342219,0
Chehre,2021,"Thriller, Mystery, Drama",0,0,24,139,"Anand Pandit Motion Pictures, Saraswati Entertainment Private Limited",8,https://image.tmdb.org/t/p/w500/egpv58u11MxepnNwXtzdMOagRdg.jpg,hi,0.0,Flop,6.3979400086720375,0
Crime Factory,2021,"TV Movie, Drama",0,0,0,129,"Sara Film Factory, KKB Raw Emotions",8,https://image.tmdb.org/t/p/w500/qdlFyEfdeD7vSYFh60105BCEqMb.jpg,hi,0.0,Flop,5.0,0
1232 KMs,2021,"Documentary, Drama",0,0,2,86,Bhagirathi Films,3,https://image.tmdb.org/t/p/w500/k0msMiSf0Rs8uR2E99ILDKV8ocz.jpg,hi,0.0,Flop,5.477121254719663,0
Systam,2021,Drama,3350,0,0,27,3AMP PRODUCTIONS,4,https://image.tmdb.org/t/p/w500/yRwDgK7Xk054hLyVcHndOzSNv87.jpg,hi,-1.0,Flop,5.0,-3350
Meenakshi Sundareshwar,2021,"Romance, Drama",0,0,33,141,Dharmatic Entertainment,11,https://image.tmdb.org/t/p/w500/3GfAdYIbjAGsjvWaumEOyD2w3pZ.jpg,hi,0.0,Flop,6.531478917042255,0
Hello Charlie,2021,"Adventure, Comedy",0,0,16,102,Excel Entertainment,4,https://image.tmdb.org/t/p/w500/8dhYgQ0nsFRIIXOKBNHW0hUTDyN.jpg,hi,0.0,Flop,6.230448921378274,0
Toofaan,2021,Drama,0,0,26,161,"Excel Entertainment, Rakeysh Omprakash Mehra Pictures",7,https://image.tmdb.org/t/p/w500/po432XStodavYjXDYAViB2HuI6e.jpg,hi,0.0,Flop,6.431363764158988,0
Mumbai Saga,2021,"Action, Drama, Crime",0,0,24,125,"T-Series, White Feather Films",3,https://image.tmdb.org/t/p/w500/4xTtLkGEmUD5Oqjsv3lrkeLr2NW.jpg,hi,0.0,Flop,6.3979400086720375,0
Dial 100,2021,"Mystery, Thriller",0,0,10,104,"Sony Pictures Films India, Alchemy Films (IN)",8,https://image.tmdb.org/t/p/w500/t9ncR9DFRfa6XW0uh28B36CBh4U.jpg,hi,0.0,Flop,6.041392685158225,0
Ankahi Kahaniya,2021,"Drama, Romance",0,0,15,110,"RSVP Movies, Flying Unicorn Entertainment",9,https://image.tmdb.org/t/p/w500/wNDu6aBv0yynUr8TcvSLUe8QLPt.jpg,hi,0.0,Flop,6.204119982655925,0
Sanak,2021,"Action, Thriller",0,0,22,117,"Zee Studios, Sunshine Productions",10,https://image.tmdb.org/t/p/w500/cg1Zd1HsK2YCZ5NFvWOiMocitos.jpg,hi,0.0,Flop,6.361727836017593,0
14 Phere,2021,"Comedy, Romance, Drama",0,0,17,112,"Zee Studios, First Draft Entertainment",7,https://image.tmdb.org/t/p/w500/afEOWT6LvwPz9oeHnNKzObBu2NB.jpg,hi,0.0,Flop,6.2552725051033065,0
Dybbuk,2021,"Horror, Thriller, Drama",0,0,15,118,"T-Series, Panorama Studios",10,https://image.tmdb.org/t/p/w500/sy0u4UEzMxrj7G79LMQWcuO15kt.jpg,hi,0.0,Flop,6.204119982655925,0
Sherni,2021,Drama,0,0,29,130,"Abundantia Entertainment, T-Series, Critical Mass Films",6,https://image.tmdb.org/t/p/w500/pSID1DRy6oOvC74oVzbc3rDuqF4.jpg,hi,0.0,Flop,6.477121254719663,0
Writing with Fire,2021,"Documentary, History",0,27544,33,92,"Black Ticket Films, Sundance Institute, The Bertha Foundation, Finnish Film Foundation, IDFA Bertha Fund, GUCCI, AVEK, Sørfond, JW Documentaries, Sant & Usant, Doc Society, BBC Storyville, SVT, YLE, DR TV, Tribeca Film Institute, Chicken & Egg Films, San Francisco Film Society",1,https://image.tmdb.org/t/p/w500/oM9og12G8vCNelCdM7bCW6pfrkW.jpg,hi,0.0,Flop,6.531478917042255,27544
Satyameva Jayate 2,2021,"Action, Crime, Drama, Thriller",2850000,0,24,141,"Emmay Entertainment, T-Series",11,https://image.tmdb.org/t/p/w500/y1ebOObyi97slwBTljIifE67PR5.jpg,hi,-1.0,Flop,6.3979400086720375,-2850000
Bhoot Police,2021,"Adventure, Horror, Comedy",0,0,36,129,"Tips Industries, 12th Street Entertainment",9,https://image.tmdb.org/t/p/w500/6sysjlCKktlf0t0Ck4ArVNo1kai.jpg,hi,0.0,Flop,6.568201724066995,0
Bunty Aur Babli 2,2021,"Comedy, Crime, Drama",0,0,10,138,Yash Raj Films,11,https://image.tmdb.org/t/p/w500/9jsd1LOE2nuhJ7FT0m4jph5OIkn.jpg,hi,0.0,Flop,6.041392685158225,0
Laali,2021,Drama,0,0,0,35,"Owlz Neck Studio, YouthinMotion Pictures",1,https://image.tmdb.org/t/p/w500/lL2it3WldYQOoDaQBDm5qTH0afJ.jpg,hi,0.0,Flop,5.0,0
Sandeep Aur Pinky Faraar,2021,"Thriller, Drama",0,0,19,126,"Yash Raj Films, Dibakar Banerjee Productions",3,https://image.tmdb.org/t/p/w500/bsMSeABadrbK0xCFiK1iqxenYM5.jpg,hi,0.0,Flop,6.301029995663981,0
Chhorii,2021,"Horror, Thriller",0,0,24,129,"Abundantia Entertainment, Crypt TV, T-Series",11,https://image.tmdb.org/t/p/w500/sXMwQnF7yEgCY0AwjG49vK1t4dz.jpg,hi,0.0,Flop,6.3979400086720375,0
Ramprasad Ki Tehrvi,2021,"Drama, Family, Comedy",0,0,23,106,"Jio Studios, Drishyam Films",1,https://image.tmdb.org/t/p/w500/isiZRJmqQ0Wu7ELJrBdqD8P2HI6.jpg,hi,0.0,Flop,6.380211241711606,0
Saina,2021,Drama,0,0,9,133,"T-Series, Amole Gupte Cinema, Front Foot Pictures",3,https://image.tmdb.org/t/p/w500/fdZZDmeO0lybBrxdudwdQmbmxJq.jpg,hi,0.0,Flop,6.0,0
Koi Jaane Na,2021,"Thriller, Mystery",0,0,3,141,"T-Series, Amin Hajee Film Company",4,https://image.tmdb.org/t/p/w500/eDf9CzhjMf0xh8Z4ZNM7tMiVsgQ.jpg,hi,0.0,Flop,5.6020599913279625,0
Velle,2021,"Comedy, Crime",0,0,3,125,"Ajay Devgn FFilms, Intercut Entertainment Pvt Ltd",12,https://image.tmdb.org/t/p/w500/uhq3hWo4KwkoXb4BJ0sixZEWCn9.jpg,hi,0.0,Flop,5.6020599913279625,0
Rashmi Rocket,2021,Drama,0,0,14,129,"RSVP Movies, Mango People Media",10,https://image.tmdb.org/t/p/w500/35rkqsyH5O1DpjZhSltZOISyMnF.jpg,hi,0.0,Flop,6.176091259055681,0
Sarojini Nagar,2021,Comedy,0,0,1,20,,5,https://image.tmdb.org/t/p/w500/xq3d0zrGDX8jaCjZy2L0Gtt0nqR.jpg,hi,0.0,Flop,5.301029995663981,0
Squad,2021,Action,0,0,0,124,,11,https://image.tmdb.org/t/p/w500/taDdCIxgCMRCi2PBYuuWozoi6D2.jpg,hi,0.0,Flop,5.0,0
Ek Duaa,2021,Drama,0,0,0,19,"Assorted Motion Pictures, Bharat Esha Films",7,https://image.tmdb.org/t/p/w500/7c998UCljyPm6tjW2PgnnV4bhO3.jpg,hi,0.0,Flop,5.0,0
Baikunth,2021,"Family, Drama",34177,0,0,72,,3,https://image.tmdb.org/t/p/w500/tBeWcGiShKPmUnhP93to2cvxOjd.jpg,hi,-1.0,Flop,5.0,-34177
Bob Biswas,2021,"Crime, Thriller, Action",0,0,19,132,"Red Chillies Entertainment, Bound Script Production",12,https://image.tmdb.org/t/p/w500/5CikkLfMxtKXjCDkNnzVfTwwpIL.jpg,hi,0.0,Flop,6.301029995663981,0
Hum Do Hamare Do,2021,"Comedy, Drama, Family",0,0,19,129,Maddock Films,10,https://image.tmdb.org/t/p/w500/hzBUHsALNaxnoIyUij2qsN71iIh.jpg,hi,0.0,Flop,6.301029995663981,0
The Wife,2021,Horror,0,0,2,106,Zee Studios,3,https://image.tmdb.org/t/p/w500/wmGc2FqBJpO02hkmZbSPMgkz3e3.jpg,hi,0.0,Flop,5.477121254719663,0
The Rapist,2021,"Crime, Drama",0,0,0,132,"Applause Entertainment, Quest Films",10,https://image.tmdb.org/t/p/w500/qUfmncWUm45TRl61dUENtSHrCcq.jpg,hi,0.0,Flop,5.0,0
Silence... Can You Hear It?,2021,"Thriller, Drama",0,0,19,136,"Zee Studios, Candid Creations",3,https://image.tmdb.org/t/p/w500/9lxPuirAgtqHYG3JtIdfg7TucKn.jpg,hi,0.0,Flop,6.301029995663981,0
Andaman,2021,Drama,0,0,0,115,,11,https://image.tmdb.org/t/p/w500/z0wEkNi94Nl8iwPKMFmbnfjswi7.jpg,hi,0.0,Flop,5.0,0
Rimi,2021,Drama,6000,0,0,13,,7,https://image.tmdb.org/t/p/w500/yhfePG5efUT4u6WycNaGlLQQuqE.jpg,hi,-1.0,Flop,5.0,-6000
Tank Cleaner,2021,"Thriller, Drama, Crime",500000,0,3,157,Redi Productions,2,https://image.tmdb.org/t/p/w500/rZJK2wxJfaFqwIjWPaJVao3LNT5.jpg,hi,-1.0,Flop,5.6020599913279625,-500000
Gupt Gyaan,2021,"Drama, Comedy, Romance",0,0,3,17,Sikhya Entertainment,11,https://image.tmdb.org/t/p/w500/yPgCd2Gg72bT9ya6edYqDxmRMiO.jpg,hi,0.0,Flop,5.6020599913279625,0
Hungama 2,2021,Comedy,0,0,17,156,"Armaan Ventures, Venus Worldwide Entertainment Pvt Ltd",7,https://image.tmdb.org/t/p/w500/1cB0Zml2lfsbeGrLo1YoFpu5HdH.jpg,hi,0.0,Flop,6.2552725051033065,0
200: Halla Ho,2021,"Crime, Thriller",0,0,3,115,"Yoodlee Films, Film Jungle Entertainment",8,https://image.tmdb.org/t/p/w500/t6Py6jXrJ1SuHU29DdwxYxEwNtf.jpg,hi,0.0,Flop,5.6020599913279625,0
Kaagaz,2021,"Drama, Comedy",0,0,26,109,"Salman Khan Films, The Satish Kaushik Entertainment",1,https://image.tmdb.org/t/p/w500/wZq7tsSORRtIGAlf2QieWznXpeC.jpg,hi,0.0,Flop,6.431363764158988,0
Physiotherapist,2021,Unknown,0,0,0,0,Tiitlii,2,https://image.tmdb.org/t/p/w500/AiG9B7wFLHRinAJAnm4FOn1T551.jpg,hi,0.0,Flop,5.0,0
The Power,2021,"Drama, Action",0,0,14,154,"Galani Entertainments, Pen Studios",1,https://image.tmdb.org/t/p/w500/fkzTQZHgURaPSjEhCxgUJGmAvjN.jpg,hi,0.0,Flop,6.176091259055681,0
99 Songs,2021,"Music, Drama, Romance",0,0,8,130,"Ideal Entertainment, Y M Movies, Jio Studios",4,https://image.tmdb.org/t/p/w500/dlM63J66dXoMyop9wWzk5QN80IV.jpg,hi,0.0,Flop,5.954242509439325,0
Waah Zindagi,2021,"Comedy, Drama, Romance",0,0,2,130,Shivazza Films & Entertainment,12,https://image.tmdb.org/t/p/w500/kHxrQVpILFdVT8Ulu1DPgeQuS77.jpg,hi,0.0,Flop,5.477121254719663,0
B.A. Pass 3,2021,"Drama, Romance",0,0,5,136,FilmyBox Movies,5,https://image.tmdb.org/t/p/w500/gBCbquuzPe3tstEXyJ2efyUKD20.jpg,hi,0.0,Flop,5.778151250383644,0
Purvanchal Diaries,2021,Crime,0,0,0,50,FilmsZone Productions,6,https://image.tmdb.org/t/p/w500/43BWgQ1lTr9fBBSAWL1ixup66oo.jpg,hi,0.0,Flop,5.0,0
Bhavai,2021,"Romance, Drama",0,0,0,114,Pen Studios,10,https://image.tmdb.org/t/p/w500/ijNfv8WUk555lJl6xaq5iP517Df.jpg,hi,0.0,Flop,5.0,0
Gajra,2021,Drama,0,0,0,19,Avenue Films,11,,hi,0.0,Flop,5.0,0
27 September,2021,Drama,20000,0,2,81,"Chinh India, Leoarts Communication, MVR Cinema, Raientertainment",7,https://image.tmdb.org/t/p/w500/qAMjlWdcl27yYomMUZdiv1dlTsn.jpg,hi,-1.0,Flop,5.477121254719663,-20000
Tathagat,2021,Drama,0,0,2,84,Creative Coconuts,10,https://image.tmdb.org/t/p/w500/eVAyhSiDpf5V20qetngvLTlQ3iX.jpg,hi,0.0,Flop,5.477121254719663,0
Attack,2022,"Action, Science Fiction, Thriller",9600000,2600000,216,123,"JA Entertainment, Pen Studios, Ajay Kapoor Productions",4,https://image.tmdb.org/t/p/w500/A9FjibQFfkPVrfQcM3dlY6fkYpJ.jpg,hi,-0.7291666666666666,Flop,7.33645973384853,-7000000
Anek,2022,"Action, Thriller",0,0,24,146,"T-Series, Benaras Mediaworks",5,https://image.tmdb.org/t/p/w500/y7DOaApwC0CO5EEV7Knqju3rLFa.jpg,hi,0.0,Flop,6.3979400086720375,0
Holy Cow,2022,"Comedy, Drama",0,0,2,90,Y S Entertainment,8,https://image.tmdb.org/t/p/w500/4aGHjbHR5wX05GtnlZVEWzkOnJO.jpg,hi,0.0,Flop,5.477121254719663,0
Amriki Pandit,2022,"Drama, Comedy",0,0,0,0,,12,,hi,0.0,Flop,5.0,0
Brahmāstra Part One: Shiva,2022,"Action, Adventure, Fantasy",22000000,0,191,168,"Dharma Productions, Prime Focus, Starlight Pictures, Star Studios",9,https://image.tmdb.org/t/p/w500/x61qdvHIsr9U53FwoLVDQqAGur0.jpg,hi,-1.0,Flop,7.28330122870355,-22000000
The Protector,2022,Unknown,0,0,0,17,,3,https://image.tmdb.org/t/p/w500/lWb7PaHMeGNRLBi3yJQziYhyHBI.jpg,hi,0.0,Flop,5.0,0
iTales,2022,Unknown,0,0,0,0,,8,,hi,0.0,Flop,5.0,0
Biscut,2022,Drama,0,0,1,34,TSS Films,2,https://image.tmdb.org/t/p/w500/zFgKQL95WsoCUdeAsQU8xZ6z0Sj.jpg,hi,0.0,Flop,5.301029995663981,0
Disconnect,2022,"Drama, Romance",0,0,0,120,Golden Baritone Indian,4,https://image.tmdb.org/t/p/w500/yytqvqyxAkBGWSZkR7pSuP4CPqV.jpg,hi,0.0,Flop,5.0,0
Khalli Balli,2022,"Comedy, Horror",0,0,0,113,,9,https://image.tmdb.org/t/p/w500/ryzShLnlVpgmEyefH0ePCdpJ9ug.jpg,hi,0.0,Flop,5.0,0
Gangubai Kathiawadi,2022,"Crime, Drama, History",12000000,25300000,180,157,"Bhansali Productions, Pen Studios",2,https://image.tmdb.org/t/p/w500/wHPEKlzg7CaJFCjWlMdZKpCRIDl.jpg,hi,1.1083333333333334,Hit,7.257678574869184,13300000
Gotakhor,2022,Unknown,0,0,0,100,,6,https://image.tmdb.org/t/p/w500/cblhwonki1o1PPOjGoMda7PcdXU.jpg,hi,0.0,Flop,5.0,0
Good Morning,2022,Unknown,0,0,0,0,,9,https://image.tmdb.org/t/p/w500/jfO9VkJwTJv9xWTDTegYqxim46G.jpg,hi,0.0,Flop,5.0,0
Shadow Assassins,2022,Unknown,0,0,1,0,,12,https://image.tmdb.org/t/p/w500/cKKAlnP8Qd5ApuyR2ZZTwlCE3Xz.jpg,hi,0.0,Flop,5.301029995663981,0
Pariah,2022,Unknown,0,0,3,25,,5,https://image.tmdb.org/t/p/w500/bzF3liezEHB3u9tE5IcDpXme9ad.jpg,hi,0.0,Flop,5.6020599913279625,0
Laal Singh Chaddha,2022,"Drama, Romance, Comedy",23000000,16000000,87,164,"Aamir Khan Productions, Viacom18 Studios, Paramount Pictures",8,https://image.tmdb.org/t/p/w500/g5rNmcznZX0UPm8CGjfk7kHcAbq.jpg,hi,-0.30434782608695654,Flop,6.944482672150169,-7000000
Ek Villain Returns,2022,"Action, Crime, Thriller",0,0,130,127,"Balaji Telefilms, T-Series",7,https://image.tmdb.org/t/p/w500/4BqMeSSPaC7spmj4Zl7htiigCkV.jpg,hi,0.0,Flop,7.117271295655764,0
Bhediya,2022,"Horror, Comedy",7100000,11000000,64,156,"Maddock Films, Jio Studios",11,https://image.tmdb.org/t/p/w500/iZtq44ZmxBW0E3tAeLG6UdJe9aj.jpg,hi,0.5492957746478874,Average,6.812913356642856,3900000
Samrat Prithviraj,2022,"Action, Drama, History",0,0,29,136,Yash Raj Films,6,https://image.tmdb.org/t/p/w500/itjop20yizH1cwB44tIo5JivPSq.jpg,hi,0.0,Flop,6.477121254719663,0
Drishyam 2,2022,"Thriller, Drama, Mystery",7200000,41000000,98,140,"Viacom18 Studios, Panorama Studios, T-Series, Aashirvad Cinemas, Reflection Pictures Studio",11,https://image.tmdb.org/t/p/w500/yJNNwHQuKYNeHFbsxSFR6yK9Dda.jpg,hi,4.694444444444445,Hit,6.99563519459755,33800000
Manoranjan,2022,Drama,0,0,3,24,Royal Stag Barrel Select Large Short Films,2,https://image.tmdb.org/t/p/w500/iSg4HjbOhyXanD3VygCR9NMMuUq.jpg,hi,0.0,Flop,5.6020599913279625,0
Sharmaji Namkeen,2022,"Comedy, Drama",0,0,25,119,"Excel Entertainment, MacGuffin Pictures",3,https://image.tmdb.org/t/p/w500/xve92SlbFCl4eEESx78eutq6rjo.jpg,hi,0.0,Flop,6.414973347970818,0
Darlings,2022,Comedy,0,0,67,134,"Red Chillies Entertainment, Eternal Sunshine Productions",8,https://image.tmdb.org/t/p/w500/lyA7kXCIAG17hVuvFOxlMmmv31A.jpg,hi,0.0,Flop,6.832508912706237,0
The Kashmir Files,2022,"History, Drama",0,0,85,170,"Abhishek Agarwal Arts, Zee Studios",3,https://image.tmdb.org/t/p/w500/2VvjJFDBFYkVgr89BjqbUl26QyW.jpg,hi,0.0,Flop,6.9344984512435675,0
Chup,2022,"Crime, Thriller",0,0,43,130,Hope Productions,9,https://image.tmdb.org/t/p/w500/n3tJMHzqCa3R1CA9lW4n6obJvxJ.jpg,hi,0.0,Flop,6.643452676486188,0
Thar,2022,"Western, Action, Thriller, Drama, Crime",0,0,37,108,Anil Kapoor Film & Communication Network,5,https://image.tmdb.org/t/p/w500/2PK1WRr8dOF7FG5G4VCal4GcnPT.jpg,hi,0.0,Flop,6.57978359661681,0
Looop Lapeta,2022,"Action, Comedy, Crime",69000000,0,67,131,"Ellipsis Entertainment, Sony Pictures Films India, Sony Pictures International Productions",2,https://image.tmdb.org/t/p/w500/onGdT8sYi89drvSJyEJnft97rOq.jpg,hi,-1.0,Flop,6.832508912706237,-69000000
Gehraiyaan,2022,"Romance, Drama",0,0,37,148,"Dharma Productions, Viacom18 Studios, Jouska Films",2,https://image.tmdb.org/t/p/w500/AqqMoV3o83oiPZSUrBBeujKnk1n.jpg,hi,0.0,Flop,6.57978359661681,0
Mili,2022,Thriller,0,0,17,129,Bayview Projects,11,https://image.tmdb.org/t/p/w500/eJ36QCd5SPRpivJkVgZMqKyfgCz.jpg,hi,0.0,Flop,6.2552725051033065,0
Cuttputlli,2022,"Crime, Mystery, Thriller",0,0,23,134,Pooja Entertainment,9,https://image.tmdb.org/t/p/w500/gVQweL2bdoTlmrVYbcicZQ5VcNP.jpg,hi,0.0,Flop,6.380211241711606,0
"Monica, O My Darling",2022,"Crime, Comedy, Drama, Mystery, Thriller",0,0,99,129,Matchbox Shots,11,https://image.tmdb.org/t/p/w500/3iX8wpLgkx83jCLNR03nW4lpaP2.jpg,hi,0.0,Flop,7.0,0
Kora Kagazz,2022,Drama,0,0,0,104,Mingle 'N Jingle Films,11,https://image.tmdb.org/t/p/w500/xO2aDOsvgf9GqpUoukN5sS6QUb5.jpg,hi,0.0,Flop,5.0,0
Jersey,2022,Drama,0,0,47,175,"Sithara Entertainments, Allu Entertainment, Brat Films, Dil Raju Productions",4,https://image.tmdb.org/t/p/w500/yeWlYvfLMCor0cYrPb2CsQBeW4.jpg,hi,0.0,Flop,6.681241237375588,0
Rashtra Kavach Om,2022,"Action, Adventure, Thriller",0,0,12,135,"Zee Studios, Paper Doll Entertaiment, INCAS Produzioni",7,https://image.tmdb.org/t/p/w500/kBZEDW004FLzPTdBpko6Qf4lACJ.jpg,hi,0.0,Flop,6.113943352306837,0
Jahaan,2022,Unknown,0,0,1,13,,3,https://image.tmdb.org/t/p/w500/ccLthV6zda0OEMn4tHEYjZ7Q3XR.jpg,hi,0.0,Flop,5.301029995663981,0
#Homecoming,2022,Drama,0,0,1,90,Lok,2,https://image.tmdb.org/t/p/w500/3rZl8Ebd0Pk8vsDMsmZidarqx68.jpg,hi,0.0,Flop,5.301029995663981,0
Tadka,2022,"Comedy, Drama, Romance",0,0,7,115,"Prakash Raj Productions, Zee Studios",11,https://image.tmdb.org/t/p/w500/7cE9ZPnIJmct8URu61j19OTASNY.jpg,hi,0.0,Flop,5.903089986991944,0
Runway 34,2022,"Thriller, Drama",0,0,57,141,Ajay Devgn FFilms,4,https://image.tmdb.org/t/p/w500/8RlQEuxeRqHh7sWTRswdUC9kP3H.jpg,hi,0.0,Flop,6.763427993562937,0
Cobalt Blue,2022,"Romance, Drama",0,0,30,112,Open Air Films,4,https://image.tmdb.org/t/p/w500/59CjIDHHvNyiinRwaSIouWnPNrY.jpg,hi,0.0,Flop,6.491361693834273,0
Thank God,2022,Comedy,0,0,33,121,"T-Series, Maruti International, Soham Rockstar Entertainment, Anand Pandit Motion Pictures",10,https://image.tmdb.org/t/p/w500/dxKtwP2Q4n3jfqMIqxoShX08UkH.jpg,hi,0.0,Flop,6.531478917042255,0
Bulbule,2022,"Thriller, Drama",0,0,1,95,,8,https://image.tmdb.org/t/p/w500/tdvLPq0FxFh0GCRzKkmsB67j1wU.jpg,hi,0.0,Flop,5.301029995663981,0
Rocket Gang,2022,"Comedy, Fantasy, Horror, Music",0,0,2,140,Zee Studios,11,https://image.tmdb.org/t/p/w500/8icRtVuWUDvBITWCeMBmRTL8chu.jpg,hi,0.0,Flop,5.477121254719663,0
Love Hostel,2022,"Crime, Romance, Thriller",0,0,18,101,"Red Chillies Entertainment, Drishyam Films, Reflection Pictures Studio",2,https://image.tmdb.org/t/p/w500/gjp2tU35OCLErpIG5pKqgBc9Ch7.jpg,hi,0.0,Flop,6.278753600952829,0
Dobaaraa,2022,"Science Fiction, Mystery, Thriller",0,0,27,135,"Cult Movies, The Vermillion World, Athena Entertainment",8,https://image.tmdb.org/t/p/w500/dMdFRJ50RHSqwjNqaQAuSGHgvh3.jpg,hi,0.0,Flop,6.447158031342219,0
Ladki: Dragon Girl,2022,Action,0,0,7,134,,7,https://image.tmdb.org/t/p/w500/tV69fiUL9oCtWItvHmUYEr3WXPG.jpg,hi,0.0,Flop,5.903089986991944,0
Maja Ma,2022,"Comedy, Romance, Drama",0,0,17,135,Leo Media Collective,10,https://image.tmdb.org/t/p/w500/vfzBw0g0zKjyCpcTCEQEfq3gy0d.jpg,hi,0.0,Flop,6.2552725051033065,0
Phone Bhoot,2022,"Horror, Comedy",0,0,28,137,"Excel Entertainment, Zee Music Company",11,https://image.tmdb.org/t/p/w500/xswHNJUpzUTwmZq0Zr5ZxRZhBYN.jpg,hi,0.0,Flop,6.462397997898956,0
Triple Cross,2022,"Thriller, Action",0,0,2,117,Take 3 Productions,5,https://image.tmdb.org/t/p/w500/d9J9Fi9r3LrIeXIYRqCRS2RI9Vb.jpg,hi,0.0,Flop,5.477121254719663,0
Mister Mummy,2022,"Comedy, Drama",0,0,10,98,"T-Series, Hectic Cinema, Bound Script Production",11,https://image.tmdb.org/t/p/w500/pZcDBlTEqqlp2o3Vmmwcm7Ntxoa.jpg,hi,0.0,Flop,6.041392685158225,0
Middle Class Love,2022,"Comedy, Drama, Romance",0,0,9,130,"Zee Studios, Benaras Mediaworks",9,https://image.tmdb.org/t/p/w500/uQppjrljRPiYtvxoRctqbh2IWAB.jpg,hi,0.0,Flop,6.0,0
Raksha Bandhan,2022,"Comedy, Drama, Family",8799651,0,25,110,"Cape Of Good Films, Colour Yellow Productions, Zee Studios",8,https://image.tmdb.org/t/p/w500/ykefXRqhM7HVnLWPtXWcWCcvBy6.jpg,hi,-1.0,Flop,6.414973347970818,-8799651
Dhavak,2022,"Comedy, Drama",0,0,0,0,,8,https://image.tmdb.org/t/p/w500/7ckgmCpo3SV3zCWeFKJJj9UvT2N.jpg,hi,0.0,Flop,5.0,0
Dhaakad,2022,"Action, Thriller",10922838,0,11,131,"Soham Rockstar Entertainment, Asylum Films, Sohel Maklai Productions, Zee Studios",5,https://image.tmdb.org/t/p/w500/w9kCrVZI9sHcu2vilqCuSBfGAvQ.jpg,hi,-1.0,Flop,6.079181246047625,-10922838
Goodbye,2022,"Drama, Comedy, Family",0,0,14,145,"Balaji Motion Pictures, Good Co., Saraswati Entertainment Private Limited",10,https://image.tmdb.org/t/p/w500/gOCuUqmC96mXVyJ5QtjIpCMt2b8.jpg,hi,0.0,Flop,6.176091259055681,0
Conditions Apply,2022,Unknown,0,0,0,0,,9,https://image.tmdb.org/t/p/w500/3Nw7lvcJxakuAglPGQnnpGwjSaw.jpg,hi,0.0,Flop,5.0,0
Double XL,2022,"Comedy, Drama",0,0,10,0,"T-Series, Wakaoo Films, Reclining Seats Cinema Production, Elemen3 Entertainment",11,https://image.tmdb.org/t/p/w500/n5pOwxgBj5M67FpiFLwOxSbJiVI.jpg,hi,0.0,Flop,6.041392685158225,0
GGS - Ganteng-Ganteng Sange,2023,"Drama, Romance",0,0,7,28,Kelas Bintang,5,https://image.tmdb.org/t/p/w500/39fFH027tOpTyZwSNOydSAsOCzb.jpg,hi,0.0,Flop,5.903089986991944,0
Jawan,2023,"Action, Thriller",36150000,136698671,310,169,Red Chillies Entertainment,9,https://image.tmdb.org/t/p/w500/jFt1gS4BGHlK8xt76Y81Alp4dbt.jpg,hi,2.7814293499308436,Hit,7.492760389026838,100548671
Mimi Cucu Part 2,2023,"Drama, Horror, Romance",0,0,0,34,Kelas Bintang,5,https://image.tmdb.org/t/p/w500/m0pu6B67XWhQ2uJkBqxVaHmlcVP.jpg,hi,0.0,Flop,5.0,0
Animal,2023,"Action, Crime, Drama",13000000,108300000,172,201,"T-Series, Bhadrakali Pictures, ST Film",12,https://image.tmdb.org/t/p/w500/hr9rjR3J0xBBKmlJ4n3gHId9ccx.jpg,hi,7.3307692307692305,Hit,7.238046103128795,95300000
Darranchhoo,2023,Comedy,0,0,0,0,Mark Movies,10,https://image.tmdb.org/t/p/w500/7O9V2jI6KIXHhmaTBdUmolC0hkO.jpg,hi,0.0,Flop,5.0,0
Kofuku,2023,Unknown,0,0,0,19,,10,https://image.tmdb.org/t/p/w500/mUB65Xf6s2hUMJpLTOWExC0zWna.jpg,hi,0.0,Flop,5.0,0
72 Hoorain,2023,"Documentary, Crime, Horror",0,0,3,120,,7,https://image.tmdb.org/t/p/w500/856PQFVWTTDMelYPxjNJnqVgrqJ.jpg,hi,0.0,Flop,5.6020599913279625,0
Pathaan,2023,"Action, Adventure, Thriller",30270000,127180000,241,146,"Yash Raj Films, Pathaan Productions, Palma Pictures, FPS Productions, NSA Picture, ODU Movies",1,https://image.tmdb.org/t/p/w500/arf00BkwvXo0CFKbaD9OpqdE4Nu.jpg,hi,3.201519656425504,Hit,7.383815365980431,96910000
ICU,2023,"Family, Drama",0,0,1,10,,10,https://image.tmdb.org/t/p/w500/nDuByOrCtfQUsAYOesZxZOTMLR8.jpg,hi,0.0,Flop,5.301029995663981,0
Ouch 2,2023,Drama,0,0,0,16,"Royal Stag Barrel Select Large Short Films, Friday Storytellers",3,https://image.tmdb.org/t/p/w500/aexfjerSrYAhibRBXVSpOTl2RES.jpg,hi,0.0,Flop,5.0,0
Chidiakhana,2023,Drama,0,0,1,0,"National Film Development Corporation of India, Bharati Studios, Cine Grips",6,https://image.tmdb.org/t/p/w500/pZdDJhHTHfh174FMXvMYlgkqgE0.jpg,hi,0.0,Flop,5.301029995663981,0
Love-All,2023,Drama,0,0,0,0,"Anand Pandit Motion Pictures, LGF studios, Filmart Productions",8,https://image.tmdb.org/t/p/w500/qTLRHRJIQLRtsv9Q1rbUgRlE3A2.jpg,hi,0.0,Flop,5.0,0
12th Fail,2023,Drama,2400000,8300000,219,146,"Vidhu Vinod Chopra Productions, Zee Studios, KRG Studios",8,https://image.tmdb.org/t/p/w500/eebUPRI4Z5e1Z7Hev4JZAwMIFkX.jpg,hi,2.4583333333333335,Hit,7.342422680822207,5900000
Kennedy,2023,"Crime, Thriller",0,0,5,147,"Good Bad Films, Zee Studios",5,https://image.tmdb.org/t/p/w500/oi8PrMckw1zOrkfVxwo0o6h7I27.jpg,hi,0.0,Flop,5.778151250383644,0
White Ant,2023,Drama,0,0,2,15,,1,https://image.tmdb.org/t/p/w500/nNsNNlc0T9pFUTfZvndqUHOvE07.jpg,hi,0.0,Flop,5.477121254719663,0
Dhai Aakhar,2023,Drama,0,0,0,98,,11,https://image.tmdb.org/t/p/w500/3fjbx9xt4iVitVceB7XD18LXs0p.jpg,hi,0.0,Flop,5.0,0
Lakeerein,2023,Drama,0,0,0,0,"BTC Multimedia, Image & Creation Productions",11,https://image.tmdb.org/t/p/w500/baJOje7g8ZP42YTFewpQnWVgPYK.jpg,hi,0.0,Flop,5.0,0
Adipurush,2023,"Action, Adventure, Fantasy",63000000,54300000,103,179,"Retrophiles, T-Series, AA Films, UV Creations, People Media Factory",6,https://image.tmdb.org/t/p/w500/1H2xEZOixs0z0JKwyjANZiKNNVJ.jpg,hi,-0.1380952380952381,Flop,7.017033339298781,-8700000
Tiger 3,2023,"Action, Adventure, Thriller",36320000,56490000,57,155,"Yash Raj Films, First Step Productions, Etalon-Film, FPS Productions, SK-Film",11,https://image.tmdb.org/t/p/w500/2hsZrii8zXsk765YKKActVhIjTE.jpg,hi,0.5553414096916299,Average,6.763427993562937,20170000
Dunki,2023,"Adventure, Comedy, Drama",14500000,15000000,104,159,"Red Chillies Entertainment, Rajkumar Hirani Films, Jio Studios",12,https://image.tmdb.org/t/p/w500/kPRb1mbVHGop0egQ7153y0lhzGL.jpg,hi,0.034482758620689655,Average,7.021189299069938,500000
Chal Zindagi,2023,"Adventure, Drama",0,0,0,130,"Altitude Event Production, Vivaan Filmz Production",5,https://image.tmdb.org/t/p/w500/fu2fHbX0a99IfutCrWdWF5KgMrj.jpg,hi,0.0,Flop,5.0,0
Armaand,2023,Drama,0,0,0,9,,10,https://image.tmdb.org/t/p/w500/4m47icjzP1X3OiPEVQ7IF3S0oPx.jpg,hi,0.0,Flop,5.0,0
Jaane Jaan,2023,"Crime, Thriller, Drama",0,0,108,139,"Kross Pictures, 12th Street Entertainment, Balaji Motion Pictures, Northern Lights Films",9,https://image.tmdb.org/t/p/w500/oaUOV9VCNM5MjrmonqgH4o3XNwQ.jpg,hi,0.0,Flop,7.037426497940624,0
Tu Jhoothi Main Makkaar,2023,"Comedy, Romance, Family",0,0,213,159,"T-Series, LUV Films, Yash Raj Films, Film Madrid, MFDC",3,https://image.tmdb.org/t/p/w500/zHLtNP4KP0GMi6p1ACf2QvVnBvI.jpg,hi,0.0,Flop,7.330413773349191,0
Bholaa,2023,"Action, Adventure, Crime, Thriller",0,0,32,144,"Dream Warrior Pictures, T-Series, Ajay Devgn FFilms, Reliance Entertainment, PVR Inox Pictures",3,https://image.tmdb.org/t/p/w500/chmbRa3tKFq1KNMoyuU8Vf5hlke.jpg,hi,0.0,Flop,6.518513939877888,0
Tante Siska,2023,"Drama, Romance",0,0,0,0,Kelas Bintang,6,https://image.tmdb.org/t/p/w500/ui5arpwdiTrnAJ3P5Ue6XPSBMQx.jpg,hi,0.0,Flop,5.0,0
Lust Stories 2,2023,"Drama, Romance",0,0,54,132,"RSVP Movies, Flying Unicorn Entertainment",6,https://image.tmdb.org/t/p/w500/p5x729JI6wZs9hCqX7tc7oH87ih.jpg,hi,0.0,Flop,6.740362689494244,0
Khufiya,2023,"Crime, Thriller, Mystery",0,0,45,158,Vishal Bhardwaj Films,10,https://image.tmdb.org/t/p/w500/bbHUuTEo2DsYLoXCjkL8kB0oPhy.jpg,hi,0.0,Flop,6.662757831681574,0
Chor Nikal Ke Bhaga,2023,"Crime, Thriller",0,0,138,110,Maddock Films,3,https://image.tmdb.org/t/p/w500/1MIDERaEUMw1rYDM99tGZPY80Ap.jpg,hi,0.0,Flop,7.143014800254095,0
Kisi Ka Bhai... Kisi Ki Jaan,2023,"Romance, Action",0,0,31,144,Salman Khan Films,4,https://image.tmdb.org/t/p/w500/yJ2JqgfWniQLnXPM5WkM7f1rqaY.jpg,hi,0.0,Flop,6.505149978319906,0
Shehzada,2023,"Action, Comedy, Drama, Romance",0,0,39,142,"T-Series, Brat Films, Allu Entertainment",2,https://image.tmdb.org/t/p/w500/rcKbsGBZCwDs1sVXNkGHqEVLzQW.jpg,hi,0.0,Flop,6.6020599913279625,0
Rocky Aur Rani Kii Prem Kahaani,2023,"Comedy, Drama, Family, Romance",0,0,74,179,"Dharma Productions, Viacom18 Studios",7,https://image.tmdb.org/t/p/w500/vTQIqlxUkOuyf2UKhlM2OUaFGKz.jpg,hi,0.0,Flop,6.8750612633917,0
Sam Bahadur,2023,"Drama, History, War",6900000,0,33,149,RSVP Movies,12,https://image.tmdb.org/t/p/w500/nFYf3g3CObjx9ri3PMWkK1lWFhr.jpg,hi,-1.0,Flop,6.531478917042255,-6900000
The Archies,2023,"Comedy, Drama, Music, Romance",0,0,61,144,"Tiger Baby, Graphic India, Archie Comics",12,https://image.tmdb.org/t/p/w500/hmhWb4NTj02FyDxwBm4x9x2JxwJ.jpg,hi,0.0,Flop,6.792391689498254,0
Kathal,2023,"Comedy, Drama",0,0,39,115,"Sikhya Entertainment, Balaji Telefilms",5,https://image.tmdb.org/t/p/w500/yzVMUMN3tkLXdGbLHbOJ6sfXYI.jpg,hi,0.0,Flop,6.6020599913279625,0
UT 69,2023,Drama,0,0,0,140,"SVS Studio, The Bigger Picture",11,https://image.tmdb.org/t/p/w500/sgJ5fr71NGfy7QGXPEx46g8LuNL.jpg,hi,0.0,Flop,5.0,0
Bawaal,2023,"Drama, Romance, Action, History",6000000,0,32,137,"Nadiadwala Grandson Entertainment, Earthsky Pictures",7,https://image.tmdb.org/t/p/w500/kT0mA3kYzvl2UZGxhJnLyTUYa2z.jpg,hi,-1.0,Flop,6.518513939877888,-6000000
Selfiee,2023,"Comedy, Drama",10000000,0,23,143,"Dharma Productions, Magic Frames, Prithviraj Productions, Star Studios",2,https://image.tmdb.org/t/p/w500/1QU1MCj0gFEZzIKl6pbfLsfClbJ.jpg,hi,-1.0,Flop,6.380211241711606,-10000000
Mrs.,2023,Drama,0,0,15,111,"Baweja Movies, Jio Studios",11,https://image.tmdb.org/t/p/w500/e2coys6g8PRqiP0sHEA2T6uLkEf.jpg,hi,0.0,Flop,6.204119982655925,0
Mrs. Chatterjee Vs Norway,2023,"Drama, Thriller",0,0,65,135,"Zee Studios, Emmay Entertainment, Cuba Films",3,https://image.tmdb.org/t/p/w500/7hh1cvrrryYd3IHQFX8HnslWOkZ.jpg,hi,0.0,Flop,6.819543935541869,0
Gangster Ganga,2023,Family,0,0,0,25,,10,https://image.tmdb.org/t/p/w500/8k2aPHzIBPTGAUVYS66NRdDyvud.jpg,hi,0.0,Flop,5.0,0
Angithee 2,2023,"Romance, Drama",0,0,1,0,"Rahat Kazmi Film Studios, Shemaroo Entertainment",1,https://image.tmdb.org/t/p/w500/lpyzVs02TI1FFlblJtsFm6OJxA2.jpg,hi,0.0,Flop,5.301029995663981,0
Kuttey,2023,"Comedy, Crime, Thriller",0,0,21,112,"Vishal Bhardwaj Films, LUV Films, T-Series",1,https://image.tmdb.org/t/p/w500/bwJHR0qzAvJLKy7EioiSRu0QivY.jpg,hi,0.0,Flop,6.342422680822207,0
COAT,2023,"Drama, Family",0,0,0,0,"Perfect Time Pictures Production, Brandex Entertainment, Black Panther Movies Ltd.",5,https://image.tmdb.org/t/p/w500/sqmtRGUqDLa5w574rZbMQZkRAda.jpg,hi,0.0,Flop,5.0,0
#MUTE,2023,Thriller,0,0,1,0,G. Gangadhar,2,https://image.tmdb.org/t/p/w500/ySoi7upGRPRuA7yX6VkpMJKzquj.jpg,hi,0.0,Flop,5.301029995663981,0
Bheed,2023,Drama,0,0,16,112,"Benaras Mediaworks, T-Series, Reliance Entertainment",3,https://image.tmdb.org/t/p/w500/sJ3uHEY9LLP0BpdPy0KlJzYnmkv.jpg,hi,0.0,Flop,6.230448921378274,0
Ganapath,2023,"Action, Thriller",22000000,1700000,9,135,"Pooja Entertainment, Good Co.",10,https://image.tmdb.org/t/p/w500/z5kngie7G0bR9CL3tcWhZLwIpIc.jpg,hi,-0.9227272727272727,Flop,6.0,-20300000
Mumbaikar,2023,"Crime, Drama",0,0,4,123,"Jio Studios, HR Films",6,https://image.tmdb.org/t/p/w500/we0j8oUGcUEHXBTfjo1M6EnBNc0.jpg,hi,0.0,Flop,5.698970004336019,0
OMG 2,2023,"Comedy, Drama",7500000,28000000,70,155,"Viacom18 Studios, Cape Of Good Films, Wakaoo Films",8,https://image.tmdb.org/t/p/w500/kApiO3oL6t100aCtkcwEhk2kqgK.jpg,hi,2.7333333333333334,Hit,6.8512583487190755,20500000
Chatrapathi,2023,"Action, Drama",0,0,2,124,Pen Studios,5,https://image.tmdb.org/t/p/w500/1Z5CyVeEjVq8mMaJR2brNpgw7cX.jpg,hi,0.0,Flop,5.477121254719663,0
Mission Raniganj,2023,"Drama, Action, Thriller",0,0,17,134,"Pooja Entertainment, Ajay Kapoor Productions",10,https://image.tmdb.org/t/p/w500/3804yFLTPlMqG6Jxsm20aqcFEfU.jpg,hi,0.0,Flop,6.2552725051033065,0
Cheenk,2023,Comedy,0,0,1,14,,2,https://image.tmdb.org/t/p/w500/u8f6jzEemsIiXZ58rDlNrzdqilQ.jpg,hi,0.0,Flop,5.301029995663981,0
Gumraah,2023,"Crime, Action, Thriller",0,0,22,130,"T-Series, Cine1 Studios, Reflection Pictures Studio",4,https://image.tmdb.org/t/p/w500/tFaQuuz26BKMXdcDxLrlmVNQlM7.jpg,hi,0.0,Flop,6.361727836017593,0
Gaslight,2023,"Horror, Thriller",0,0,20,111,"Tips Industries, 12th Street Entertainment",3,https://image.tmdb.org/t/p/w500/8D3lObq5pv7lH0o5tny908SldKf.jpg,hi,0.0,Flop,6.3222192947339195,0
Fukrey 3,2023,"Comedy, Drama",3000000,16000000,14,147,Excel Entertainment,9,https://image.tmdb.org/t/p/w500/1E5qIvLBNrv4onx5SxnNz5Monac.jpg,hi,4.333333333333333,Hit,6.176091259055681,13000000
Dream Girl 2,2023,"Comedy, Romance",0,0,16,134,Balaji Telefilms,8,https://image.tmdb.org/t/p/w500/gvNeqDNwZ8isym8CeHZsZk1QiSJ.jpg,hi,0.0,Flop,6.230448921378274,0
The Underbug,2023,Horror,0,0,0,69,Chalkboard Entertainment,1,https://image.tmdb.org/t/p/w500/gkZB59S0d995yubUpew9YTsdXfl.jpg,hi,0.0,Flop,5.0,0
Aazam,2023,"Crime, Drama, Mystery, Thriller",0,0,2,120,,5,https://image.tmdb.org/t/p/w500/9IdjgWe7XzSHflYWfIVTiZyDDYT.jpg,hi,0.0,Flop,5.477121254719663,0
Yaariyan 2,2023,"Romance, Drama, Family",3012048,321687,7,150,"T-Series, BLM Pictures",10,https://image.tmdb.org/t/p/w500/zcy8ZFwnzMhB32RaPArpj2XASP4.jpg,hi,-0.8931999091647942,Flop,5.903089986991944,-2690361
Gulmohar,2023,"Family, Drama",0,0,12,132,"Chalkboard Entertainment, Autonomous Works, Star Studios",3,https://image.tmdb.org/t/p/w500/9ovEm6ush0W19f1lV8Q3XN6l8uJ.jpg,hi,0.0,Flop,6.113943352306837,0
Satyaprem Ki Katha,2023,"Drama, Romance",0,0,40,146,"Nadiadwala Grandson Entertainment, Namah Pictures",6,https://image.tmdb.org/t/p/w500/99DkKzMm7SrNw8p6jozCkKmOnTy.jpg,hi,0.0,Flop,6.6127838567197355,0
Aankh Micholi,2023,"Comedy, Family",0,0,5,0,"Sony Pictures Films India, Merry Go Round Studios",11,https://image.tmdb.org/t/p/w500/3di6GxX88WeMo9IjMt8BwW9wOq1.jpg,hi,0.0,Flop,5.778151250383644,0
Bloody Daddy,2023,"Action, Crime, Thriller",0,0,33,122,"AAZ Films, Offside Entertainment, Jio Studios, The Vermillion World",6,https://image.tmdb.org/t/p/w500/gX8k6oKpIsWHpfWNz3Bu4wUuliA.jpg,hi,0.0,Flop,6.531478917042255,0
Pippa,2023,"War, Drama",9000000,0,9,140,"RSVP Movies, Roy Kapur Films",11,https://image.tmdb.org/t/p/w500/7bD664CWGigcjlT8wf2VR3KZCtK.jpg,hi,-1.0,Flop,6.0,-9000000
"Next, Please",2023,"Drama, Romance, Science Fiction",0,0,1,12,Zoo Entertainment,11,https://image.tmdb.org/t/p/w500/qvpTItxdx3sq5uFecfK5va2i2FR.jpg,hi,0.0,Flop,5.301029995663981,0
8 A.M. Metro,2023,Drama,0,0,7,116,"Platoon One Films, Studio 99",5,https://image.tmdb.org/t/p/w500/fRPfT9sQzMSbDMH8c1qxVWFy8zT.jpg,hi,0.0,Flop,5.903089986991944,0
Karma Strikes,2023,"Drama, Romance, Thriller",0,0,0,135,"Free Art Productions, Cinephile Production House",12,https://image.tmdb.org/t/p/w500/qKw7thGAiGsn6jw9gqR5FbPxWFC.jpg,hi,0.0,Flop,5.0,0
Tumse Na Ho Payega,2023,"Comedy, Drama",0,0,9,132,"RSVP Movies, Earthsky Pictures, Roy Kapur Films, Star Studios",9,https://image.tmdb.org/t/p/w500/ziz7A8NgRExxeCxmTYGE6VGuMKs.jpg,hi,0.0,Flop,6.0,0
Rosh,2023,Thriller,0,0,0,113,A Mates Entertainment Release,5,https://image.tmdb.org/t/p/w500/Ai67XN2SjgLKXIGECT3RXQ2bjqf.jpg,hi,0.0,Flop,5.0,0
Lost,2023,Drama,0,0,7,124,"Zee Studios, Namah Pictures",2,https://image.tmdb.org/t/p/w500/yRQkH26GZ7Qp9xkAMfmVNnkb1Ez.jpg,hi,0.0,Flop,5.903089986991944,0
The Great Indian Family,2023,"Comedy, Drama",0,0,9,112,Yash Raj Films,9,https://image.tmdb.org/t/p/w500/9Gxe853oX3URrNj8PKGfvoBF3tx.jpg,hi,0.0,Flop,6.0,0
Bhagwan Bharose,2023,"Drama, Comedy, Family",450000,0,4,97,Platoon One Films,5,https://image.tmdb.org/t/p/w500/8Jh6EckBnZjqlvrTwzQHxiL7ad9.jpg,hi,-1.0,Flop,5.698970004336019,-450000
Jackson Halt,2023,"Thriller, Crime, Mystery, Horror",0,0,1,121,Champaran Talkies,5,https://image.tmdb.org/t/p/w500/cvjhVtYAZpf7kJiCzT3PfahsWJH.jpg,hi,0.0,Flop,5.301029995663981,0
The Haunting,2023,"History, Thriller",0,0,1,31,Amazon miniTV,4,https://image.tmdb.org/t/p/w500/45pXEiCkfXBViItOdinM3qQ1lTn.jpg,hi,0.0,Flop,5.301029995663981,0
UnWoman,2023,Unknown,0,0,1,112,,5,https://image.tmdb.org/t/p/w500/54P4qVJjwlFb5O3QVyv3pjDQpyQ.jpg,hi,0.0,Flop,5.301029995663981,0
Morchang,2023,Fantasy,1443,0,0,24,Chandradeep Singh Rathore,6,https://image.tmdb.org/t/p/w500/a3yX75QxAXeqAcTUB0NuUU1UEsz.jpg,hi,-1.0,Flop,5.0,-1443
Chaar lugaai,2023,"Drama, Comedy, Mystery",400000,14500,1,143,AJ Films Entertainment World,5,,hi,-0.96375,Flop,5.301029995663981,-385500
Ghoomer,2023,Drama,0,0,8,134,"Hope Productions, Saraswati Entertainment Private Limited",8,https://image.tmdb.org/t/p/w500/6npQ0MxlmCqPPF8H5xK4yGt7ZLL.jpg,hi,0.0,Flop,5.954242509439325,0
Zwigato,2023,Drama,0,1984,9,106,"Applause Entertainment, Nandita Das Initiatives",3,https://image.tmdb.org/t/p/w500/cy5prmLqNUVOqfEqa0ArhqIRDB1.jpg,hi,0.0,Flop,6.0,1984
Pine Cone,2023,"Romance, Drama",0,0,0,95,Anticlock Films,6,https://image.tmdb.org/t/p/w500/wii8awBNyPwojeTtumXL2hMI3T8.jpg,hi,0.0,Flop,5.0,0
Stolen,2023,"Drama, Thriller",0,0,27,94,"Jungle Book Studio, Vipin Agnihotri Films",8,https://image.tmdb.org/t/p/w500/xR5Endhjm4soY6fPgXY0jrpDZvL.jpg,hi,0.0,Flop,6.447158031342219,0
Shiv Shastri Balboa,2023,"Comedy, Drama",0,0,5,132,"Anupam Kher Studio, UFI Motion Picture",2,https://image.tmdb.org/t/p/w500/5BQ08rSNniscpTEl2VAQNNAY6LC.jpg,hi,0.0,Flop,5.778151250383644,0
Starfish,2023,"Drama, Thriller, Romance",0,0,6,119,"T-Series, Almighty Motion Picture",11,https://image.tmdb.org/t/p/w500/volrYUHHPHJYPfdukDVcZ9xCYQa.jpg,hi,0.0,Flop,5.845098040014257,0
Kadak Singh,2023,"Drama, Thriller",0,0,11,136,,11,https://image.tmdb.org/t/p/w500/eB7VUbPWvbohPvmYn22XAtpmcvU.jpg,hi,0.0,Flop,6.079181246047625,0
Ajmer 92,2023,Unknown,0,0,0,0,"Sumit Motion Pictures, Little Crew Pictures",7,https://image.tmdb.org/t/p/w500/lM8sVdmhAM3HkwBGWaynOPJ7tqL.jpg,hi,0.0,Flop,5.0,0
Sirf Ek Bandaa Kaafi Hai,2023,Drama,0,0,31,127,"Bhanushali Studios, Practical Productions, PR Motion Pictures",6,https://image.tmdb.org/t/p/w500/i8wMjVoQOyo9XUOrQk60WCcklCj.jpg,hi,0.0,Flop,6.505149978319906,0
Berlin,2023,Thriller,0,0,8,125,"Zee Studios, Yippee Ki Yay Motion Pictures",10,https://image.tmdb.org/t/p/w500/nBCVdo3NO2UPHO2lnrfZa0NQZfB.jpg,hi,0.0,Flop,5.954242509439325,0
Lakadbaggha,2023,"Action, Crime, Thriller",0,0,6,129,First Ray Films,1,https://image.tmdb.org/t/p/w500/tgyHSVTw42PMHxnq0KOXbTVwu5C.jpg,hi,0.0,Flop,5.845098040014257,0
Who Am I?,2023,"Drama, Family",0,0,1,119,Write Click Production,2,https://image.tmdb.org/t/p/w500/185ag4JOB1fYL5ixnzRGWtuVoKY.jpg,hi,0.0,Flop,5.301029995663981,0
Bicycle Days,2023,Drama,0,0,0,90,Katharsis Films,4,https://image.tmdb.org/t/p/w500/ndZpt1fxKynVqgAjWBlEYHL2sgL.jpg,hi,0.0,Flop,5.0,0
Moha,2023,Drama,0,0,0,103,Santosh Sivan Films,1,https://image.tmdb.org/t/p/w500/8asVvWG7NLYvNvojNpKOwAcjVmQ.jpg,hi,0.0,Flop,5.0,0
Sajini Shinde Ka Viral Video,2023,"Mystery, Thriller",0,0,18,114,Maddock Films,10,https://image.tmdb.org/t/p/w500/xkDtXIlQBtkaHSjL6NyUsZREZTe.jpg,hi,0.0,Flop,6.278753600952829,0
The Y,2023,"Horror, Thriller",0,0,2,110,Rocket Films,1,https://image.tmdb.org/t/p/w500/6YjyVezHvoFbuFPvxSRMFBLV1hX.jpg,hi,0.0,Flop,5.477121254719663,0
Majbooriyan,2023,Drama,0,0,0,0,,11,https://image.tmdb.org/t/p/w500/i2JlsD6OzrXm2LOC4OCWlWXOyyD.jpg,hi,0.0,Flop,5.0,0
Friday Night Plan,2023,"Comedy, Drama",0,0,10,109,Excel Entertainment,9,https://image.tmdb.org/t/p/w500/8QIAFlELWwP8xfo2Xwf7oleDcUE.jpg,hi,0.0,Flop,6.041392685158225,0
Tees,2024,"Drama, Science Fiction",0,0,0,142,Dibakar Banerjee Productions,11,https://image.tmdb.org/t/p/w500/iJJlpYgibomRwxyTjtHuJ018IVB.jpg,hi,0.0,Flop,5.0,0
Ghamasaan,2024,"Thriller, Action",0,0,0,150,"Jio Studios, Golden Ratio Films",10,https://image.tmdb.org/t/p/w500/gZuN5Vh9ceBzTk9gl230kE9GrVD.jpg,hi,0.0,Flop,5.0,0
Kill,2024,"Action, Crime, Thriller, Drama",4800000,5600000,456,105,"Sikhya Entertainment, Dharma Productions",7,https://image.tmdb.org/t/p/w500/m2zXTuNPkywdYLyWlVyJZW2QOJH.jpg,hi,0.16666666666666666,Average,7.65991620006985,800000
Tikdam,2024,Drama,0,0,1,118,"Jio Studios, Backbencher Pictures, Hardik Gajjar Films, Skylark Productions India",8,https://image.tmdb.org/t/p/w500/zXhIhFncs7CRtl2OgyWTx7uPth9.jpg,hi,0.0,Flop,5.301029995663981,0
Body,2024,Drama,0,0,0,142,,12,https://image.tmdb.org/t/p/w500/q2CN1yQcxilQioKOOzKKWney5p.jpg,hi,0.0,Flop,5.0,0
Crew,2024,Comedy,0,0,70,124,"Balaji Motion Pictures, Anil Kapoor Film & Communication Network",3,https://image.tmdb.org/t/p/w500/8mnCtQngfhYt0W0BmkrCePutmvy.jpg,hi,0.0,Flop,6.8512583487190755,0
Malhar,2024,Drama,0,0,0,0,,6,https://image.tmdb.org/t/p/w500/is17siyU3Cm6OQM771iB2gTsSgj.jpg,hi,0.0,Flop,5.0,0
Beinteha,2024,Drama,0,0,0,32,Tips Industries,9,https://image.tmdb.org/t/p/w500/3l9uzfpdi4VWPZ3Zr4iHONEPWhV.jpg,hi,0.0,Flop,5.0,0
Fighter,2024,"Action, Drama",30069500,43160558,153,167,"Marflix Pictures, Viacom18 Studios, Prime Focus",1,https://image.tmdb.org/t/p/w500/zqFuriKJ6pYDvf72kXNLONnuE8k.jpg,hi,0.435360015963019,Average,7.1875207208364635,13091058
Blind Spot,2024,Drama,0,0,0,26,Gubbara Entertainment,10,https://image.tmdb.org/t/p/w500/ikJury2pqw02saMnwb9yCdiIUM5.jpg,hi,0.0,Flop,5.0,0
Blackout,2024,"Comedy, Thriller",0,0,9,116,"11:11 Productions, Jio Studios",6,https://image.tmdb.org/t/p/w500/3na9yLIz6j2Q44dzMEHWeSDg4Ef.jpg,hi,0.0,Flop,6.0,0
Singham Again,2024,"Action, Drama, Thriller, Crime",41100000,43800000,36,145,"Rohit Shetty Productionz, Jio Studios, Ajay Devgn FFilms, Cinergy, Reliance Entertainment",11,https://image.tmdb.org/t/p/w500/2JbNkHg8m7LaBy61LyrnnlenaxY.jpg,hi,0.06569343065693431,Average,6.568201724066995,2700000
Maharaj,2024,"Drama, History",0,0,52,132,Aamir Khan Productions,6,https://image.tmdb.org/t/p/w500/lsuUGtUzrzEnlIUjVRSqFNUMZEz.jpg,hi,0.0,Flop,6.724275869600789,0
Kartam Bhugtam,2024,Unknown,0,0,0,0,,5,https://image.tmdb.org/t/p/w500/upOZls6aZMSVBSEPTPlMTrP7IVb.jpg,hi,0.0,Flop,5.0,0
Munjya,2024,"Comedy, Horror",3500000,16000000,37,121,Maddock Films,6,https://image.tmdb.org/t/p/w500/31zAzJs8O7dXcE0laUcBoaaNvwu.jpg,hi,3.5714285714285716,Hit,6.57978359661681,12500000
Chandu Champion,2024,Drama,1600000,0,30,143,"Nadiadwala Grandson Entertainment, Kabir Khan Films, Pen Studios",6,https://image.tmdb.org/t/p/w500/AprEYzaWgMuSQtJXMxz1P5Z3e3P.jpg,hi,-1.0,Flop,6.491361693834273,-1600000
Sector 36,2024,"Crime, Thriller, Drama",0,0,80,124,"Maddock Films, Jio Studios",8,https://image.tmdb.org/t/p/w500/pbVcZmmcfqk35Q9hNxRoR7JPiVp.jpg,hi,0.0,Flop,6.9084850188786495,0
Girls Will Be Girls,2024,"Drama, Romance",0,17156,43,119,"Pushing Buttons Studios, Crawling Angel Films, Dolce Vita Films, Cinema Inutile, Blink Digital",8,https://image.tmdb.org/t/p/w500/psklilaTgyczbHidamDlpFWodb0.jpg,hi,0.0,Flop,6.643452676486188,17156
Mr. & Mrs. Mahi,2024,"Drama, Romance",0,0,15,139,"Dharma Productions, Zee Studios",5,https://image.tmdb.org/t/p/w500/jnbcyRxzQbYOLSzz7OvU4pNwq42.jpg,hi,0.0,Flop,6.204119982655925,0
Shaitaan,2024,"Thriller, Horror",7800000,9600000,83,132,"Ajay Devgn FFilms, Panorama Studios, Jio Studios",3,https://image.tmdb.org/t/p/w500/oRvFzcagAcC6Q317xtV7QXzwBnj.jpg,hi,0.23076923076923078,Average,6.924279286061882,1800000
Pune Highway,2024,"Drama, Thriller",0,0,1,128,"Dropd Films, Ten Years Younger Productions",11,https://image.tmdb.org/t/p/w500/1iaFmRUchHDN0Nfm4d1MxZFaacC.jpg,hi,0.0,Flop,5.301029995663981,0
Vicky Vidya Ka Woh Wala Video,2024,Comedy,0,0,13,152,"T-Series, Thinkink Picturez, Wakaoo Films, Balaji Motion Pictures, Kathavachak Films",10,https://image.tmdb.org/t/p/w500/77gbFuFUfXx3OWv6pGhOAfHMBpg.jpg,hi,0.0,Flop,6.146128035678238,0
Baby John,2024,"Action, Drama, Thriller, Crime",21176000,6941000,23,162,"Cine1 Studios, A for Apple Studios, Jio Studios, Vipin Agnihotri Films",12,https://image.tmdb.org/t/p/w500/5Oqsh17dq0cIRFPynPNy5elmyxW.jpg,hi,-0.6722232716282585,Flop,6.380211241711606,-14235000
Teri Baaton Mein Aisa Uljha Jiya,2024,"Romance, Comedy, Science Fiction",0,0,50,143,"Maddock Films, Jio Studios",2,https://image.tmdb.org/t/p/w500/vwsBpnwmMO0xtIgxvCrViJgZhVj.jpg,hi,0.0,Flop,6.707570176097937,0
Stree 2,2024,"Horror, Comedy",0,0,85,143,"Maddock Films, Jio Studios",8,https://image.tmdb.org/t/p/w500/2NC7sj8rheKxWqLYAbHnCa4mYBH.jpg,hi,0.0,Flop,6.9344984512435675,0
Srikanth,2024,Drama,0,0,25,134,"Chalk and Cheese Films, T-Series",5,https://image.tmdb.org/t/p/w500/nkWF1jIMQqWZSShNTAdBUqrdFsZ.jpg,hi,0.0,Flop,6.414973347970818,0
Lost Ladies,2024,"Comedy, Drama, Romance",0,330000000,135,123,"Aamir Khan Productions, Jio Studios, Kindling Pictures",3,https://image.tmdb.org/t/p/w500/cGG5hCwPnMvuKzvUBnxo5y3DcVM.jpg,hi,0.0,Flop,7.133538908370218,330000000
Bengal 1947,2024,Unknown,0,0,0,127,,3,https://image.tmdb.org/t/p/w500/hZh9LyZgr0Ro01kNjthaM7l0GjE.jpg,hi,0.0,Flop,5.0,0
Dange,2024,"Action, Drama, Thriller",0,0,8,150,"T-Series, Getaway Pictures",3,https://image.tmdb.org/t/p/w500/qyR4Axt25Ayee1luJgYnY1hE4M8.jpg,hi,0.0,Flop,5.954242509439325,0
The Sabarmati Report,2024,"Drama, Thriller, Crime",0,0,8,123,"Balaji Motion Pictures, Vikir Films",11,https://image.tmdb.org/t/p/w500/ahOWjoqGkpxpmJVPmEBkSyvLPfi.jpg,hi,0.0,Flop,5.954242509439325,0
Bade Miyan Chote Miyan,2024,Action,41100000,12018000,47,164,"Pooja Entertainment, AAZ Films",4,https://image.tmdb.org/t/p/w500/ote8HmQOgmoAfqFaqVKsEdgD2q4.jpg,hi,-0.7075912408759124,Flop,6.681241237375588,-29082000
Saali Mohabbat,2024,Drama,0,0,2,108,"Jio Studios, Stage 5 Production",11,https://image.tmdb.org/t/p/w500/7VUvNkXT1HuNeA4tudFVGzFpQlo.jpg,hi,0.0,Flop,5.477121254719663,0
Do Patti,2024,"Thriller, Drama",0,0,58,128,"Blue Butterfly Films, Kathha Pictures",10,https://image.tmdb.org/t/p/w500/wbXSE68cDwqUPsHJcpdu7I5kSLK.jpg,hi,0.0,Flop,6.770852011642145,0
Sikandar Ka Muqaddar,2024,"Thriller, Crime, Mystery, Action",0,0,54,143,Friday Storytellers,11,https://image.tmdb.org/t/p/w500/eWUh4rgxtgypgnOa6uGMnUt01ux.jpg,hi,0.0,Flop,6.740362689494244,0
Article 370,2024,"Action, Thriller, Drama",2413068,13222021,39,160,"B62 Studios, Jio Studios",2,https://image.tmdb.org/t/p/w500/9VTemjHMpyxzfC3JsG2aFy8Bf9Y.jpg,hi,4.479340408144321,Hit,6.6020599913279625,10808953
Jigra,2024,"Action, Drama, Thriller",0,0,63,155,"Dharma Productions, Eternal Sunshine Productions",10,https://image.tmdb.org/t/p/w500/mhnT27mgtiMNowOhAlMWSqBoSyb.jpg,hi,0.0,Flop,6.8061799739838875,0
Night Queen,2024,Unknown,0,0,0,29,,5,https://image.tmdb.org/t/p/w500/h7mhKFhYfmPBZhNXMAtmWoOM60D.jpg,hi,0.0,Flop,5.0,0
U=Me,2024,Unknown,0,0,0,28,,4,https://image.tmdb.org/t/p/w500/mgbTx7GWOdL7OAE1H4Su6JqnJQn.jpg,hi,0.0,Flop,5.0,0
Vedaa,2024,"Action, Drama, Thriller",0,0,18,151,"JA Entertainment, Emmay Entertainment, Zee Studios",8,https://image.tmdb.org/t/p/w500/wK0p210TWMH4P3isT1bI0FVEuZ9.jpg,hi,0.0,Flop,6.278753600952829,0
Burning Butterflies,2024,"Horror, Thriller, Mystery",0,0,6,0,"HLC Studios, WFCN - World Film Communities Network",9,https://image.tmdb.org/t/p/w500/7MVwpdRprhVzxTsgaRuqNP34za2.jpg,hi,0.0,Flop,5.845098040014257,0
Murder Mubarak,2024,"Comedy, Crime, Thriller",0,0,54,142,Maddock Films,3,https://image.tmdb.org/t/p/w500/joU5VihgUvkhyPnhzxfjmWk32rd.jpg,hi,0.0,Flop,6.740362689494244,0
Thanks Mom,2024,Unknown,0,0,0,23,,5,https://image.tmdb.org/t/p/w500/wNZqEjhik0RATy9bWnDuFKnkRGX.jpg,hi,0.0,Flop,5.0,0
Auron Mein Kahan Dum Tha,2024,"Romance, Drama, Action",0,0,8,145,"Panorama Studios, Reliance Entertainment, Friday Filmworks",8,https://image.tmdb.org/t/p/w500/cKvom4C6fGIM1sOKINkBi7oCqok.jpg,hi,0.0,Flop,5.954242509439325,0
Despatch,2024,"Drama, Thriller",0,0,6,151,RSVP Movies,10,https://image.tmdb.org/t/p/w500/chn341XKezmUfGO2hdin5grCZU5.jpg,hi,0.0,Flop,5.845098040014257,0
Bad Newz,2024,"Comedy, Romance, Drama",9600000,8500000,25,140,"Dharma Productions, Leo Media Collective, Prime Video India",7,https://image.tmdb.org/t/p/w500/qDlqxGATpYBWqGciPB4tmQm3bFT.jpg,hi,-0.11458333333333333,Flop,6.414973347970818,-1100000
Wild Wild Punjab,2024,"Comedy, Adventure",0,0,22,111,LUV Films,7,https://image.tmdb.org/t/p/w500/5EpIjplAtUiFyjR6C2gYN6xPiCP.jpg,hi,0.0,Flop,6.361727836017593,0
Yodha,2024,"Action, Thriller",0,0,30,131,"Dharma Productions, Mentor Disciple Entertainment",3,https://image.tmdb.org/t/p/w500/rkCRwuWgrkGTya4vLqwFugwSqeh.jpg,hi,0.0,Flop,6.491361693834273,0
Fairy Folk,2024,"Comedy, Fantasy",0,0,1,100,"Bala Wala Cinemas, Empatheia Films",3,https://image.tmdb.org/t/p/w500/lpZuY35OmevlfFnw5UivSigQ8cO.jpg,hi,0.0,Flop,5.301029995663981,0
Maidaan,2024,Drama,20000000,0,19,181,"Zee Studios, Bayview Projects, FreshLime Films",4,https://image.tmdb.org/t/p/w500/eKbAVKQf6choCfasNWuYoSTOPBP.jpg,hi,-1.0,Flop,6.301029995663981,-20000000
Phir Aayi Hasseen Dillruba,2024,"Mystery, Thriller, Romance",0,0,48,133,"Colour Yellow Productions, T-Series",8,https://image.tmdb.org/t/p/w500/lIBjLUAAw2bzeOHBJIKiZI4QDL0.jpg,hi,0.0,Flop,6.690196080028514,0
Crakk: Jeetega... Toh Jiyegaa,2024,"Action, Thriller",0,0,9,154,Action Hero Films,2,https://image.tmdb.org/t/p/w500/tmrjo8M4rm6NhkBKk20wDSj91go.jpg,hi,0.0,Flop,6.0,0
Sarfira,2024,Drama,0,0,10,155,"Abundantia Entertainment, 2D Entertainment, Cape Of Good Films",7,https://image.tmdb.org/t/p/w500/5crEOhhGl2ORIQRZPbmZpUBK4rt.jpg,hi,0.0,Flop,6.041392685158225,0
All India Rank,2024,"Drama, Comedy",0,0,8,101,"Matchbox Shots, Clocktower Pictures & Co.",2,https://image.tmdb.org/t/p/w500/xPV6gfhmybAUg8TebT9PKlV8EkE.jpg,hi,0.0,Flop,5.954242509439325,0
Bhool Bhulaiyaa 3,2024,"Horror, Comedy",17600000,45700000,37,158,"T-Series, Cine1 Studios",11,https://image.tmdb.org/t/p/w500/3AfHD1HoaQpQwKH8kxRdBKVmzeU.jpg,hi,1.5965909090909092,Hit,6.57978359661681,28100000
Óbur,2024,Drama,0,0,1,24,,4,https://image.tmdb.org/t/p/w500/xtFvSywehcPSegPiQmrX3NStPms.jpg,hi,0.0,Flop,5.301029995663981,0
Savi,2024,"Action, Thriller",0,0,18,123,"Vishesh Films, T-Series",5,https://image.tmdb.org/t/p/w500/adI8MKbKMViJe4KACtRhKufxNiv.jpg,hi,0.0,Flop,6.278753600952829,0
CycleMahesh,2024,"Documentary, Drama",0,0,0,61,,11,https://image.tmdb.org/t/p/w500/ygVxLLcHHyAB18sV59WOkLACwe.jpg,hi,0.0,Flop,5.0,0
Khel Khel Mein,2024,"Comedy, Drama",11760000,6680000,29,135,"T-Series, Wakaoo Films, KKM Film Ltd. Production",8,https://image.tmdb.org/t/p/w500/32P0oQf41HXbENRGtu2h0rqBF2k.jpg,hi,-0.43197278911564624,Flop,6.477121254719663,-5080000
Bhakshak,2024,"Drama, Crime",0,0,35,134,Red Chillies Entertainment,2,https://image.tmdb.org/t/p/w500/2eCELoyf0l3njFKfn3oddo3JaRG.jpg,hi,0.0,Flop,6.556302500767288,0
Madgaon Express,2024,"Comedy, Drama",0,0,37,145,Excel Entertainment,3,https://image.tmdb.org/t/p/w500/kS1s8FKLWFR6cn1rlVUyqURb5os.jpg,hi,0.0,Flop,6.57978359661681,0
Sheep Barn,2024,Drama,0,0,1,134,Viable Films,12,https://image.tmdb.org/t/p/w500/cKjky725QZ457TVgkraOEhyWEKg.jpg,hi,0.0,Flop,5.301029995663981,0
The Mehta Boys,2024,"Comedy, Drama, Family",0,0,15,116,"Irani Movietone, Chalkboard Entertainment",9,https://image.tmdb.org/t/p/w500/4fDGHQLhauxRAzProug4AspfYwQ.jpg,hi,0.0,Flop,6.204119982655925,0
Ulajh,2024,"Drama, Thriller",4300000,1100000,13,134,"UPL UK, Junglee Pictures",8,https://image.tmdb.org/t/p/w500/tRTaE89m8As6G6aqgYjCBmm6MKN.jpg,hi,-0.7441860465116279,Flop,6.146128035678238,-3200000
Scammy Boys,2024,"Thriller, Action",0,0,1,0,,2,https://image.tmdb.org/t/p/w500/s8jg24AsNAagX1ZJMZd6J4fPRTv.jpg,hi,0.0,Flop,5.301029995663981,0
Silent Cycle,2024,Drama,0,0,0,21,,9,https://image.tmdb.org/t/p/w500/8FcHYlih8ulNtKBHERJhQgcemlc.jpg,hi,0.0,Flop,5.0,0
Binny and Family,2024,"Comedy, Drama, Family",0,0,1,126,"Waveband Productions, Mahaveer Jain Films, Balaji Telefilms",9,https://image.tmdb.org/t/p/w500/lXmsRFM9Ih6yLu0jsxarTyAfWH3.jpg,hi,0.0,Flop,5.301029995663981,0
Gadera,2024,"Drama, History, Thriller",0,0,0,108,,5,https://image.tmdb.org/t/p/w500/vqdfPNWgMeRAa3MA7tQ6RjOFPgB.jpg,hi,0.0,Flop,5.0,0
Beyond Ratings,2024,"Documentary, Adventure",0,0,0,37,,2,,hi,0.0,Flop,5.0,0
Merry Christmas,2024,"Drama, Mystery, Thriller",0,0,52,143,"Tips Industries, Matchbox Pictures",1,https://image.tmdb.org/t/p/w500/zF3cqcT8OlDTcKIFAoXVK1gO9qW.jpg,hi,0.0,Flop,6.724275869600789,0
Uss Raat,2024,"Crime, Thriller",0,0,1,11,,3,https://image.tmdb.org/t/p/w500/zuv8fTE5RYJtpd4554DDKSNv0y.jpg,hi,0.0,Flop,5.301029995663981,0
Bardovi,2024,"Horror, Drama, Thriller",0,0,1,117,Satori Entertainment,8,https://image.tmdb.org/t/p/w500/ezko33W72peI6ek6LYYo43DFwb0.jpg,hi,0.0,Flop,5.301029995663981,0
Bhaiyya Ji,2024,"Action, Drama",0,0,5,135,"Bhanushali Studios, Aurega Studios, SSO Productions",5,https://image.tmdb.org/t/p/w500/nEMp5Nidr97gpuBlyEh1TMCmRaz.jpg,hi,0.0,Flop,5.778151250383644,0
Luv You Shankar,2024,"Animation, Family, Fantasy",940000,0,0,117,"Jumping Tomato Marketing Pvt. Ltd., SD World Film Production",4,https://image.tmdb.org/t/p/w500/1526J8qCvVi71SIzHIk1GSXU9Wh.jpg,hi,-1.0,Flop,5.0,-940000
Sadabahar,2024,Drama,0,0,0,98,Endemol Shine India,12,https://image.tmdb.org/t/p/w500/1JP14i2n2Evp3tlBz1wYL1NSnHs.jpg,hi,0.0,Flop,5.0,0
Amar Singh Chamkila,2024,"Drama, Music",0,0,27,146,"Reliance Entertainment, Select Media Holdings- Moving Pictures, Saregama Productions, Window Seat Films",4,https://image.tmdb.org/t/p/w500/t9wSGgaPfbGUBBlne7xw8GaArvu.jpg,hi,0.0,Flop,6.447158031342219,0
The Dress,2024,Drama,0,0,0,4,Hope Productions,12,,hi,0.0,Flop,5.0,0
Chhota Bheem and the Curse of Damyaan,2024,"Action, Adventure, Fantasy, Comedy, Family",0,0,0,145,Green Gold Pictures,5,https://image.tmdb.org/t/p/w500/vfevWnj94IWCIlSBGEPqbDeP66a.jpg,hi,0.0,Flop,5.0,0
I Want to Talk,2024,"Drama, Family",0,0,6,123,"Rising Sun Films, Kino Works",11,https://image.tmdb.org/t/p/w500/rqzv36dIy15ZdJvud02mYKKCRyT.jpg,hi,0.0,Flop,5.845098040014257,0
Visfot,2024,"Thriller, Crime",0,0,2,131,"T-Series, White Feather Films",9,https://image.tmdb.org/t/p/w500/2ObcZd32LJwfnOiWVTo1V3uTtSP.jpg,hi,0.0,Flop,5.477121254719663,0
Hamare Baarah,2024,Drama,1200000,0,0,148,"Radhika G Films, Newtech Media Entertainment",6,https://image.tmdb.org/t/p/w500/ey2CKXPkTDMUv5VeltHCc4rrDeZ.jpg,hi,-1.0,Flop,5.0,-1200000
Bastar: The Naxal Story,2024,"Action, Crime, Drama, War",0,0,5,119,"Sunshine Pictures, Last Monk Media",3,https://image.tmdb.org/t/p/w500/N6yYSmGHnT38plOCaadlVcQH02.jpg,hi,0.0,Flop,5.778151250383644,0
Vanvaas,2024,Drama,0,0,5,160,"Anil Sharma Productions, Zee Studios",12,https://image.tmdb.org/t/p/w500/rMFHWTeMeBB6xr6eIfoWfsqzito.jpg,hi,0.0,Flop,5.778151250383644,0
Thursday Special,2024,"Family, Drama",0,0,0,26,Aam aur Aangan Films,7,https://image.tmdb.org/t/p/w500/hGmckXPs02SCmlJnBvJi9V1WPVq.jpg,hi,0.0,Flop,5.0,0
Chanchal Haseena,2024,Romance,0,0,0,98,,8,https://image.tmdb.org/t/p/w500/gmNomUR5bCI7fQ6rvQo8OKv6CW1.jpg,hi,0.0,Flop,5.0,0
Yudhra,2024,"Action, Thriller",0,0,4,142,Excel Entertainment,9,https://image.tmdb.org/t/p/w500/cwmVHD41mGDQyPyCAsR8x6aMGc2.jpg,hi,0.0,Flop,5.698970004336019,0
Amar Prem Ki Prem Kahani,2024,"Romance, Comedy, Drama",0,0,2,118,"Hardik Gajjar Films, Jio Studios, Backbencher Pictures",10,https://image.tmdb.org/t/p/w500/3CasKHr8RtkbIwK2FkYmQGlQbap.jpg,hi,0.0,Flop,5.477121254719663,0
Vijay 69,2024,"Drama, Comedy",0,0,27,112,"Yash Raj Films, YRF Entertainment",11,https://image.tmdb.org/t/p/w500/tSQzRaYyKEjM8gEyhqayU4rhbdU.jpg,hi,0.0,Flop,6.447158031342219,0
Planchette,2024,"Horror, Mystery",0,0,0,81,Pomy Films,12,https://image.tmdb.org/t/p/w500/sZULMznsiVcKDlsRUJDdxUkVwgV.jpg,hi,0.0,Flop,5.0,0
Ghudchadi,2024,"Drama, Romance",0,0,2,114,"T-Series, Keep Dreaming Pictures",8,https://image.tmdb.org/t/p/w500/eExcwj19vMOCMopBY8GhWzyqg6j.jpg,hi,0.0,Flop,5.477121254719663,0
Benaam Rishta,2024,Drama,0,0,0,91,"Canopy Entertainment, Eternal Flame Productions",12,https://image.tmdb.org/t/p/w500/6UyBEm7Ma28EQYrTPtaRjfeyRu7.jpg,hi,0.0,Flop,5.0,0
"LSD 2: Love, Sex aur Dhokha 2",2024,"Drama, Comedy, Crime",0,59831,6,119,"Cult Movies, Balaji Motion Pictures, Dibakar Banerjee Productions",4,https://image.tmdb.org/t/p/w500/ywUtbLJngSqykpxiIHIqJNA06EX.jpg,hi,0.0,Flop,5.845098040014257,59831
The Blue Bicycle,2024,Drama,0,0,0,22,Satyajit Ray Film and Television Institute,11,https://image.tmdb.org/t/p/w500/atHtRMO5sEKgKMdSAr46l0zFJ2m.jpg,hi,0.0,Flop,5.0,0
Agni,2024,"Action, Adventure",0,0,7,122,Excel Entertainment,12,https://image.tmdb.org/t/p/w500/zx3UOe5rZ7uH5lMs3JxEMU0nNXB.jpg,hi,0.0,Flop,5.903089986991944,0
2bhk,2024,"Drama, Comedy",200,0,0,29,The Yellow Orange,1,https://image.tmdb.org/t/p/w500/6A73LwaPxZ5u2Tr6bCiPch0hBge.jpg,hi,-1.0,Flop,5.0,-200
Ruslaan,2024,Action,0,0,2,140,"NH Studioz, Sri Sathya Sai Arts",4,https://image.tmdb.org/t/p/w500/Wlxn5NCIcXeLrSn79wAtyFr2BD.jpg,hi,0.0,Flop,5.477121254719663,0
Ahmiyat,2024,Unknown,0,0,0,0,,3,,hi,0.0,Flop,5.0,0
Dashmi,2024,"Drama, Thriller",0,0,0,0,3S Pictures,2,https://image.tmdb.org/t/p/w500/jMyD3RjhzEKVgGaG860Y4AAP1QJ.jpg,hi,0.0,Flop,5.0,0
Dhurandhar,2025,"Action, Crime, Thriller",22500000,160000000,197,212,"B62 Studios, Jio Studios",12,https://image.tmdb.org/t/p/w500/8FHOtUpNIk5ZPEay2N2EY5lrxkv.jpg,hi,6.111111111111111,Hit,7.296665190261531,137500000
Sitaare Zameen Par,2025,"Comedy, Drama",0,3532430,35,155,Aamir Khan Productions,6,https://image.tmdb.org/t/p/w500/adYjCJGSNiL7CIaDW3g0Bcg7r2Z.jpg,hi,0.0,Flop,6.556302500767288,3532430
War 2,2025,"Action, Adventure, Thriller",47000000,3096145,53,173,Yash Raj Films,8,https://image.tmdb.org/t/p/w500/fxxVbjhIOl8ZPS69dH8xeeuxvmh.jpg,hi,-0.9341245744680851,Flop,6.732393759822969,-43903855
Agra,2025,Drama,0,0,0,115,"Yoodlee Films, Saregama Productions, Les Films Hatari, UFO Production",11,https://image.tmdb.org/t/p/w500/biX8D3kSh4HuZzf1r0ynRgaEJte.jpg,hi,0.0,Flop,5.0,0
Rambo,2025,Action,0,0,0,0,"Impact Films, Siddharth Anand Pictures, M! Capital Ventures, Original Entertainment",1,https://image.tmdb.org/t/p/w500/9YtiecEbDSx4MEt2HUS2fKcJ9Dq.jpg,hi,0.0,Flop,5.0,0
Chhaava,2025,"History, Action, Drama",15800000,94988235,50,161,Maddock Films,2,https://image.tmdb.org/t/p/w500/ubRsrzb6NRW8YhVTJ6jG1kpNvCi.jpg,hi,5.011913607594937,Hit,6.707570176097937,79188235
Tere Ishk Mein,2025,"Romance, Drama",9505286,0,10,169,"Colour Yellow Productions, T-Series",11,https://image.tmdb.org/t/p/w500/7FsHlW9z7gDhDE4EXAE2WcXUVQj.jpg,hi,-1.0,Flop,6.041392685158225,-9505286
Ghich Pich,2025,"Drama, Family, Comedy",0,0,0,94,Barsaati Films,8,https://image.tmdb.org/t/p/w500/zQiAoLfGxD3XYlQ4xULS7RN70RA.jpg,hi,0.0,Flop,5.0,0
Maa,2025,Horror,0,282403,57,133,"Jio Studios, Ajay Devgn FFilms",6,https://image.tmdb.org/t/p/w500/kc5n7LJUmvBsVxzAla1ONN8kouP.jpg,hi,0.0,Flop,6.763427993562937,282403
Tu Meri Main Tera Main Tera Tu Meri,2025,"Romance, Comedy",0,0,4,144,"Dharma Productions, Namah Pictures",12,https://image.tmdb.org/t/p/w500/uLO7ByOKZbRmA4r9ONEHWHZ6HIX.jpg,hi,0.0,Flop,5.698970004336019,0
Baramulla,2025,Horror,0,0,41,120,"B62 Studios, Jio Studios",11,https://image.tmdb.org/t/p/w500/xm5ER19nTk7iuWFaiNRUYe3Zlz.jpg,hi,0.0,Flop,6.623249290397901,0
Jaat,2025,"Crime, Action, Thriller",11764705,12117647,30,153,"Mythri Movie Makers, People Media Factory, Zee Studios",4,https://image.tmdb.org/t/p/w500/guTflsCTgLNqTbpHTi9gJANk1Rf.jpg,hi,0.03000007225000542,Average,6.491361693834273,352942
Jewel Thief - The Heist Begins,2025,"Action, Thriller",0,0,83,118,Marflix Pictures,4,https://image.tmdb.org/t/p/w500/eujLbO0kf1eqWC8XpHUJdtAVW2J.jpg,hi,0.0,Flop,6.924279286061882,0
Deva,2025,"Action, Thriller, Mystery, Crime",5882000,6705000,59,155,"Zee Studios, Roy Kapur Films",1,https://image.tmdb.org/t/p/w500/2JthNUcRU89h9M6k3yQxLkACEJQ.jpg,hi,0.1399183951037062,Average,6.778151250383644,823000
Be Happy,2025,"Drama, Music, Family",0,0,22,129,"Karishma Internationals, Remo D'Souza Entertainment, Amazon MGM Studios",3,https://image.tmdb.org/t/p/w500/6bvW47MtJKo2ipPYJ2xDvdf4zbz.jpg,hi,0.0,Flop,6.361727836017593,0
The Last Ride,2025,"Crime, Drama, Horror",0,0,0,23,"Flip Films, Plexus Motion Pictures, Navaras Pictures",7,https://image.tmdb.org/t/p/w500/8cww6EM2bwdq59gGQXj2xdEMiWb.jpg,hi,0.0,Flop,5.0,0
Baaghi 4,2025,"Action, Romance, Thriller",8733004,500145,16,156,Nadiadwala Grandson Entertainment,9,https://image.tmdb.org/t/p/w500/u2YEFW5o2Y7RAw2K4hSA4TEXF3Q.jpg,hi,-0.9427293288769821,Flop,6.230448921378274,-8232859
Sikandar,2025,"Action, Drama",23500000,24727058,65,133,"Nadiadwala Grandson Entertainment, Salman Khan Films, Pen Studios",3,https://image.tmdb.org/t/p/w500/41s42CRXafa3OuRGvCtfYPEBmse.jpg,hi,0.05221523404255319,Average,6.819543935541869,1227058
Zewel,2025,"Action, Comedy",0,0,0,0,"Luminary Pictures, Oddjoint, Chorki, Footprint Media Entertainment",3,https://image.tmdb.org/t/p/w500/6q0G1Q0WADGtFKYkVDg0REzvVFZ.jpg,hi,0.0,Flop,5.0,0
The Diplomat,2025,"Thriller, Drama",2352000,6230000,36,132,"T-Series, Wakaoo Films, Fortune Pictures LLP, Seeta Films, JA Entertainment",3,https://image.tmdb.org/t/p/w500/uwl9Y4px8TTIQK4N19k6gnW1RnX.jpg,hi,1.6488095238095237,Hit,6.568201724066995,3878000
Zameer,2025,"Drama, Thriller",0,0,0,17,,1,https://image.tmdb.org/t/p/w500/ltPKEj2iRexMBFFUuFix59nM5Ss.jpg,hi,0.0,Flop,5.0,0
2020 Delhi,2025,"Thriller, Drama",0,0,1,135,,11,https://image.tmdb.org/t/p/w500/y8TXtIXg2qkZ3uHipRu9O6s9EKQ.jpg,hi,0.0,Flop,5.301029995663981,0
Tehran,2025,"Action, Thriller",0,0,14,116,"Maddock Films, Bake My Cake Films",8,https://image.tmdb.org/t/p/w500/gbz9Y1NwnlE2GxXmgWTKZC1fste.jpg,hi,0.0,Flop,6.176091259055681,0
Raat Akeli Hai - The Bansal Murders,2025,"Thriller, Mystery, Crime, Drama",0,0,20,136,"MacGuffin Pictures, RSVP Movies",12,https://image.tmdb.org/t/p/w500/nBhae2KNhk0R6cvVppoCo389gs6.jpg,hi,0.0,Flop,6.3222192947339195,0
Stream-Story,2025,Documentary,0,0,0,32,,3,https://image.tmdb.org/t/p/w500/mmwy2nvwdnUb19JzA6biVfY9rOV.jpg,hi,0.0,Flop,5.0,0
Mastiii 4,2025,Comedy,0,0,10,142,"Waveband Productions, Zee Studios, Maruti International, Balaji Motion Pictures",11,https://image.tmdb.org/t/p/w500/99rpDOk540UDaCMlJSonpSvQCPm.jpg,hi,0.0,Flop,6.041392685158225,0
Housefull 5,2025,"Comedy, Mystery, Thriller",28000000,30000000,38,163,"Nadiadwala Grandson Entertainment, Pen Studios, Apple & Burberry Pictures",6,https://image.tmdb.org/t/p/w500/iGvGkVOfsooO0ZBrhN5i6zXYUCy.jpg,hi,0.07142857142857142,Average,6.5910646070264995,2000000
Ek Deewane Ki Deewaniyat,2025,"Romance, Drama, Thriller",0,0,19,141,Desi Music Factory,10,https://image.tmdb.org/t/p/w500/eQGzsELM0n6FOngNRGEIx9nqDwV.jpg,hi,0.0,Flop,6.301029995663981,0
Kaal Trighori,2025,"Thriller, Horror",0,0,0,159,NAVIN PRODUCTIONS LLP - RAJKOT,11,https://image.tmdb.org/t/p/w500/bFwWxy1e6FGIoEAh3z4Y7KKwMmT.jpg,hi,0.0,Flop,5.0,0
Emergency,2025,"Drama, History, War",0,0,6,147,"Manikarnika Films, Zee Studios",1,https://image.tmdb.org/t/p/w500/yp5eg70g6LaZoBiApOv9oerzvvX.jpg,hi,0.0,Flop,5.845098040014257,0
Boong,2025,Drama,0,0,2,94,"Excel Entertainment, Chalkboard Entertainment, Suitable Pictures",9,https://image.tmdb.org/t/p/w500/cWApyVKSEQkpLDxBpU5XrfCoUB1.jpg,hi,0.0,Flop,5.477121254719663,0
Logout,2025,Thriller,0,0,9,109,"Viacom18 Studios, Posham Pa Pictures",4,https://image.tmdb.org/t/p/w500/iBM6DqjVbuY5y44d96mb9QVcAqr.jpg,hi,0.0,Flop,6.0,0
Controll,2025,"Action, Thriller",0,0,0,116,,10,https://image.tmdb.org/t/p/w500/x4D59ZzGcaROt2ZGtSNCsvslM8F.jpg,hi,0.0,Flop,5.0,0
Mission Muh Dikhayi,2025,"Family, Comedy, Drama",0,0,0,53,"Titahari Entertainment, The Asstag",8,https://image.tmdb.org/t/p/w500/rBj6eVi2QMnXr89Nn1meFX51V4r.jpg,hi,0.0,Flop,5.0,0
Small Clouds,2025,Drama,14000,0,0,24,Film and Television Institute of India,11,https://image.tmdb.org/t/p/w500/AqrMEOuLlrEc9UBJxoIH14MAp7A.jpg,hi,-1.0,Flop,5.0,-14000
Baida,2025,"Adventure, Science Fiction, Thriller",0,0,1,110,"Kahanikaar Sudhanshu Rai Creation, Saints Art I",3,https://image.tmdb.org/t/p/w500/op8Edzg2xHeGiprxJDFUt1OdJfh.jpg,hi,0.0,Flop,5.301029995663981,0
Rangbaaz: The Bihar Chapter,2025,"Action, Crime",0,0,0,146,Jar Pictures,10,https://image.tmdb.org/t/p/w500/quV0VvQ2y78PeQvUMLgXGof8gNF.jpg,hi,0.0,Flop,5.0,0
De De Pyaar De 2,2025,"Comedy, Romance",0,0,10,146,"T-Series, LUV Films",11,https://image.tmdb.org/t/p/w500/g3J7r2t3L9HEgyWMX0Fki04Swtu.jpg,hi,0.0,Flop,6.041392685158225,0
Homebound,2025,Drama,0,0,32,122,"Dharma Productions, Sikelia Productions, Quercus Productions",9,https://image.tmdb.org/t/p/w500/vyezjSvSdLO0bvr6jSNuFi6yuiw.jpg,hi,0.0,Flop,6.518513939877888,0
Gana,2025,Action,0,0,0,141,,1,https://image.tmdb.org/t/p/w500/uTxogEhWidL7sFk3JMiBxJgErl8.jpg,hi,0.0,Flop,5.0,0
Kis Kisko Pyaar Karoon 2,2025,"Comedy, Romance, Drama",0,0,5,142,"Venus Worldwide Entertainment Pvt Ltd, Abbas Mustan Film Productions Pvt Ltd, Star Studios",12,https://image.tmdb.org/t/p/w500/sqCgEMxOKvb949xbxn35Wcfn50S.jpg,hi,0.0,Flop,5.778151250383644,0
Gustaakh Ishq,2025,"Romance, Drama",0,0,2,128,Stage 5 Production,11,https://image.tmdb.org/t/p/w500/eEl28LCW1DsXTRhmdlo2vjuaP5X.jpg,hi,0.0,Flop,5.477121254719663,0
Fateh,2025,"Action, Crime, Thriller",2940000,2241176,15,131,"Zee Studios, Shakti Sagar Productions",1,https://image.tmdb.org/t/p/w500/cw8DitAELYtWSD1P8yd0hzufVHj.jpg,hi,-0.2376952380952381,Flop,6.204119982655925,-698824
Mahavatar Narsimha,2025,"Animation, Action, Fantasy, Drama",4700000,36000000,35,131,"Hombale Films, Kleem Productions",7,https://image.tmdb.org/t/p/w500/uGTF87VyfjtwwqRlT2apQg5YnEp.jpg,hi,6.659574468085107,Hit,6.556302500767288,31300000
Dhoom Dhaam,2025,Comedy,0,0,71,109,"B62 Studios, Jio Studios",2,https://image.tmdb.org/t/p/w500/2E7me3rPi8HqaeheuD86YlpNX6k.jpg,hi,0.0,Flop,6.857332496431269,0
Nadaaniyan,2025,"Romance, Comedy, Drama",0,0,53,119,Dharmatic Entertainment,3,https://image.tmdb.org/t/p/w500/vQsGkLx68lmAdGwNapaaq3qqwKn.jpg,hi,0.0,Flop,6.732393759822969,0
Raid 2,2025,"Crime, Drama, Thriller",0,0,40,139,"T-Series, Panorama Studios",5,https://image.tmdb.org/t/p/w500/562SAxZP1sLuYqDDTuODu3hdGyx.jpg,hi,0.0,Flop,6.6127838567197355,0
Superboys of Malegaon,2025,"Comedy, Drama",0,0,39,130,"Excel Entertainment, Tiger Baby",2,https://image.tmdb.org/t/p/w500/kLMLaZa0Mu4BqPhA2eYbduFjcD0.jpg,hi,0.0,Flop,6.6020599913279625,0
The Promise,2025,Romance,0,0,2,11,,3,https://image.tmdb.org/t/p/w500/pr3vXkxoU4CRD6RBVIGntMBQMuK.jpg,hi,0.0,Flop,5.477121254719663,0
The Bengal Files,2025,"Drama, History, Thriller",0,0,6,205,"Abhishek Agarwal Arts, I am Buddha Production",9,https://image.tmdb.org/t/p/w500/3gbZh1S735CLz7NwFRb7bycUWkP.jpg,hi,0.0,Flop,5.845098040014257,0
Bhool Chuk Maaf,2025,"Comedy, Romance, Science Fiction",0,10154307,27,121,"Maddock Films, Amazon MGM Studios, Pen Studios",5,https://image.tmdb.org/t/p/w500/plWzFq6eVXOm8vpgJG0xUGmifHS.jpg,hi,0.0,Flop,6.447158031342219,10154307
Badass Ravi Kumar,2025,"Action, Music, Comedy",0,0,5,142,Himesh Reshammiya Melodies,2,https://image.tmdb.org/t/p/w500/kqdb3ffSsyRlRjddG0XPpssy5ok.jpg,hi,0.0,Flop,5.778151250383644,0
The Shameless,2025,"Drama, Romance",0,0,4,115,"Akka Films, Urban Factory, Klas Film, House on Fire, TPHQ",5,https://image.tmdb.org/t/p/w500/xloC1n0g4a07V0J2rJJRFDSySsO.jpg,hi,0.0,Flop,5.698970004336019,0
Akshardham: Operation Vajra Shakti,2025,"Action, Drama",0,0,1,106,Contiloe Pictures,7,https://image.tmdb.org/t/p/w500/ckghAN8FuYY2icUyJjVkKXiBrek.jpg,hi,0.0,Flop,5.301029995663981,0
Dhadak 2,2025,"Romance, Drama",0,0,14,146,"Dharma Productions, Zee Studios, Cloud 9 Pictures",8,https://image.tmdb.org/t/p/w500/1XoyvBhNNdDlN5HKxWEAzhIOYSU.jpg,hi,0.0,Flop,6.176091259055681,0
Azaad,2025,"Drama, Action",9400000,1078000,11,147,"RSVP Movies, Guy in the Sky Pictures",1,https://image.tmdb.org/t/p/w500/yWFpiJcUJfXRbm3om48kNJ0MU7A.jpg,hi,-0.8853191489361703,Flop,6.079181246047625,-8322000
Inspector Zende,2025,"Comedy, Drama, Thriller",0,0,15,112,"Retrophiles, Northern Lights Films",9,https://image.tmdb.org/t/p/w500/dHGtwfVfY502veuMojfAkNbIBO9.jpg,hi,0.0,Flop,6.204119982655925,0
Son of Sardaar 2,2025,"Comedy, Drama",0,303356,8,145,"Jio Studios, Ajay Devgn FFilms",8,https://image.tmdb.org/t/p/w500/k47tmhqiUsmD6UoyoimHVQAjHx9.jpg,hi,0.0,Flop,5.954242509439325,303356
Aap Jaisa Koi,2025,"Romance, Comedy",0,0,21,115,Dharmatic Entertainment,7,https://image.tmdb.org/t/p/w500/qusjoDePti9etsaq9DgyYSj2Sq8.jpg,hi,0.0,Flop,6.342422680822207,0
Sitaaron Ke Sitaare,2025,Documentary,0,0,0,98,Aamir Khan Productions,12,https://image.tmdb.org/t/p/w500/6q6mSdVVX3EvzTLTKyeSdLUCx4x.jpg,hi,0.0,Flop,5.0,0
Maalik,2025,"Action, Thriller, Crime, Drama",0,0,11,152,"Tips Industries, Northern Lights Films",7,https://image.tmdb.org/t/p/w500/etb6zsDB8SmIWBKXIUI2U73gfUH.jpg,hi,0.0,Flop,6.079181246047625,0
Abir Gulaal,2025,"Romance, Comedy",0,0,1,133,"India Stories, A Richer Lens, Aarjay Pictures",9,https://image.tmdb.org/t/p/w500/szDO8AXKZnIqJJxvBXiVcoXuhmy.jpg,hi,0.0,Flop,5.301029995663981,0
Metro... In Dino,2025,"Drama, Romance, Comedy",0,0,16,159,"T-Series, Anurag Basu Productions",7,https://image.tmdb.org/t/p/w500/AlmzM8CNm2fRJQW2iA9Ittwv0ig.jpg,hi,0.0,Flop,6.230448921378274,0
Param Sundari,2025,"Romance, Drama, Comedy",0,0,16,136,Maddock Films,8,https://image.tmdb.org/t/p/w500/4r19exCk9XPSqwVoCgBdpS7Dw8b.jpg,hi,0.0,Flop,6.230448921378274,0
Vyarth,2025,Drama,0,0,0,20,,7,https://image.tmdb.org/t/p/w500/iVo5UhLyEtGTJOq2wk8m5N5apK8.jpg,hi,0.0,Flop,5.0,0
Sunny Sanskari Ki Tulsi Kumari,2025,"Romance, Comedy, Family",0,0,15,136,"Dharma Productions, Mentor Disciple Entertainment",10,https://image.tmdb.org/t/p/w500/h3lncTnK86R8XylpXgpe0JfU1wm.jpg,hi,0.0,Flop,6.204119982655925,0
120 Bahadur,2025,"Action, War",0,114872,7,137,"Excel Entertainment, Trigger Happy Studios",11,https://image.tmdb.org/t/p/w500/fdxf02vUous6fty6O4nollyuo4m.jpg,hi,0.0,Flop,5.903089986991944,114872
Soulmates,2025,"Romance, Comedy, Drama",0,0,1,104,Tips Industries,10,https://image.tmdb.org/t/p/w500/3nDCYVmxFpQ1MAbdcn61x75m1xw.jpg,hi,0.0,Flop,5.301029995663981,0
55,2025,Thriller,0,0,5,0,"Scott Free Productions, FilmSharks International",7,https://image.tmdb.org/t/p/w500/8Zig074jWJXLxAjgmNcKpgoPOJ7.jpg,hi,0.0,Flop,5.778151250383644,0
Nishaanchi 2,2025,"Drama, Crime",0,0,3,146,"Jar Pictures, Flip Films",11,https://image.tmdb.org/t/p/w500/xUayFrF27SdDZYlKQBUlqxUOxcB.jpg,hi,0.0,Flop,5.6020599913279625,0
The Bhootnii,2025,"Comedy, Horror, Romance",0,0,2,130,"Soham Rockstar Entertainment, Three Dimension Pictures",5,https://image.tmdb.org/t/p/w500/7hY958sJ5xfXSBS3hiBtMxpOqRK.jpg,hi,0.0,Flop,5.477121254719663,0
Nishaanchi,2025,"Crime, Drama",0,0,7,176,"Flip Films, Jar Pictures, Amazon MGM Studios",9,https://image.tmdb.org/t/p/w500/aDI8pTr7QDs1QnDKCKsAoEampZj.jpg,hi,0.0,Flop,5.903089986991944,0
Kesari Chapter 2: The Untold Story of Jallianwala Bagh,2025,"Drama, History",0,0,25,135,"Prudent Village, Cape Of Good Films, Leo Media Collective, Dharma Productions",4,https://image.tmdb.org/t/p/w500/jgGSqe1YgSot6Y1zDVTVkbsZ46z.jpg,hi,0.0,Flop,6.414973347970818,0
Dear Men,2025,Drama,0,0,0,23,Starfish Productions,7,https://image.tmdb.org/t/p/w500/89VYh5kbgO0AAn6YyOdzCilvXNn.jpg,hi,0.0,Flop,5.0,0
Prishati,2025,Drama,0,0,0,0,"Rytcliq Productions, Dr Brand Studio",2,https://image.tmdb.org/t/p/w500/979fg6iuSk4T1FnjbFPlvGHQWNg.jpg,hi,0.0,Flop,5.0,0
ESWY,2025,"Music, Romance, Comedy, Action",0,0,0,8,,5,https://image.tmdb.org/t/p/w500/rDJiZb0ECDOLW07LDXKPnLq24yW.jpg,hi,0.0,Flop,5.0,0
Crazxy,2025,Thriller,0,0,20,94,Sohum Shah FIlms,2,https://image.tmdb.org/t/p/w500/nWxEtbryAPP7gI0TtNYejoAUJlr.jpg,hi,0.0,Flop,6.3222192947339195,0
Zora,2025,"Drama, Mystery, Thriller",0,0,1,125,,8,https://image.tmdb.org/t/p/w500/15tO9pmJyoEIlujET8mc1Xf5fy8.jpg,hi,0.0,Flop,5.301029995663981,0
Champaran Mutton,2025,Unknown,0,0,0,24,,3,,hi,0.0,Flop,5.0,0
Mere Husband Ki Biwi,2025,Comedy,0,0,8,142,Pooja Entertainment,2,https://image.tmdb.org/t/p/w500/fQMBYG4JOD6WN8QzViPYqxuIsru.jpg,hi,0.0,Flop,5.954242509439325,0
The Fable,2025,"Drama, Fantasy, Mystery",0,0,2,119,"Maxmedia, Prspctvs Productions, Sikhya Entertainment",9,https://image.tmdb.org/t/p/w500/xpFx3aG0CpK3CMo62BuUlqu5ySD.jpg,hi,0.0,Flop,5.477121254719663,0
Automagic,2025,"Drama, Comedy",0,0,0,13,"Dolce Vita Films, NIV Art Movies, Daryanoor Productions (KW)",2,https://image.tmdb.org/t/p/w500/yx8f0sEDSSYxdmXFPLb7XW7tQrT.jpg,hi,0.0,Flop,5.0,0
Dilli Dark,2025,Drama,0,0,0,100,Reeligion Films,5,https://image.tmdb.org/t/p/w500/6ZVoH0I3nU0Yoqi8hbCQAXQobvU.jpg,hi,0.0,Flop,5.0,0
Aankhon Ki Gustaakhiyan,2025,"Drama, Romance",0,0,4,141,"Mini Films, Zee Studios, Open Window",7,https://image.tmdb.org/t/p/w500/bH4aCEYqF6JMAlfulFmmG0pSN8.jpg,hi,0.0,Flop,5.698970004336019,0
Sarzameen,2025,"Drama, Thriller, Action, Mystery",0,0,6,137,"Dharma Productions, Star Studios",7,https://image.tmdb.org/t/p/w500/xiO5hTN7X4764Bi0eqXSGUltSbA.jpg,hi,0.0,Flop,5.845098040014257,0
KRISHNA ARJUN,2025,"Drama, Crime",0,0,0,134,,3,https://image.tmdb.org/t/p/w500/oigf5Sxfi5uh3vsU81HtbIeW8BN.jpg,hi,0.0,Flop,5.0,0
Rasa,2025,Unknown,0,0,0,133,,7,https://image.tmdb.org/t/p/w500/vAIlcj8rwknQyRKlAIhQk4jMK3w.jpg,hi,0.0,Flop,5.0,0
Nikita Roy,2025,"Mystery, Horror",0,0,3,112,"Nicky Vicky Bhagnani Films, Kratos Entertainment, Nikita Pai Films Ltd.",7,https://image.tmdb.org/t/p/w500/aFJQSWies9Qw2NwBORneBCgFlG3.jpg,hi,0.0,Flop,5.6020599913279625,0
Loveyapa,2025,"Comedy, Drama, Romance",0,0,7,137,"AGS Entertainment, Phantom Films, Zee Studios",2,https://image.tmdb.org/t/p/w500/ohHiDAwaOo6R1ovMgmUhrBuvknU.jpg,hi,0.0,Flop,5.903089986991944,0
Ek Chatur Naar,2025,"Drama, Comedy, Crime",0,0,6,134,"Merry Go Round Studios, T-Series",9,https://image.tmdb.org/t/p/w500/apMb2Oz9uvqA19dawmeglKM7THX.jpg,hi,0.0,Flop,5.845098040014257,0
Sarhadein,2025,"Family, Drama, Romance",35000,0,0,50,"2023, Capital Films",8,https://image.tmdb.org/t/p/w500/2ZoTASuaGS8abb8jbVO03RlkFXC.jpg,hi,-1.0,Flop,5.0,-35000
Hearth and Home,2025,Drama,0,0,0,123,Alpana Theatre,10,https://image.tmdb.org/t/p/w500/pRWF96GgztWUQpBSThnUBKOUPWR.jpg,hi,0.0,Flop,5.0,0
Ground Zero,2025,"Action, Thriller, War",0,0,8,137,"Excel Entertainment, Talisman Films",4,https://image.tmdb.org/t/p/w500/x5YK8MkjL1vVsXxnGWifEOK2tJl.jpg,hi,0.0,Flop,5.954242509439325,0
